[2024-09-21 10:19:08.596]: entering -- org.netbeans.installer.Installer.main():61
[2024-09-21 10:19:08.757]: initializing the installer engine
[2024-09-21 10:19:08.757]:     entering -- org.netbeans.installer.Installer.<init>():96
[2024-09-21 10:19:08.757]:     ... initializing ErrorHandler
[2024-09-21 10:19:08.832]:     ... end of ErrorHandler initialization
[2024-09-21 10:19:08.832]:     exiting -- org.netbeans.installer.Installer.<init>():96
[2024-09-21 10:19:08.832]:     entering -- org.netbeans.installer.Installer.<init>():97
[2024-09-21 10:19:08.832]:     dumping target system information
[2024-09-21 10:19:08.832]:         system properties:
[2024-09-21 10:19:09.325]:             awt.toolkit => sun.awt.windows.WToolkit
[2024-09-21 10:19:09.325]:             file.encoding => Cp1252
[2024-09-21 10:19:09.325]:             file.separator => \
[2024-09-21 10:19:09.325]:             java.awt.graphicsenv => sun.awt.Win32GraphicsEnvironment
[2024-09-21 10:19:09.325]:             java.awt.printerjob => sun.awt.windows.WPrinterJob
[2024-09-21 10:19:09.325]:             java.class.path => C:\Users\monal\AppData\Local\Temp\\NBI82164.tmp\bundle.jar
[2024-09-21 10:19:09.325]:             java.class.version => 55.0
[2024-09-21 10:19:09.325]:             java.home => C:\Program Files\Java\jdk-11
[2024-09-21 10:19:09.325]:             java.io.tmpdir => C:\Users\monal\AppData\Local\Temp\
[2024-09-21 10:19:09.325]:             java.library.path => C:\Program Files\Java\jdk-11\bin;C:\Windows\Sun\Java\bin;C:\Windows\system32;C:\Windows;C:\Program Files\Common Files\Oracle\Java\javapath;C:\Users\monal\Downloads\node-v20.15.1-x64.msi;C:\Windows\System32\Wbem;C:\Windows\System32\WindowsPowerShell\v1.0\;C:\Windows\System32\OpenSSH\;C:\Program Files\Git\cmd;C:\Users\monal\Downloads\node-v20.15.1-x64 (1).msi;C:\Program Files\nodejs\;C:\Program Files\MySQL\MySQL Server 5.5\bin;C:\Program Files\MySQL\MySQL Server 8.0\bin;C:\Program Files\MySQL\MySQL Shell 8.0\bin;C:\Users\monal\Downloads\jdk-22_windows-x64_bin\jdk-22.0.2\bin;C:\Program Files\Java\jdk-17\bin;C:\Program Files\Java\jdk-17\bin;C:\Users\monal\Downloads\jdk-22_windows-x64_bin\jdk-22.0.2\bin;C:\Users\monal\Downloads\jdk-22_windows-x64_bin\jdk-22.0.2\bin;;C:\Program Files\Java\jdk-11\bin;C:\Program Files\MySQL\MySQL Shell 8.0\bin\;C:\Users\monal\AppData\Local\Microsoft\WindowsApps;C:\Users\monal\AppData\Local\Programs\Microsoft VS Code\bin;C:\Users\monal\AppData\Local\GitHubDesktop\bin;C:\Users\monal\AppData\Local\Microsoft\WinGet\Packages\Schniz.fnm_Microsoft.Winget.Source_8wekyb3d8bbwe;C:\Users\monal\AppData\Roaming\npm;.
[2024-09-21 10:19:09.325]:             java.runtime.name => Java(TM) SE Runtime Environment
[2024-09-21 10:19:09.325]:             java.runtime.version => 11.0.24+7-LTS-271
[2024-09-21 10:19:09.325]:             java.specification.maintenance.version => 2
[2024-09-21 10:19:09.325]:             java.specification.name => Java Platform API Specification
[2024-09-21 10:19:09.325]:             java.specification.vendor => Oracle Corporation
[2024-09-21 10:19:09.326]:             java.specification.version => 11
[2024-09-21 10:19:09.326]:             java.vendor => Oracle Corporation
[2024-09-21 10:19:09.326]:             java.vendor.url => https://openjdk.java.net/
[2024-09-21 10:19:09.326]:             java.vendor.url.bug => https://bugreport.java.com/bugreport/
[2024-09-21 10:19:09.326]:             java.vendor.version => 18.9
[2024-09-21 10:19:09.326]:             java.version => 11.0.24
[2024-09-21 10:19:09.326]:             java.version.date => 2024-07-16
[2024-09-21 10:19:09.326]:             java.vm.compressedOopsMode => 32-bit
[2024-09-21 10:19:09.326]:             java.vm.info => mixed mode
[2024-09-21 10:19:09.326]:             java.vm.name => Java HotSpot(TM) 64-Bit Server VM
[2024-09-21 10:19:09.326]:             java.vm.specification.name => Java Virtual Machine Specification
[2024-09-21 10:19:09.326]:             java.vm.specification.vendor => Oracle Corporation
[2024-09-21 10:19:09.326]:             java.vm.specification.version => 11
[2024-09-21 10:19:09.326]:             java.vm.vendor => Oracle Corporation
[2024-09-21 10:19:09.326]:             java.vm.version => 11.0.24+7-LTS-271
[2024-09-21 10:19:09.326]:             jdk.debug => release
[2024-09-21 10:19:09.326]:             line.separator => 
[2024-09-21 10:19:09.326]:             netbeans.default_cachedir_root => C:\Users\monal\AppData\Local\NetBeans\Cache
[2024-09-21 10:19:09.326]:             netbeans.default_userdir_root => C:\Users\monal\AppData\Roaming\NetBeans
[2024-09-21 10:19:09.326]:             os.arch => amd64
[2024-09-21 10:19:09.326]:             os.name => Windows 11
[2024-09-21 10:19:09.326]:             os.version => 10.0
[2024-09-21 10:19:09.326]:             path.separator => ;
[2024-09-21 10:19:09.326]:             sun.arch.data.model => 64
[2024-09-21 10:19:09.326]:             sun.boot.library.path => C:\Program Files\Java\jdk-11\bin
[2024-09-21 10:19:09.326]:             sun.cpu.endian => little
[2024-09-21 10:19:09.327]:             sun.cpu.isalist => amd64
[2024-09-21 10:19:09.327]:             sun.desktop => windows
[2024-09-21 10:19:09.327]:             sun.io.unicode.encoding => UnicodeLittle
[2024-09-21 10:19:09.327]:             sun.java.command => org.netbeans.installer.Installer
[2024-09-21 10:19:09.327]:             sun.java.launcher => SUN_STANDARD
[2024-09-21 10:19:09.327]:             sun.jnu.encoding => Cp1252
[2024-09-21 10:19:09.327]:             sun.management.compiler => HotSpot 64-Bit Tiered Compilers
[2024-09-21 10:19:09.327]:             sun.os.patch.level => 
[2024-09-21 10:19:09.327]:             user.country => IN
[2024-09-21 10:19:09.327]:             user.dir => C:\Users\monal\Downloads
[2024-09-21 10:19:09.327]:             user.home => C:\Users\monal
[2024-09-21 10:19:09.327]:             user.language => en
[2024-09-21 10:19:09.327]:             user.name => monal
[2024-09-21 10:19:09.327]:             user.script => 
[2024-09-21 10:19:09.327]:             user.timezone => Asia/Calcutta
[2024-09-21 10:19:09.327]:             user.variant => 
[2024-09-21 10:19:09.327]:     ... end of target system information
[2024-09-21 10:19:09.327]:     exiting -- org.netbeans.installer.Installer.<init>():97
[2024-09-21 10:19:11.346]:     loading jni library
[2024-09-21 10:19:11.346]:         library resource path: native/jnilib/windows/windows-x64.dll
[2024-09-21 10:19:11.519]:         library file path: C:\Users\monal\AppData\Local\Temp\nbi-3263965455176315846.tmp
[2024-09-21 10:19:11.525]:         ... successfully loaded the library
[2024-09-21 10:19:11.529]:     entering -- org.netbeans.installer.Installer.<init>():102
[2024-09-21 10:19:11.529]:     parsing command-line arguments
[2024-09-21 10:19:11.530]:         ... no command line arguments were specified
[2024-09-21 10:19:11.530]:     ... finished parsing command line arguments
[2024-09-21 10:19:11.530]:     exiting -- org.netbeans.installer.Installer.<init>():102
[2024-09-21 10:19:11.530]:     entering -- org.netbeans.installer.Installer.<init>():103
[2024-09-21 10:19:11.530]:     loading engine properties
[2024-09-21 10:19:11.530]:         loading engine properties
[2024-09-21 10:19:11.531]:             loading nbi.wizard.ui.swing.frame.width.default => 600
[2024-09-21 10:19:11.531]:             loading nbi.wizard.ui.swing.frame.width.gtk => 704
[2024-09-21 10:19:11.531]:             loading nbi.wizard.ui.swing.frame.head.right.image => resource:org/netbeans/installer/wizard/wizard-description-background.png
[2024-09-21 10:19:11.531]:             loading nbi.wizard.ui.swing.frame.minimum.width.nimbus => 624
[2024-09-21 10:19:11.531]:             loading nbi.wizard.ui.swing.frame.minimum.height.win.xp => 450
[2024-09-21 10:19:11.531]:             loading nbi.wizard.ui.swing.frame.minimum.height.nimbus => 512
[2024-09-21 10:19:11.531]:             loading nbi.wizard.ui.swing.frame.title.prefix => Apache NetBeans IDE Installer
[2024-09-21 10:19:11.531]:             loading nbi.wizard.ui.swing.frame.width.nimbus => 624
[2024-09-21 10:19:11.531]:             loading nbi.wizard.ui.swing.frame.width.win.xp => 600
[2024-09-21 10:19:11.531]:             loading nbi.overall.license.jdk5.resource => org/netbeans/installer/product/components/netbeans-license-jdk5.txt
[2024-09-21 10:19:11.531]:             loading nbi.wizard.ui.swing.frame.minimum.height.win.classic => 442
[2024-09-21 10:19:11.533]:             loading nbi.overall.license.jtb.resource => org/netbeans/installer/product/components/netbeans-license-jtb.txt
[2024-09-21 10:19:11.533]:             loading nbi.wizard.ui.swing.frame.height.motif => 470
[2024-09-21 10:19:11.533]:             loading nbi.wizard.ui.swing.frame.minimum.width.default => 600
[2024-09-21 10:19:11.533]:             loading nbi.wizard.ui.swing.frame.height.aqua => 480
[2024-09-21 10:19:11.533]:             loading nbi.wizard.ui.swing.frame.minimum.width.win.xp => 600
[2024-09-21 10:19:11.533]:             loading nbi.overall.license.jdk6.resource => org/netbeans/installer/product/components/netbeans-license-jdk6.txt
[2024-09-21 10:19:11.533]:             loading nbi.wizard.ui.swing.frame.minimum.height.aqua => 480
[2024-09-21 10:19:11.533]:             loading nbi.wizard.ui.swing.frame.minimum.height.default => 500
[2024-09-21 10:19:11.533]:             loading nbi.overall.license.mysql.resource => org/netbeans/installer/product/components/netbeans-license-mysql.txt
[2024-09-21 10:19:11.533]:             loading nbi.product.suggest.install => true
[2024-09-21 10:19:11.533]:             loading nbi.wizard.ui.swing.frame.icon => resource:org/netbeans/installer/wizard/wizard-icon.png
[2024-09-21 10:19:11.533]:             loading nbi.wizard.ui.swing.frame.width.aqua => 640
[2024-09-21 10:19:11.533]:             loading nbi.wizard.ui.swing.frame.minimum.height.motif => 470
[2024-09-21 10:19:11.533]:             loading nbi.wizard.ui.swing.frame.minimum.height.gtk => 528
[2024-09-21 10:19:11.533]:             loading nbi.product.remove.corrupted.products.silently => true
[2024-09-21 10:19:11.533]:             loading nbi.wizard.ui.swing.frame.width.motif => 624
[2024-09-21 10:19:11.533]:             loading nbi.wizard.ui.swing.frame.minimum.width.win.classic => 588
[2024-09-21 10:19:11.533]:             loading nbi.wizard.ui.swing.welcome.left.bottom.image => resource:org/netbeans/installer/wizard/components/panels/netbeans/resources/welcome-left-bottom.png
[2024-09-21 10:19:11.533]:             loading nbi.macosx.application.directory.name => NetBeans IDE Installer
[2024-09-21 10:19:11.533]:             loading nbi.overall.license.resource => org/netbeans/installer/product/components/netbeans-license.txt
[2024-09-21 10:19:11.533]:             loading nbi.wizard.ui.swing.frame.height.gtk => 528
[2024-09-21 10:19:11.533]:             loading nbi.wizard.ui.swing.frame.minimum.width.metal => 624
[2024-09-21 10:19:11.533]:             loading nbi.wizard.ui.swing.frame.minimum.width.motif => 624
[2024-09-21 10:19:11.533]:             loading nbi.wizard.ui.swing.frame.height.metal => 470
[2024-09-21 10:19:11.533]:             loading nbi.wizard.ui.swing.frame.minimum.width.gtk => 704
[2024-09-21 10:19:11.533]:             loading nbi.junit.license.resource => org/netbeans/installer/product/components/junit-license.txt
[2024-09-21 10:19:11.533]:             loading nbi.wizard.ui.swing.frame.width.metal => 624
[2024-09-21 10:19:11.533]:             loading nbi.wizard.ui.swing.frame.height.default => 500
[2024-09-21 10:19:11.533]:             loading nbi.wizard.ui.swing.frame.height.win.classic => 442
[2024-09-21 10:19:11.533]:             loading nbi.wizard.ui.swing.frame.height.win.xp => 450
[2024-09-21 10:19:11.533]:             loading nbi.wizard.ui.swing.frame.height.nimbus => 512
[2024-09-21 10:19:11.533]:             loading nbi.overall.license.javafx.resource => org/netbeans/installer/product/components/netbeans-license-javafx.txt
[2024-09-21 10:19:11.533]:             loading nbi.wizard.ui.swing.frame.title.pattern => {0}
[2024-09-21 10:19:11.533]:             loading nbi.wizard.ui.swing.frame.width.win.classic => 588
[2024-09-21 10:19:11.533]:             loading nbi.wizard.ui.swing.frame.minimum.height.metal => 470
[2024-09-21 10:19:11.533]:             loading nbi.wizard.ui.swing.frame.minimum.width.aqua => 640
[2024-09-21 10:19:11.534]:     ... finished loading engine properties
[2024-09-21 10:19:11.534]:     exiting -- org.netbeans.installer.Installer.<init>():103
[2024-09-21 10:19:11.534]:     initializing the local directory
[2024-09-21 10:19:11.534]:         ... custom local directory was not specified, using the default
[2024-09-21 10:19:11.534]:         ... local directory: C:\Users\monal\.nbi
[2024-09-21 10:19:11.534]:     ... finished initializing local directory
[2024-09-21 10:19:11.570]:     entering -- org.netbeans.installer.Installer.<init>():109
[2024-09-21 10:19:11.570]:     ... initializing DownloadManager
[2024-09-21 10:19:11.574]:         file not exist, queue is empty!
[2024-09-21 10:19:11.578]:     ... end of initializing DownloadManager
[2024-09-21 10:19:11.578]:     exiting -- org.netbeans.installer.Installer.<init>():109
[2024-09-21 10:19:11.578]:     entering -- org.netbeans.installer.Installer.<init>():110
[2024-09-21 10:19:11.578]:     ... initializing Registry
[2024-09-21 10:19:11.585]:     ... end of initializing ErrorHandler
[2024-09-21 10:19:11.585]:     exiting -- org.netbeans.installer.Installer.<init>():110
[2024-09-21 10:19:11.585]:     entering -- org.netbeans.installer.Installer.<init>():111
[2024-09-21 10:19:11.585]:     ... initializing Wizard
[2024-09-21 10:19:11.708]:         ... loading registry from resource:data/registry.xml
[2024-09-21 10:19:11.759]:         entering -- org.netbeans.installer.product.Registry.loadProductRegistry():981
[2024-09-21 10:19:11.759]:         validating previous installations
[2024-09-21 10:19:11.759]:         ... validating installations finished
[2024-09-21 10:19:11.759]:         exiting -- org.netbeans.installer.product.Registry.loadProductRegistry():981
[2024-09-21 10:19:11.764]:         Can`t load message in bundle org.netbeans.installer.wizard.components.panels.netbeans.Bundle for key NPrISP.installation.folders using [jdk.internal.loader.ClassLoaders$AppClassLoader@30946e09] classloader
[2024-09-21 10:19:11.770]:     ... end of initializing Wizard
[2024-09-21 10:19:11.770]:     exiting -- org.netbeans.installer.Installer.<init>():111
[2024-09-21 10:19:11.770]:     creating lock file
[2024-09-21 10:19:11.770]:         ... created lock file: C:\Users\monal\.nbi\.nbilock
[2024-09-21 10:19:11.770]:     finished creating lock file
[2024-09-21 10:19:11.770]: ... finished initializing the engine
[2024-09-21 10:19:11.770]: exiting -- org.netbeans.installer.Installer.main():61
[2024-09-21 10:19:11.772]: entering -- org.netbeans.installer.Installer.main():61
[2024-09-21 10:19:11.772]: starting the installer
[2024-09-21 10:19:11.773]:     ... initializing look and feel
[2024-09-21 10:19:11.774]:         ... custom look and feel class name was not specified, using system default
[2024-09-21 10:19:11.851]:         ... class name: com.sun.java.swing.plaf.windows.WindowsLookAndFeel
[2024-09-21 10:19:11.851]:         ... get installed L&Fs
[2024-09-21 10:19:11.888]:         ... set specified L&F
[2024-09-21 10:19:11.913]:         ... check headless
[2024-09-21 10:19:11.913]:         ... creating JFileChooser object to check possible issues with UI
[2024-09-21 10:19:12.640]:         ... getting default Toolkit to check possible issues with UI
[2024-09-21 10:19:12.640]:         ... creating JProgressBar object to check possible issues with UI
[2024-09-21 10:19:12.642]:         ... all UI checks done
[2024-09-21 10:19:12.642]:         ... L&F is set
[2024-09-21 10:19:12.642]:     ... initializing L&F finished
[2024-09-21 10:19:12.756]:     NameResolver - to parse &Help!
[2024-09-21 10:19:12.760]:     NameResolver - to parse < &Back
[2024-09-21 10:19:12.761]:     NameResolver - to parse &Next >
[2024-09-21 10:19:12.761]:     NameResolver - to parse Cancel
[2024-09-21 10:19:12.762]:     NameResolver - to parse Configuring the Installer...
[2024-09-21 10:19:12.763]:     NameResolver - to parse Configuring the Installer...
[2024-09-21 10:19:12.767]:     NameResolver - to parse Configuring the Installer...
[2024-09-21 10:19:12.767]:     NameResolver - to parse Configuring the Installer...
[2024-09-21 10:19:12.768]:     NameResolver - to parse Please wait while Apache NetBeans IDE installer initializes
[2024-09-21 10:19:12.792]:     NameResolver - to parse Configuring the Installer...
[2024-09-21 10:19:12.792]:     NameResolver - to parse Please wait while Apache NetBeans IDE installer initializes
[2024-09-21 10:19:12.793]: ... finished starting the installer
[2024-09-21 10:19:12.793]: exiting -- org.netbeans.installer.Installer.main():61
[2024-09-21 10:19:12.793]: NameResolver - to parse Configuring the Installer...
[2024-09-21 10:19:12.794]: entering -- org.netbeans.installer.wizard.components.actions.InitializeRegistryAction.execute():53
[2024-09-21 10:19:12.794]: initializing product registry
[2024-09-21 10:19:12.795]:     entering -- org.netbeans.installer.product.Registry.initializeRegistry():170
[2024-09-21 10:19:12.795]:     initializing product registry properties
[2024-09-21 10:19:12.795]:         initializing local product cache directory
[2024-09-21 10:19:12.795]:         ... C:\Users\monal\.nbi\product-cache
[2024-09-21 10:19:12.795]:         initializing local product registry file
[2024-09-21 10:19:12.797]:         copying file: C:\Users\monal\.nbi\tmp\default-registry.xml to: C:\Users\monal\.nbi\registry.xml
[2024-09-21 10:19:12.804]:             ... C:\Users\monal\.nbi\registry.xml
[2024-09-21 10:19:12.804]:             initializing local product registry stub uri
[2024-09-21 10:19:12.804]:             ... resource:org/netbeans/installer/product/default-registry.xml
[2024-09-21 10:19:12.804]:             initializing bundled product registry uri
[2024-09-21 10:19:12.804]:             ... resource:data/registry.xml
[2024-09-21 10:19:12.804]:             initializing product registry schema uri
[2024-09-21 10:19:12.804]:             ... resource:org/netbeans/installer/product/registry.xsd
[2024-09-21 10:19:12.804]:             initializing remote product registries uris
[2024-09-21 10:19:12.804]:             initializing state file schema uri
[2024-09-21 10:19:12.804]:             ... resource:org/netbeans/installer/product/state-file.xsd
[2024-09-21 10:19:12.804]:             initializing default state file uri
[2024-09-21 10:19:12.804]:             ... resource:org/netbeans/installer/product/default-state-file.xml
[2024-09-21 10:19:12.804]:             initializing target platform
[2024-09-21 10:19:12.804]:             ... windows-x64
[2024-09-21 10:19:12.804]:     initializing product registry properties
[2024-09-21 10:19:12.804]:     exiting -- org.netbeans.installer.product.Registry.initializeRegistry():170
[2024-09-21 10:19:12.806]:     ... loading registry from file:/C:/Users/monal/.nbi/registry.xml
[2024-09-21 10:19:12.816]:     entering -- org.netbeans.installer.product.Registry.loadProductRegistry():981
[2024-09-21 10:19:12.816]:     validating previous installations
[2024-09-21 10:19:12.816]:     ... validating installations finished
[2024-09-21 10:19:12.816]:     exiting -- org.netbeans.installer.product.Registry.loadProductRegistry():981
[2024-09-21 10:19:12.816]:     ... loading registry from resource:data/registry.xml
[2024-09-21 10:19:12.839]:     entering -- org.netbeans.installer.product.Registry.loadProductRegistry():981
[2024-09-21 10:19:12.839]:     validating previous installations
[2024-09-21 10:19:12.839]:     ... validating installations finished
[2024-09-21 10:19:12.839]:     exiting -- org.netbeans.installer.product.Registry.loadProductRegistry():981
[2024-09-21 10:19:12.840]: ... product registry initialization complete
[2024-09-21 10:19:12.840]: exiting -- org.netbeans.installer.wizard.components.actions.InitializeRegistryAction.execute():53
[2024-09-21 10:19:12.841]: NameResolver - to parse Extracting configuration logic for {0}
[2024-09-21 10:19:13.054]: NameResolver - to parse Extracting configuration logic for {0}
[2024-09-21 10:19:13.257]: NameResolver - to parse Extracting configuration logic for {0}
[2024-09-21 10:19:13.473]: NameResolver - to parse Extracting configuration logic for {0}
[2024-09-21 10:19:13.691]: NameResolver - to parse Extracting configuration logic for {0}
[2024-09-21 10:19:13.909]: NameResolver - to parse Extracting configuration logic for {0}
[2024-09-21 10:19:14.199]: entering -- org.netbeans.installer.wizard.components.actions.netbeans.NbInitializationAction.execute():116
[2024-09-21 10:19:14.199]: search for all java locations
[2024-09-21 10:19:14.411]:     checking for possible java locations in windows registry
[2024-09-21 10:19:14.411]:         ... alternative registry view is also supported
[2024-09-21 10:19:14.411]:     ... finished
[2024-09-21 10:19:14.411]:     checking for possible java locations in environment
[2024-09-21 10:19:14.411]:     ... finished
[2024-09-21 10:19:14.412]:     NameResolver - to parse $S{java.home}
[2024-09-21 10:19:14.416]:     NameResolver - to parse $S{java.home}/..
[2024-09-21 10:19:14.416]:     NameResolver - to parse $N{install}
[2024-09-21 10:19:14.417]:           --- parsed to C:\Program Files
[2024-09-21 10:19:14.419]:     NameResolver - to parse $N{install}/Java
[2024-09-21 10:19:14.419]:           --- parsed to C:\Program Files/Java
[2024-09-21 10:19:14.419]:     investigating java home candidate: C:\Program Files\Java\jdk-11
[2024-09-21 10:19:14.420]:         executing command: C:\Program Files\Java\jdk-11\bin\java.exe -classpath C:\Users\monal\.nbi\tmp TestJDK, in directory: .
[2024-09-21 10:19:14.530]:             [stdout]: 11.0.24
[2024-09-21 10:19:14.530]:             [stdout]: 11.0.24+7-LTS-271
[2024-09-21 10:19:14.530]:             [stdout]: Oracle Corporation
[2024-09-21 10:19:14.530]:             [stdout]: Windows 11
[2024-09-21 10:19:14.530]:             [stdout]: amd64
[2024-09-21 10:19:14.530]:             [return]: 0
[2024-09-21 10:19:14.530]:         ... command execution finished
[2024-09-21 10:19:14.531]:         ... java.version    = 11.0.24
[2024-09-21 10:19:14.531]:         ... java.vm.version = 11.0.24+7-LTS-271
[2024-09-21 10:19:14.531]:         ... java.vendor     = Oracle Corporation
[2024-09-21 10:19:14.531]:         ... os.name         = Windows 11
[2024-09-21 10:19:14.531]:         ... os.arch         = amd64
[2024-09-21 10:19:14.531]:         ... version string : 11.0.24+7-LTS-271
[2024-09-21 10:19:14.531]:         ... put jdk info to the Java map
[2024-09-21 10:19:14.532]:     ... parsed java: 11.0.24.0.0 by Oracle Corporation; final=true
[2024-09-21 10:19:14.538]:     investigating java home candidate: C:\Program Files\Java\jdk-11\bin
[2024-09-21 10:19:14.558]:     investigating java home candidate: C:\Program Files\Java\jdk-11\conf
[2024-09-21 10:19:14.564]:     investigating java home candidate: C:\Program Files\Java\jdk-11\include
[2024-09-21 10:19:14.571]:     investigating java home candidate: C:\Program Files\Java\jdk-11\jmods
[2024-09-21 10:19:14.579]:     investigating java home candidate: C:\Program Files\Java\jdk-11\legal
[2024-09-21 10:19:14.587]:     investigating java home candidate: C:\Program Files\Java\jdk-11\lib
[2024-09-21 10:19:14.592]:     investigating java home candidate: C:\Program Files\Java
[2024-09-21 10:19:14.598]:     investigating java home candidate: C:\Program Files\Java\jdk-11
[2024-09-21 10:19:14.598]:     ... parsed java: 11.0.24.0.0 by Oracle Corporation; final=true
[2024-09-21 10:19:14.603]:     investigating java home candidate: C:\Program Files
[2024-09-21 10:19:14.608]:     investigating java home candidate: C:\Program Files\AMD
[2024-09-21 10:19:14.615]:     investigating java home candidate: C:\Program Files\Arduino IDE
[2024-09-21 10:19:14.620]:     investigating java home candidate: C:\Program Files\ASUS
[2024-09-21 10:19:14.626]:     investigating java home candidate: C:\Program Files\Common Files
[2024-09-21 10:19:14.631]:     investigating java home candidate: C:\Program Files\Git
[2024-09-21 10:19:14.636]:     investigating java home candidate: C:\Program Files\Google
[2024-09-21 10:19:14.642]:     investigating java home candidate: C:\Program Files\Internet Explorer
[2024-09-21 10:19:14.648]:     investigating java home candidate: C:\Program Files\Java
[2024-09-21 10:19:14.653]:     investigating java home candidate: C:\Program Files\McAfee
[2024-09-21 10:19:14.659]:     investigating java home candidate: C:\Program Files\Microsoft
[2024-09-21 10:19:14.664]:     investigating java home candidate: C:\Program Files\Microsoft Office
[2024-09-21 10:19:14.669]:     investigating java home candidate: C:\Program Files\Microsoft Office 15
[2024-09-21 10:19:14.674]:     investigating java home candidate: C:\Program Files\Microsoft OneDrive
[2024-09-21 10:19:14.681]:     investigating java home candidate: C:\Program Files\Microsoft Silverlight
[2024-09-21 10:19:14.686]:     investigating java home candidate: C:\Program Files\Microsoft Update Health Tools
[2024-09-21 10:19:14.691]:     investigating java home candidate: C:\Program Files\ModifiableWindowsApps
[2024-09-21 10:19:14.696]:     investigating java home candidate: C:\Program Files\MySQL
[2024-09-21 10:19:14.701]:     investigating java home candidate: C:\Program Files\National Instruments
[2024-09-21 10:19:14.707]:     investigating java home candidate: C:\Program Files\nodejs
[2024-09-21 10:19:14.712]:     investigating java home candidate: C:\Program Files\Uninstall Information
[2024-09-21 10:19:14.718]:     investigating java home candidate: C:\Program Files\Windows Defender
[2024-09-21 10:19:14.723]:     investigating java home candidate: C:\Program Files\Windows Mail
[2024-09-21 10:19:14.729]:     investigating java home candidate: C:\Program Files\Windows Media Player
[2024-09-21 10:19:14.734]:     investigating java home candidate: C:\Program Files\Windows NT
[2024-09-21 10:19:14.739]:     investigating java home candidate: C:\Program Files\Windows Photo Viewer
[2024-09-21 10:19:14.745]:     investigating java home candidate: C:\Program Files\Windows Sidebar
[2024-09-21 10:19:14.750]:     investigating java home candidate: C:\Program Files\WindowsApps
[2024-09-21 10:19:14.779]:     investigating java home candidate: C:\Program Files\WindowsPowerShell
[2024-09-21 10:19:14.786]:     investigating java home candidate: C:\Program Files\Java
[2024-09-21 10:19:14.792]:     investigating java home candidate: C:\Program Files\Java\jdk-11
[2024-09-21 10:19:14.792]:     ... parsed java: 11.0.24.0.0 by Oracle Corporation; final=true
[2024-09-21 10:19:15.002]: ... end of search for all java locations
[2024-09-21 10:19:15.002]: exiting -- org.netbeans.installer.wizard.components.actions.netbeans.NbInitializationAction.execute():116
[2024-09-21 10:19:15.002]: ... bundledProductSkip = null
[2024-09-21 10:19:15.002]: ... bundledProductToInstall = null
[2024-09-21 10:19:15.014]: NameResolver - to parse resource:org/netbeans/installer/wizard/components/panels/netbeans/resources/welcome-left-bottom.png
[2024-09-21 10:19:15.019]: NameResolver - to parse &Help!
[2024-09-21 10:19:15.019]: NameResolver - to parse < &Back
[2024-09-21 10:19:15.019]: NameResolver - to parse &Next >
[2024-09-21 10:19:15.019]: NameResolver - to parse Cancel
[2024-09-21 10:19:15.019]: NameResolver - to parse <html><h2 style="color: #FF8E00; bold">Welcome to the Apache NetBeans IDE 16 Installer</h2>
[2024-09-21 10:19:15.019]: NameResolver - to parse </html>
[2024-09-21 10:19:15.021]: NameResolver - to parse text/html
[2024-09-21 10:19:15.050]: NameResolver - to parse <html>
[2024-09-21 10:19:15.051]: NameResolver - to parse The installer will install the NetBeans IDE with the following packs and runtimes.<br>Click Customize to select the packs and runtimes to install.<br><br>
[2024-09-21 10:19:15.051]: NameResolver - to parse text/html
[2024-09-21 10:19:15.053]: NameResolver - to parse <html>
[2024-09-21 10:19:15.053]: NameResolver - to parse {0}<br>
[2024-09-21 10:19:15.053]: NameResolver - to parse {0}<br>
[2024-09-21 10:19:15.053]: NameResolver - to parse {0}<br>
[2024-09-21 10:19:15.053]: NameResolver - to parse {0}<br>
[2024-09-21 10:19:15.053]: NameResolver - to parse {0}<br>
[2024-09-21 10:19:15.053]: NameResolver - to parse </html>
[2024-09-21 10:19:15.053]: NameResolver - to parse text/html
[2024-09-21 10:19:15.055]: NameResolver - to parse &Customize...
[2024-09-21 10:19:15.060]: NameResolver - to parse Installation Size: {0}
[2024-09-21 10:19:15.063]: NameResolver - to parse Insufficient disk space for extracting the installation data. Additional {1} is required in {0}.
[2024-09-21 10:19:15.064]: NameResolver - to parse $N{install}/NetBeans-16
[2024-09-21 10:19:15.064]:       --- parsed to C:\Program Files/NetBeans-16
[2024-09-21 10:19:15.065]: NameResolver - to parse 1.8.0.0.0
[2024-09-21 10:19:15.065]: NameResolver - to parse 500.0.0
[2024-09-21 10:19:15.065]: NameResolver - to parse .*
[2024-09-21 10:19:15.066]: NameResolver - to parse false
[2024-09-21 10:19:15.066]: NameResolver - to parse false
[2024-09-21 10:19:15.066]: ... loading registry from resource:data/registry.xml
[2024-09-21 10:19:15.080]: entering -- org.netbeans.installer.product.Registry.loadProductRegistry():981
[2024-09-21 10:19:15.080]: validating previous installations
[2024-09-21 10:19:15.080]: ... validating installations finished
[2024-09-21 10:19:15.080]: exiting -- org.netbeans.installer.product.Registry.loadProductRegistry():981
[2024-09-21 10:19:15.080]: NameResolver - to parse false
[2024-09-21 10:19:15.080]: ... use Java from the first item in the overall list: C:\Program Files\Java\jdk-11
[2024-09-21 10:19:15.080]: ... use Java that is already selected for the product: C:\Program Files\Java\jdk-11
[2024-09-21 10:19:15.081]: NameResolver - to parse Insufficient disk space for extracting the installation data. Additional {1} is required in {0}.
[2024-09-21 10:19:15.095]: NameResolver - to parse <dummy description>
[2024-09-21 10:19:17.097]: NameResolver - to parse Insufficient disk space for extracting the installation data. Additional {1} is required in {0}.
[2024-09-21 10:19:17.475]: NameResolver - to parse Insufficient disk space for extracting the installation data. Additional {1} is required in {0}.
[2024-09-21 10:19:17.483]: NameResolver - to parse &Help!
[2024-09-21 10:19:17.483]: NameResolver - to parse < &Back
[2024-09-21 10:19:17.483]: NameResolver - to parse &Next >
[2024-09-21 10:19:17.483]: NameResolver - to parse Cancel
[2024-09-21 10:19:17.484]: NameResolver - to parse I &accept the terms in the license agreement
[2024-09-21 10:19:17.484]: NameResolver - to parse org/netbeans/installer/product/components/netbeans-license.txt
[2024-09-21 10:19:17.484]: NameResolver - to parse $R{org/netbeans/installer/product/components/netbeans-license.txt;UTF-8}
[2024-09-21 10:19:17.486]: NameResolver - to parse {0}
[2024-09-21 10:19:17.511]: NameResolver - to parse License Agreement
[2024-09-21 10:19:17.511]: NameResolver - to parse License Agreement
[2024-09-21 10:19:17.512]: NameResolver - to parse License Agreement
[2024-09-21 10:19:17.512]: NameResolver - to parse License Agreement
[2024-09-21 10:19:17.512]: NameResolver - to parse Please read the following license agreement carefully.
[2024-09-21 10:19:17.558]: NameResolver - to parse License Agreement
[2024-09-21 10:19:17.559]: NameResolver - to parse Please read the following license agreement carefully.
[2024-09-21 10:19:23.698]: NameResolver - to parse C:\Program Files\NetBeans-16
[2024-09-21 10:19:23.698]: NameResolver - to parse 1.8.0.0.0
[2024-09-21 10:19:23.699]: NameResolver - to parse 500.0.0
[2024-09-21 10:19:23.699]: NameResolver - to parse .*
[2024-09-21 10:19:23.699]: NameResolver - to parse false
[2024-09-21 10:19:23.700]: NameResolver - to parse false
[2024-09-21 10:19:23.700]: ... use Java that is already selected for the product: C:\Program Files\Java\jdk-11
[2024-09-21 10:19:23.838]: NameResolver - to parse &Help!
[2024-09-21 10:19:23.838]: NameResolver - to parse < &Back
[2024-09-21 10:19:23.838]: NameResolver - to parse &Next >
[2024-09-21 10:19:23.838]: NameResolver - to parse Cancel
[2024-09-21 10:19:23.838]: NameResolver - to parse &JDK™ for the Apache NetBeans IDE:
[2024-09-21 10:19:23.839]: NameResolver - to parse The installation folder cannot be empty.
[2024-09-21 10:19:23.842]: ... use Java that is already selected for the product: C:\Program Files\Java\jdk-11
[2024-09-21 10:19:23.843]: NameResolver - to parse The installation folder cannot be empty.
[2024-09-21 10:19:23.843]: NameResolver - to parse Br&owse...
[2024-09-21 10:19:23.843]: NameResolver - to parse &Install the Apache NetBeans IDE to:
[2024-09-21 10:19:23.843]: NameResolver - to parse B&rowse...
[2024-09-21 10:19:23.852]: NameResolver - to parse false
[2024-09-21 10:19:23.856]: NameResolver - to parse false
[2024-09-21 10:19:23.856]: NameResolver - to parse Apache NetBeans IDE 16 Installation
[2024-09-21 10:19:23.857]: NameResolver - to parse Apache NetBeans IDE 16 Installation
[2024-09-21 10:19:23.857]: NameResolver - to parse Apache NetBeans IDE 16 Installation
[2024-09-21 10:19:23.857]: NameResolver - to parse Apache NetBeans IDE 16 Installation
[2024-09-21 10:19:23.857]: NameResolver - to parse Choose the installation folder and JDK™.
[2024-09-21 10:19:23.859]: NameResolver - to parse false
[2024-09-21 10:19:23.871]: NameResolver - to parse Apache NetBeans IDE 16 Installation
[2024-09-21 10:19:23.871]: NameResolver - to parse Choose the installation folder and JDK™.
[2024-09-21 10:19:25.871]: NameResolver - to parse false
[2024-09-21 10:19:27.880]: NameResolver - to parse false
[2024-09-21 10:19:29.908]: NameResolver - to parse false
[2024-09-21 10:19:31.918]: NameResolver - to parse false
[2024-09-21 10:19:33.932]: NameResolver - to parse false
[2024-09-21 10:19:35.943]: NameResolver - to parse false
[2024-09-21 10:19:37.959]: NameResolver - to parse false
[2024-09-21 10:19:39.976]: NameResolver - to parse false
[2024-09-21 10:19:41.993]: NameResolver - to parse false
[2024-09-21 10:19:44.002]: NameResolver - to parse false
[2024-09-21 10:19:46.017]: NameResolver - to parse false
[2024-09-21 10:19:48.032]: NameResolver - to parse false
[2024-09-21 10:19:50.049]: NameResolver - to parse false
[2024-09-21 10:19:52.059]: NameResolver - to parse false
[2024-09-21 10:19:54.070]: NameResolver - to parse false
[2024-09-21 10:19:56.085]: NameResolver - to parse false
[2024-09-21 10:19:58.100]: NameResolver - to parse false
[2024-09-21 10:20:00.114]: NameResolver - to parse false
[2024-09-21 10:20:02.124]: NameResolver - to parse false
[2024-09-21 10:20:02.882]: NameResolver - to parse false
[2024-09-21 10:20:02.883]: NameResolver - to parse nb-all
[2024-09-21 10:20:02.883]: NameResolver - to parse C:\Program Files\NetBeans-16
[2024-09-21 10:20:02.884]: NameResolver - to parse nb-all
[2024-09-21 10:20:02.884]: NameResolver - to parse C:\Program Files\NetBeans-16
[2024-09-21 10:20:02.885]: NameResolver - to parse nb-all
[2024-09-21 10:20:02.885]: NameResolver - to parse C:\Program Files\NetBeans-16
[2024-09-21 10:20:02.885]: NameResolver - to parse nb-all
[2024-09-21 10:20:02.885]: NameResolver - to parse C:\Program Files\NetBeans-16
[2024-09-21 10:20:02.885]: NameResolver - to parse nb-all
[2024-09-21 10:20:02.885]: NameResolver - to parse C:\Program Files\NetBeans-16
[2024-09-21 10:20:02.893]: NameResolver - to parse &Help!
[2024-09-21 10:20:02.893]: NameResolver - to parse < &Back
[2024-09-21 10:20:02.894]: NameResolver - to parse &Install
[2024-09-21 10:20:02.894]: NameResolver - to parse Cancel
[2024-09-21 10:20:02.894]: NameResolver - to parse &Install
[2024-09-21 10:20:02.894]: NameResolver - to parse {0} Installation Folder:
[2024-09-21 10:20:02.894]: NameResolver - to parse C:\Program Files\NetBeans-16
[2024-09-21 10:20:02.894]: NameResolver - to parse The following components will be uninstalled:
[2024-09-21 10:20:02.895]: NameResolver - to parse Total Installation Size:
[2024-09-21 10:20:02.895]: NameResolver - to parse Total Download Size:
[2024-09-21 10:20:02.895]: NameResolver - to parse Check for &Updates
[2024-09-21 10:20:02.896]: NameResolver - to parse <html>The NetBeans installer can automatically check for updates of installed plugins<br>using your Internet connection.
[2024-09-21 10:20:02.900]: NameResolver - to parse C:\Program Files\NetBeans-16
[2024-09-21 10:20:02.900]: NameResolver - to parse C:\Program Files\NetBeans-16
[2024-09-21 10:20:02.900]: NameResolver - to parse C:\Program Files\NetBeans-16
[2024-09-21 10:20:02.900]: NameResolver - to parse C:\Program Files\NetBeans-16
[2024-09-21 10:20:02.900]: NameResolver - to parse C:\Program Files\NetBeans-16
[2024-09-21 10:20:02.900]: NameResolver - to parse C:\Program Files\NetBeans-16
[2024-09-21 10:20:02.907]: Roots : C:\, M:\
[2024-09-21 10:20:02.908]: NameResolver - to parse C:\Program Files\NetBeans-16
[2024-09-21 10:20:02.908]:     [C:\] <- C:\Program Files\NetBeans-16
[2024-09-21 10:20:02.908]: NameResolver - to parse C:\Program Files\NetBeans-16
[2024-09-21 10:20:02.908]:     [C:\] <- C:\Program Files\NetBeans-16
[2024-09-21 10:20:02.908]: NameResolver - to parse C:\Program Files\NetBeans-16
[2024-09-21 10:20:02.908]:     [C:\] <- C:\Program Files\NetBeans-16
[2024-09-21 10:20:02.908]: NameResolver - to parse C:\Program Files\NetBeans-16
[2024-09-21 10:20:02.909]:     [C:\] <- C:\Program Files\NetBeans-16
[2024-09-21 10:20:02.909]: NameResolver - to parse C:\Program Files\NetBeans-16
[2024-09-21 10:20:02.909]:     [C:\] <- C:\Program Files\NetBeans-16
[2024-09-21 10:20:02.909]: NameResolver - to parse C:\Program Files\NetBeans-16
[2024-09-21 10:20:02.909]:     [C:\] <- C:\Program Files\NetBeans-16
[2024-09-21 10:20:02.909]: NameResolver - to parse Summary
[2024-09-21 10:20:02.909]: NameResolver - to parse Summary
[2024-09-21 10:20:02.909]: NameResolver - to parse C:\Program Files\NetBeans-16
[2024-09-21 10:20:02.910]: NameResolver - to parse C:\Program Files\NetBeans-16
[2024-09-21 10:20:02.910]: NameResolver - to parse C:\Program Files\NetBeans-16
[2024-09-21 10:20:02.910]: NameResolver - to parse C:\Program Files\NetBeans-16
[2024-09-21 10:20:02.910]: NameResolver - to parse C:\Program Files\NetBeans-16
[2024-09-21 10:20:02.910]: NameResolver - to parse C:\Program Files\NetBeans-16
[2024-09-21 10:20:02.910]: Roots : C:\, M:\
[2024-09-21 10:20:02.910]: NameResolver - to parse C:\Program Files\NetBeans-16
[2024-09-21 10:20:02.910]: NameResolver - to parse Summary
[2024-09-21 10:20:02.910]:     [C:\] <- C:\Program Files\NetBeans-16
[2024-09-21 10:20:02.910]: NameResolver - to parse Summary
[2024-09-21 10:20:02.910]: NameResolver - to parse C:\Program Files\NetBeans-16
[2024-09-21 10:20:02.910]: NameResolver - to parse Click Install to start the installation.
[2024-09-21 10:20:02.910]:     [C:\] <- C:\Program Files\NetBeans-16
[2024-09-21 10:20:02.910]: NameResolver - to parse C:\Program Files\NetBeans-16
[2024-09-21 10:20:02.910]:     [C:\] <- C:\Program Files\NetBeans-16
[2024-09-21 10:20:02.910]: NameResolver - to parse C:\Program Files\NetBeans-16
[2024-09-21 10:20:02.910]:     [C:\] <- C:\Program Files\NetBeans-16
[2024-09-21 10:20:02.911]: NameResolver - to parse C:\Program Files\NetBeans-16
[2024-09-21 10:20:02.911]:     [C:\] <- C:\Program Files\NetBeans-16
[2024-09-21 10:20:02.911]: NameResolver - to parse C:\Program Files\NetBeans-16
[2024-09-21 10:20:02.911]:     [C:\] <- C:\Program Files\NetBeans-16
[2024-09-21 10:20:02.915]: NameResolver - to parse Summary
[2024-09-21 10:20:02.915]: NameResolver - to parse Click Install to start the installation.
[2024-09-21 10:20:04.523]: NameResolver - to parse C:\Program Files\NetBeans-16
[2024-09-21 10:20:04.523]: NameResolver - to parse C:\Program Files\NetBeans-16
[2024-09-21 10:20:04.523]: NameResolver - to parse C:\Program Files\NetBeans-16
[2024-09-21 10:20:04.523]: NameResolver - to parse C:\Program Files\NetBeans-16
[2024-09-21 10:20:04.523]: NameResolver - to parse C:\Program Files\NetBeans-16
[2024-09-21 10:20:04.523]: NameResolver - to parse C:\Program Files\NetBeans-16
[2024-09-21 10:20:04.523]: Roots : C:\, M:\
[2024-09-21 10:20:04.523]: NameResolver - to parse C:\Program Files\NetBeans-16
[2024-09-21 10:20:04.523]:     [C:\] <- C:\Program Files\NetBeans-16
[2024-09-21 10:20:04.524]: NameResolver - to parse C:\Program Files\NetBeans-16
[2024-09-21 10:20:04.524]:     [C:\] <- C:\Program Files\NetBeans-16
[2024-09-21 10:20:04.524]: NameResolver - to parse C:\Program Files\NetBeans-16
[2024-09-21 10:20:04.524]:     [C:\] <- C:\Program Files\NetBeans-16
[2024-09-21 10:20:04.524]: NameResolver - to parse C:\Program Files\NetBeans-16
[2024-09-21 10:20:04.524]:     [C:\] <- C:\Program Files\NetBeans-16
[2024-09-21 10:20:04.524]: NameResolver - to parse C:\Program Files\NetBeans-16
[2024-09-21 10:20:04.524]:     [C:\] <- C:\Program Files\NetBeans-16
[2024-09-21 10:20:04.524]: NameResolver - to parse C:\Program Files\NetBeans-16
[2024-09-21 10:20:04.524]:     [C:\] <- C:\Program Files\NetBeans-16
[2024-09-21 10:20:04.525]: NameResolver - to parse &Help!
[2024-09-21 10:20:04.525]: NameResolver - to parse < &Back
[2024-09-21 10:20:04.525]: NameResolver - to parse &Next >
[2024-09-21 10:20:04.525]: NameResolver - to parse Cancel
[2024-09-21 10:20:04.527]: NameResolver - to parse Preparing Installation Data...
[2024-09-21 10:20:04.527]: NameResolver - to parse Preparing Installation Data...
[2024-09-21 10:20:04.528]: NameResolver - to parse Preparing Installation Data...
[2024-09-21 10:20:04.528]: NameResolver - to parse Preparing Installation Data...
[2024-09-21 10:20:04.528]: NameResolver - to parse Please wait while the wizard prepares the installation data.
[2024-09-21 10:20:04.530]: NameResolver - to parse Preparing Installation Data...
[2024-09-21 10:20:04.530]: NameResolver - to parse Please wait while the wizard prepares the installation data.
[2024-09-21 10:20:04.530]: entering -- org.netbeans.installer.wizard.components.WizardAction$1.run():103
[2024-09-21 10:20:04.530]: getting all installation data
[2024-09-21 10:20:04.531]:     NameResolver - to parse Extracting installation data for {0}
[2024-09-21 10:20:05.006]:     NameResolver - to parse Extracting installation data for {0}
[2024-09-21 10:20:05.221]:     NameResolver - to parse Extracting installation data for {0}
[2024-09-21 10:20:05.499]:     NameResolver - to parse Extracting installation data for {0}
[2024-09-21 10:20:05.890]:     NameResolver - to parse Extracting installation data for {0}
[2024-09-21 10:20:06.451]:     NameResolver - to parse Extracting installation data for {0}
[2024-09-21 10:20:06.684]: ... finished getting of the installation data
[2024-09-21 10:20:06.684]: exiting -- org.netbeans.installer.wizard.components.WizardAction$1.run():103
[2024-09-21 10:20:06.684]: NameResolver - to parse &Help!
[2024-09-21 10:20:06.684]: NameResolver - to parse < &Back
[2024-09-21 10:20:06.686]: NameResolver - to parse &Next >
[2024-09-21 10:20:06.686]: NameResolver - to parse Cancel
[2024-09-21 10:20:06.686]: NameResolver - to parse Installation
[2024-09-21 10:20:06.686]: NameResolver - to parse Installation
[2024-09-21 10:20:06.687]: NameResolver - to parse Installation
[2024-09-21 10:20:06.687]: NameResolver - to parse Installation
[2024-09-21 10:20:06.687]: NameResolver - to parse Please wait while the installer installs Apache NetBeans IDE and runtimes.
[2024-09-21 10:20:06.688]: NameResolver - to parse Installation
[2024-09-21 10:20:06.688]: NameResolver - to parse Please wait while the installer installs Apache NetBeans IDE and runtimes.
[2024-09-21 10:20:06.689]: Start products installation
[2024-09-21 10:20:06.689]:     NameResolver - to parse Installing {0}...
[2024-09-21 10:20:06.690]:     Start installation of Base IDE(nb-all/16.0.0.221119.0)
[2024-09-21 10:20:06.690]:         NameResolver - to parse C:\Program Files\NetBeans-16
[2024-09-21 10:20:06.690]:         NameResolver - to parse C:\Program Files\NetBeans-16
[2024-09-21 10:20:06.698]:         NameResolver - to parse C:\Program Files\NetBeans-16
[2024-09-21 10:20:06.698]:         NameResolver - to parse C:\Program Files\NetBeans-16
[2024-09-21 10:20:06.698]:         ... extracting files from the data archives
[2024-09-21 10:20:06.698]:         NameResolver - to parse C:\Program Files\NetBeans-16
[2024-09-21 10:20:06.747]:         deleting file: C:\Users\monal\AppData\Local\Temp\nbi-8366317910817722154.tmp
[2024-09-21 10:20:06.750]:         extracting C:\Program Files\NetBeans-16\netbeans\harness\nbi\stub\ext\engine\src\org\mycompany\installer\wizard\components\panels\resources\welcome-left-bottom.png
[2024-09-21 10:20:06.756]:         extracting C:\Program Files\NetBeans-16\netbeans\harness\nbi\stub\ext\engine\src\org\mycompany\installer\wizard\components\panels\resources\welcome-left-top.png
[2024-09-21 10:20:06.758]:         extracting C:\Program Files\NetBeans-16\netbeans\harness\nbi\stub\ext\engine\src\org\mycompany\installer\wizard\components\panels\PostInstallSummaryPanel.java
[2024-09-21 10:20:06.759]:         extracting C:\Program Files\NetBeans-16\netbeans\harness\nbi\stub\ext\engine\src\org\mycompany\installer\wizard\components\panels\PreInstallSummaryPanel.java
[2024-09-21 10:20:06.761]:         extracting C:\Program Files\NetBeans-16\netbeans\harness\nbi\stub\ext\components\products\helloworld\src\org\mycompany\wizard\panels\HelloWorldPanel.java
[2024-09-21 10:20:06.768]:         extracting C:\Program Files\NetBeans-16\netbeans\harness\nbi\stub\ext\engine\src\org\mycompany\installer\wizard\components\actions\InitializeAction.java
[2024-09-21 10:20:06.770]:         extracting C:\Program Files\NetBeans-16\netbeans\harness\nbi\stub\ext\engine\src\org\mycompany\installer\wizard\wizard-description-background-right.png
[2024-09-21 10:20:06.771]:         extracting C:\Program Files\NetBeans-16\netbeans\harness\nbi\stub\ext\components\products\helloworld\src\org\mycompany\wizard\panels\Bundle.properties
[2024-09-21 10:20:06.773]:         extracting C:\Program Files\NetBeans-16\netbeans\harness\nbi\stub\ext\engine\src\org\mycompany\installer\wizard\components\sequences\Bundle.properties
[2024-09-21 10:20:06.775]:         extracting C:\Program Files\NetBeans-16\netbeans\harness\nbi\stub\ext\engine\src\org\mycompany\installer\wizard\components\sequences\MainSequence.java
[2024-09-21 10:20:06.776]:         extracting C:\Program Files\NetBeans-16\netbeans\harness\nbi\stub\ext\engine\src\org\mycompany\installer\wizard\wizard-description-background-left.png
[2024-09-21 10:20:06.777]:         extracting C:\Program Files\NetBeans-16\netbeans\harness\nbi\stub\ext\engine\src\org\mycompany\installer\wizard\components\actions\Bundle.properties
[2024-09-21 10:20:06.780]:         extracting C:\Program Files\NetBeans-16\netbeans\harness\nbi\stub\ext\engine\src\org\mycompany\installer\wizard\components\panels\Bundle.properties
[2024-09-21 10:20:06.782]:         extracting C:\Program Files\NetBeans-16\netbeans\harness\nbi\stub\ext\engine\src\org\mycompany\installer\wizard\components\panels\WelcomePanel.java
[2024-09-21 10:20:06.784]:         extracting C:\Program Files\NetBeans-16\netbeans\harness\nbi\stub\ext\engine\src\org\mycompany\installer\utils\applications\NetBeansRCPUtils.java
[2024-09-21 10:20:06.787]:         extracting C:\Program Files\NetBeans-16\netbeans\harness\nbi\stub\ext\components\products\helloworld\src\org\mycompany\ConfigurationLogic.java
[2024-09-21 10:20:06.788]:         extracting C:\Program Files\NetBeans-16\netbeans\harness\nbi\stub\ext\engine\src\org\mycompany\installer\utils\applications\Bundle.properties
[2024-09-21 10:20:06.789]:         extracting C:\Program Files\NetBeans-16\netbeans\harness\nbi\stub\ext\engine\src\org\mycompany\installer\wizard\components\panels\resources
[2024-09-21 10:20:06.790]:         extracting C:\Program Files\NetBeans-16\netbeans\harness\nbi\stub\ext\components\products\helloworld\src\org\mycompany\Bundle.properties
[2024-09-21 10:20:06.791]:         extracting C:\Program Files\NetBeans-16\netbeans\harness\nbi\stub\ext\engine\src\org\mycompany\installer\wizard\wizard-components.xml
[2024-09-21 10:20:06.793]:         extracting C:\Program Files\NetBeans-16\netbeans\harness\nbi\stub\ext\components\products\helloworld\src\org\mycompany\wizard\panels
[2024-09-21 10:20:06.794]:         extracting C:\Program Files\NetBeans-16\netbeans\harness\nbi\stub\ext\engine\src\org\mycompany\installer\wizard\components\sequences
[2024-09-21 10:20:06.794]:         extracting C:\Program Files\NetBeans-16\netbeans\harness\nbi\stub\ext\components\products\helloworld\nbproject\genfiles.properties
[2024-09-21 10:20:06.797]:         extracting C:\Program Files\NetBeans-16\netbeans\harness\nbi\stub\ext\engine\src\org\mycompany\installer\wizard\components\actions
[2024-09-21 10:20:06.798]:         extracting C:\Program Files\NetBeans-16\netbeans\harness\nbi\stub\ext\components\products\helloworld\src\org\mycompany\wizard.xml
[2024-09-21 10:20:06.799]:         extracting C:\Program Files\NetBeans-16\netbeans\harness\nbi\stub\ext\components\products\helloworld\nbproject\project.properties
[2024-09-21 10:20:06.801]:         extracting C:\Program Files\NetBeans-16\netbeans\harness\nbi\stub\ext\engine\src\native\launcher\windows\i18n\launcher.properties
[2024-09-21 10:20:06.803]:         extracting C:\Program Files\NetBeans-16\netbeans\harness\nbi\stub\ext\engine\src\org\mycompany\installer\wizard\components\panels
[2024-09-21 10:20:06.804]:         extracting C:\Program Files\NetBeans-16\netbeans\harness\nbi\stub\ext\engine\src\org\mycompany\installer\wizard\wizard-icon.png
[2024-09-21 10:20:06.806]:         extracting C:\Program Files\NetBeans-16\netbeans\ide\update_tracking\org-netbeans-modules-editor-deprecated-pre65formatting.xml
[2024-09-21 10:20:06.807]:         extracting C:\Program Files\NetBeans-16\netbeans\harness\nbi\stub\ext\engine\src\native\launcher\unix\i18n\launcher.properties
[2024-09-21 10:20:06.809]:         extracting C:\Program Files\NetBeans-16\netbeans\ide\update_tracking\org-netbeans-modules-spellchecker-bindings-properties.xml
[2024-09-21 10:20:06.811]:         extracting C:\Program Files\NetBeans-16\netbeans\ide\update_tracking\org-netbeans-modules-versioning-system-cvss-installer.xml
[2024-09-21 10:20:06.812]:         extracting C:\Program Files\NetBeans-16\netbeans\ide\config\Modules\org-netbeans-modules-editor-deprecated-pre65formatting.xml
[2024-09-21 10:20:06.815]:         extracting C:\Program Files\NetBeans-16\netbeans\harness\nbi\stub\ext\components\products\helloworld\src\org\mycompany\wizard
[2024-09-21 10:20:06.817]:         extracting C:\Program Files\NetBeans-16\netbeans\harness\nbi\stub\ext\components\products\helloworld\nbproject\build-impl.xml
[2024-09-21 10:20:06.819]:         extracting C:\Program Files\NetBeans-16\netbeans\ide\config\Modules\org-netbeans-modules-spellchecker-bindings-properties.xml
[2024-09-21 10:20:06.820]:         extracting C:\Program Files\NetBeans-16\netbeans\ide\config\Modules\org-netbeans-modules-versioning-system-cvss-installer.xml
[2024-09-21 10:20:06.821]:         extracting C:\Program Files\NetBeans-16\netbeans\harness\nbi\stub\ext\components\products\helloworld\data\Bundle.properties
[2024-09-21 10:20:06.824]:         extracting C:\Program Files\NetBeans-16\netbeans\harness\nbi\stub\ext\engine\src\org\mycompany\installer\utils\applications
[2024-09-21 10:20:06.824]:         extracting C:\Program Files\NetBeans-16\netbeans\ide\update_tracking\org-netbeans-modules-spellchecker-bindings-htmlxml.xml
[2024-09-21 10:20:06.826]:         extracting C:\Program Files\NetBeans-16\netbeans\ide\config\ModuleAutoDeps\org-netbeans-modules-editor-settings-storage.xml
[2024-09-21 10:20:06.827]:         extracting C:\Program Files\NetBeans-16\netbeans\harness\nbi\stub\ext\components\products\helloworld\nbproject\project.xml
[2024-09-21 10:20:06.830]:         extracting C:\Program Files\NetBeans-16\netbeans\harness\nbi\stub\ext\engine\src\org\mycompany\installer\wizard\components
[2024-09-21 10:20:06.831]:         extracting C:\Program Files\NetBeans-16\netbeans\ide\config\Modules\org-netbeans-modules-spellchecker-bindings-htmlxml.xml
[2024-09-21 10:20:06.833]:         extracting C:\Program Files\NetBeans-16\netbeans\platform\update_tracking\org-netbeans-modules-editor-mimelookup-impl.xml
[2024-09-21 10:20:06.836]:         extracting C:\Program Files\NetBeans-16\netbeans\ide\update_tracking\org-netbeans-modules-spellchecker-dictionary_en.xml
[2024-09-21 10:20:06.837]:         extracting C:\Program Files\NetBeans-16\netbeans\nb\update_tracking\org-netbeans-modules-uihandler-exceptionreporter.xml
[2024-09-21 10:20:06.839]:         extracting C:\Program Files\NetBeans-16\netbeans\platform\config\Modules\org-netbeans-modules-editor-mimelookup-impl.xml
[2024-09-21 10:20:06.841]:         extracting C:\Program Files\NetBeans-16\netbeans\ide\modules\org-netbeans-modules-editor-deprecated-pre65formatting.jar
[2024-09-21 10:20:06.844]:         extracting C:\Program Files\NetBeans-16\netbeans\ide\update_tracking\org-netbeans-modules-dlight-nativeexecution-nb.xml
[2024-09-21 10:20:06.845]:         extracting C:\Program Files\NetBeans-16\netbeans\ide\update_tracking\org-netbeans-modules-extexecution-process-jdk9.xml
[2024-09-21 10:20:06.847]:         extracting C:\Program Files\NetBeans-16\netbeans\ide\update_tracking\org-netbeans-modules-versioning-indexingbridge.xml
[2024-09-21 10:20:06.850]:         extracting C:\Program Files\NetBeans-16\netbeans\ide\config\Modules\org-netbeans-modules-spellchecker-dictionary_en.xml
[2024-09-21 10:20:06.851]:         extracting C:\Program Files\NetBeans-16\netbeans\nb\update_tracking\org-netbeans-modules-bugzilla-exceptionreporter.xml
[2024-09-21 10:20:06.852]:         extracting C:\Program Files\NetBeans-16\netbeans\nb\config\Modules\org-netbeans-modules-uihandler-exceptionreporter.xml
[2024-09-21 10:20:06.855]:         extracting C:\Program Files\NetBeans-16\netbeans\harness\nbi\stub\ext\components\products\helloworld\src\org\mycompany
[2024-09-21 10:20:06.855]:         extracting C:\Program Files\NetBeans-16\netbeans\harness\nbi\stub\ext\infra\build\products\helloworld\build.properties
[2024-09-21 10:20:06.857]:         extracting C:\Program Files\NetBeans-16\netbeans\ide\modules\org-netbeans-modules-versioning-system-cvss-installer.jar
[2024-09-21 10:20:06.859]:         extracting C:\Program Files\NetBeans-16\netbeans\ide\modules\org-netbeans-modules-spellchecker-bindings-properties.jar
[2024-09-21 10:20:06.860]:         extracting C:\Program Files\NetBeans-16\netbeans\ide\config\Modules\org-netbeans-modules-dlight-nativeexecution-nb.xml
[2024-09-21 10:20:06.870]:         extracting C:\Program Files\NetBeans-16\netbeans\ide\config\Modules\org-netbeans-modules-extexecution-process-jdk9.xml
[2024-09-21 10:20:06.872]:         extracting C:\Program Files\NetBeans-16\netbeans\ide\config\Modules\org-netbeans-modules-versioning-indexingbridge.xml
[2024-09-21 10:20:06.874]:         extracting C:\Program Files\NetBeans-16\netbeans\nb\update_tracking\org-netbeans-modules-autoupdate-pluginimporter.xml
[2024-09-21 10:20:06.875]:         extracting C:\Program Files\NetBeans-16\netbeans\nb\config\Modules\org-netbeans-modules-bugzilla-exceptionreporter.xml
[2024-09-21 10:20:06.875]:         extracting C:\Program Files\NetBeans-16\netbeans\platform\update_tracking\org-netbeans-modules-autoupdate-services.xml
[2024-09-21 10:20:06.877]:         extracting C:\Program Files\NetBeans-16\netbeans\harness\update_tracking\org-netbeans-modules-jellytools-platform.xml
[2024-09-21 10:20:06.879]:         extracting C:\Program Files\NetBeans-16\netbeans\ide\update_tracking\org-netbeans-modules-editor-settings-storage.xml
[2024-09-21 10:20:06.880]:         extracting C:\Program Files\NetBeans-16\netbeans\ide\update_tracking\org-netbeans-modules-project-spi-intern-impl.xml
[2024-09-21 10:20:06.883]:         extracting C:\Program Files\NetBeans-16\netbeans\ide\config\ModuleAutoDeps\org-netbeans-modules-project-libraries.xml
[2024-09-21 10:20:06.885]:         extracting C:\Program Files\NetBeans-16\netbeans\nb\config\Modules\org-netbeans-modules-autoupdate-pluginimporter.xml
[2024-09-21 10:20:06.886]:         extracting C:\Program Files\NetBeans-16\netbeans\platform\config\Modules\org-netbeans-modules-autoupdate-services.xml
[2024-09-21 10:20:06.887]:         extracting C:\Program Files\NetBeans-16\netbeans\harness\update_tracking\org-netbeans-modules-apisupport-harness.xml
[2024-09-21 10:20:06.888]:         extracting C:\Program Files\NetBeans-16\netbeans\harness\config\Modules\org-netbeans-modules-jellytools-platform.xml
[2024-09-21 10:20:06.890]:         extracting C:\Program Files\NetBeans-16\netbeans\harness\nbi\stub\ext\components\products\helloworld\data\icon48.png
[2024-09-21 10:20:06.891]:         extracting C:\Program Files\NetBeans-16\netbeans\ide\update_tracking\org-netbeans-modules-editor-errorstripe-api.xml
[2024-09-21 10:20:06.892]:         extracting C:\Program Files\NetBeans-16\netbeans\ide\update_tracking\org-eclipse-core-runtime-compatibility-auth.xml
[2024-09-21 10:20:06.894]:         extracting C:\Program Files\NetBeans-16\netbeans\ide\update_tracking\org-netbeans-modules-dlight-nativeexecution.xml
[2024-09-21 10:20:06.895]:         extracting C:\Program Files\NetBeans-16\netbeans\ide\update_tracking\org-eclipse-mylyn-commons-repositories-core.xml
[2024-09-21 10:20:06.898]:         extracting C:\Program Files\NetBeans-16\netbeans\ide\update_tracking\org-netbeans-modules-spellchecker-apimodule.xml
[2024-09-21 10:20:06.899]:         extracting C:\Program Files\NetBeans-16\netbeans\ide\update_tracking\org-netbeans-modules-project-indexingbridge.xml
[2024-09-21 10:20:06.901]:         extracting C:\Program Files\NetBeans-16\netbeans\ide\config\Modules\org-netbeans-modules-editor-settings-storage.xml
[2024-09-21 10:20:06.901]:         extracting C:\Program Files\NetBeans-16\netbeans\ide\config\Modules\org-netbeans-modules-project-spi-intern-impl.xml
[2024-09-21 10:20:06.902]:         extracting C:\Program Files\NetBeans-16\netbeans\platform\update_tracking\org-netbeans-modules-editor-mimelookup.xml
[2024-09-21 10:20:06.904]:         extracting C:\Program Files\NetBeans-16\netbeans\platform\config\ModuleAutoDeps\org-netbeans-modules-options-api.xml
[2024-09-21 10:20:06.906]:         extracting C:\Program Files\NetBeans-16\netbeans\harness\config\Modules\org-netbeans-modules-apisupport-harness.xml
[2024-09-21 10:20:06.906]:         extracting C:\Program Files\NetBeans-16\netbeans\ide\modules\org-netbeans-modules-spellchecker-bindings-htmlxml.jar
[2024-09-21 10:20:06.908]:         extracting C:\Program Files\NetBeans-16\netbeans\ide\update_tracking\org-eclipse-mylyn-wikitext-confluence-core.xml
[2024-09-21 10:20:06.908]:         extracting C:\Program Files\NetBeans-16\netbeans\ide\update_tracking\org-netbeans-modules-xml-schema-completion.xml
[2024-09-21 10:20:06.909]:         extracting C:\Program Files\NetBeans-16\netbeans\ide\update_tracking\org-netbeans-modules-editor-indent-support.xml
[2024-09-21 10:20:06.910]:         extracting C:\Program Files\NetBeans-16\netbeans\ide\update_tracking\org-netbeans-modules-editor-indent-project.xml
[2024-09-21 10:20:06.910]:         extracting C:\Program Files\NetBeans-16\netbeans\ide\update_tracking\org-netbeans-modules-editor-bracesmatching.xml
[2024-09-21 10:20:06.910]:         extracting C:\Program Files\NetBeans-16\netbeans\ide\config\Modules\org-netbeans-modules-editor-errorstripe-api.xml
[2024-09-21 10:20:06.912]:         extracting C:\Program Files\NetBeans-16\netbeans\ide\config\Modules\org-eclipse-core-runtime-compatibility-auth.xml
[2024-09-21 10:20:06.912]:         extracting C:\Program Files\NetBeans-16\netbeans\ide\config\Modules\org-netbeans-modules-dlight-nativeexecution.xml
[2024-09-21 10:20:06.913]:         extracting C:\Program Files\NetBeans-16\netbeans\ide\config\Modules\org-eclipse-mylyn-commons-repositories-core.xml
[2024-09-21 10:20:06.916]:         extracting C:\Program Files\NetBeans-16\netbeans\ide\config\Modules\org-netbeans-modules-spellchecker-apimodule.xml
[2024-09-21 10:20:06.916]:         extracting C:\Program Files\NetBeans-16\netbeans\ide\config\Modules\org-netbeans-modules-project-indexingbridge.xml
[2024-09-21 10:20:06.917]:         extracting C:\Program Files\NetBeans-16\netbeans\platform\update_tracking\org-netbeans-modules-masterfs-windows.xml
[2024-09-21 10:20:06.918]:         extracting C:\Program Files\NetBeans-16\netbeans\platform\update_tracking\org-netbeans-modules-keyring-fallback.xml
[2024-09-21 10:20:06.919]:         extracting C:\Program Files\NetBeans-16\netbeans\platform\config\Modules\org-netbeans-modules-editor-mimelookup.xml
[2024-09-21 10:20:06.920]:         extracting C:\Program Files\NetBeans-16\netbeans\harness\nbi\stub\ext\components\products\helloworld\data\icon.png
[2024-09-21 10:20:06.920]:         extracting C:\Program Files\NetBeans-16\netbeans\ide\update_tracking\org-netbeans-modules-project-libraries-ui.xml
[2024-09-21 10:20:06.921]:         extracting C:\Program Files\NetBeans-16\netbeans\ide\update_tracking\org-netbeans-modules-editor-codetemplates.xml
[2024-09-21 10:20:06.923]:         extracting C:\Program Files\NetBeans-16\netbeans\ide\update_tracking\org-netbeans-modules-javascript2-debug-ui.xml
[2024-09-21 10:20:06.924]:         extracting C:\Program Files\NetBeans-16\netbeans\ide\update_tracking\org-netbeans-modules-web-webkit-debugging.xml
[2024-09-21 10:20:06.924]:         extracting C:\Program Files\NetBeans-16\netbeans\ide\update_tracking\org-netbeans-libs-svnClientAdapter-javahl.xml
[2024-09-21 10:20:06.926]:         extracting C:\Program Files\NetBeans-16\netbeans\ide\update_tracking\org-netbeans-modules-editor-global-format.xml
[2024-09-21 10:20:06.927]:         extracting C:\Program Files\NetBeans-16\netbeans\ide\update_tracking\org-netbeans-modules-editor-tools-storage.xml
[2024-09-21 10:20:06.927]:         extracting C:\Program Files\NetBeans-16\netbeans\ide\update_tracking\org-netbeans-modules-extexecution-process.xml
[2024-09-21 10:20:06.927]:         extracting C:\Program Files\NetBeans-16\netbeans\ide\config\Modules\org-eclipse-mylyn-wikitext-confluence-core.xml
[2024-09-21 10:20:06.928]:         extracting C:\Program Files\NetBeans-16\netbeans\ide\config\Modules\org-netbeans-modules-xml-schema-completion.xml
[2024-09-21 10:20:06.929]:         extracting C:\Program Files\NetBeans-16\netbeans\ide\config\Modules\org-netbeans-modules-editor-indent-support.xml
[2024-09-21 10:20:06.930]:         extracting C:\Program Files\NetBeans-16\netbeans\ide\config\Modules\org-netbeans-modules-editor-indent-project.xml
[2024-09-21 10:20:06.931]:         extracting C:\Program Files\NetBeans-16\netbeans\ide\config\Modules\org-netbeans-modules-editor-bracesmatching.xml
[2024-09-21 10:20:06.931]:         extracting C:\Program Files\NetBeans-16\netbeans\ide\config\ModuleAutoDeps\org-netbeans-modules-options-editor.xml
[2024-09-21 10:20:06.933]:         extracting C:\Program Files\NetBeans-16\netbeans\cpplite\update_tracking\org-netbeans-modules-cpplite-debugger.xml
[2024-09-21 10:20:06.935]:         extracting C:\Program Files\NetBeans-16\netbeans\platform\update_tracking\org-netbeans-modules-masterfs-macosx.xml
[2024-09-21 10:20:06.936]:         extracting C:\Program Files\NetBeans-16\netbeans\platform\config\Modules\org-netbeans-modules-masterfs-windows.xml
[2024-09-21 10:20:06.936]:         extracting C:\Program Files\NetBeans-16\netbeans\platform\config\Modules\org-netbeans-modules-keyring-fallback.xml
[2024-09-21 10:20:06.937]:         extracting C:\Program Files\NetBeans-16\netbeans\ide\update_tracking\org-netbeans-modules-db-sql-visualeditor.xml
[2024-09-21 10:20:06.938]:         extracting C:\Program Files\NetBeans-16\netbeans\ide\update_tracking\org-netbeans-modules-projectui-buildmenu.xml
[2024-09-21 10:20:06.938]:         extracting C:\Program Files\NetBeans-16\netbeans\ide\update_tracking\org-netbeans-modules-versioning-masterfs.xml
[2024-09-21 10:20:06.939]:         extracting C:\Program Files\NetBeans-16\netbeans\ide\update_tracking\org-netbeans-modules-tasklist-projectint.xml
[2024-09-21 10:20:06.939]:         extracting C:\Program Files\NetBeans-16\netbeans\ide\update_tracking\org-netbeans-modules-xml-text-obsolete90.xml
[2024-09-21 10:20:06.940]:         extracting C:\Program Files\NetBeans-16\netbeans\ide\update_tracking\org-netbeans-modules-bugtracking-commons.xml
[2024-09-21 10:20:06.941]:         extracting C:\Program Files\NetBeans-16\netbeans\ide\update_tracking\org-netbeans-modules-editor-settings-lib.xml
[2024-09-21 10:20:06.941]:         extracting C:\Program Files\NetBeans-16\netbeans\ide\update_tracking\org-netbeans-modules-project-ant-compat8.xml
[2024-09-21 10:20:06.943]:         extracting C:\Program Files\NetBeans-16\netbeans\ide\update_tracking\org-eclipse-mylyn-wikitext-markdown-core.xml
[2024-09-21 10:20:06.943]:         extracting C:\Program Files\NetBeans-16\netbeans\ide\config\Modules\org-netbeans-modules-project-libraries-ui.xml
[2024-09-21 10:20:06.944]:         extracting C:\Program Files\NetBeans-16\netbeans\ide\config\Modules\org-netbeans-modules-editor-codetemplates.xml
[2024-09-21 10:20:06.945]:         extracting C:\Program Files\NetBeans-16\netbeans\ide\config\Modules\org-netbeans-modules-javascript2-debug-ui.xml
[2024-09-21 10:20:06.947]:         extracting C:\Program Files\NetBeans-16\netbeans\ide\config\Modules\org-netbeans-modules-web-webkit-debugging.xml
[2024-09-21 10:20:06.948]:         extracting C:\Program Files\NetBeans-16\netbeans\ide\config\Modules\org-netbeans-libs-svnClientAdapter-javahl.xml
[2024-09-21 10:20:06.948]:         extracting C:\Program Files\NetBeans-16\netbeans\ide\config\Modules\org-netbeans-modules-editor-global-format.xml
[2024-09-21 10:20:06.949]:         extracting C:\Program Files\NetBeans-16\netbeans\ide\config\Modules\org-netbeans-modules-editor-tools-storage.xml
[2024-09-21 10:20:06.950]:         extracting C:\Program Files\NetBeans-16\netbeans\ide\config\Modules\org-netbeans-modules-extexecution-process.xml
[2024-09-21 10:20:06.950]:         extracting C:\Program Files\NetBeans-16\netbeans\ide\config\ModuleAutoDeps\org-netbeans-modules-editor-indent.xml
[2024-09-21 10:20:06.951]:         extracting C:\Program Files\NetBeans-16\netbeans\cpplite\update_tracking\org-netbeans-modules-cpplite-project.xml
[2024-09-21 10:20:06.952]:         extracting C:\Program Files\NetBeans-16\netbeans\cpplite\config\Modules\org-netbeans-modules-cpplite-debugger.xml
[2024-09-21 10:20:06.953]:         extracting C:\Program Files\NetBeans-16\netbeans\platform\modules\org-netbeans-modules-editor-mimelookup-impl.jar
[2024-09-21 10:20:06.955]:         extracting C:\Program Files\NetBeans-16\netbeans\platform\update_tracking\org-netbeans-modules-masterfs-linux.xml
[2024-09-21 10:20:06.955]:         extracting C:\Program Files\NetBeans-16\netbeans\platform\update_tracking\org-netbeans-modules-options-keymap.xml
[2024-09-21 10:20:06.956]:         extracting C:\Program Files\NetBeans-16\netbeans\platform\update_tracking\org-netbeans-modules-autoupdate-cli.xml
[2024-09-21 10:20:06.956]:         extracting C:\Program Files\NetBeans-16\netbeans\platform\update_tracking\org-netbeans-api-annotations-common.xml
[2024-09-21 10:20:06.957]:         extracting C:\Program Files\NetBeans-16\netbeans\platform\config\Modules\org-netbeans-modules-masterfs-macosx.xml
[2024-09-21 10:20:06.959]:         extracting C:\Program Files\NetBeans-16\netbeans\platform\config\ModuleAutoDeps\org-netbeans-modules-masterfs.xml
[2024-09-21 10:20:06.960]:         extracting C:\Program Files\NetBeans-16\netbeans\harness\nbi\stub\ext\components\products\helloworld\manifest.mf
[2024-09-21 10:20:06.960]:         extracting C:\Program Files\NetBeans-16\netbeans\ide\modules\org-netbeans-modules-spellchecker-dictionary_en.jar
[2024-09-21 10:20:06.962]:         extracting C:\Program Files\NetBeans-16\netbeans\ide\update_tracking\org-netbeans-modules-editor-errorstripe.xml
[2024-09-21 10:20:06.962]:         extracting C:\Program Files\NetBeans-16\netbeans\ide\update_tracking\org-netbeans-modules-project-dependency.xml
[2024-09-21 10:20:06.963]:         extracting C:\Program Files\NetBeans-16\netbeans\ide\update_tracking\org-netbeans-modules-project-spi-intern.xml
[2024-09-21 10:20:06.964]:         extracting C:\Program Files\NetBeans-16\netbeans\ide\update_tracking\org-eclipse-mylyn-wikitext-textile-core.xml
[2024-09-21 10:20:06.966]:         extracting C:\Program Files\NetBeans-16\netbeans\ide\update_tracking\org-netbeans-modules-editor-breadcrumbs.xml
[2024-09-21 10:20:06.968]:         extracting C:\Program Files\NetBeans-16\netbeans\ide\update_tracking\org-netbeans-modules-languages-manifest.xml
[2024-09-21 10:20:06.969]:         extracting C:\Program Files\NetBeans-16\netbeans\ide\update_tracking\org-netbeans-modules-bugtracking-bridge.xml
[2024-09-21 10:20:06.970]:         extracting C:\Program Files\NetBeans-16\netbeans\ide\config\Modules\org-netbeans-modules-db-sql-visualeditor.xml
[2024-09-21 10:20:06.970]:         extracting C:\Program Files\NetBeans-16\netbeans\ide\config\Modules\org-netbeans-modules-projectui-buildmenu.xml
[2024-09-21 10:20:06.971]:         extracting C:\Program Files\NetBeans-16\netbeans\ide\config\Modules\org-netbeans-modules-versioning-masterfs.xml
[2024-09-21 10:20:06.972]:         extracting C:\Program Files\NetBeans-16\netbeans\ide\config\Modules\org-netbeans-modules-tasklist-projectint.xml
[2024-09-21 10:20:06.972]:         extracting C:\Program Files\NetBeans-16\netbeans\ide\config\Modules\org-netbeans-modules-xml-text-obsolete90.xml
[2024-09-21 10:20:06.974]:         extracting C:\Program Files\NetBeans-16\netbeans\ide\config\Modules\org-netbeans-modules-bugtracking-commons.xml
[2024-09-21 10:20:06.975]:         extracting C:\Program Files\NetBeans-16\netbeans\ide\config\Modules\org-netbeans-modules-editor-settings-lib.xml
[2024-09-21 10:20:06.975]:         extracting C:\Program Files\NetBeans-16\netbeans\ide\config\Modules\org-netbeans-modules-project-ant-compat8.xml
[2024-09-21 10:20:06.978]:         extracting C:\Program Files\NetBeans-16\netbeans\ide\config\Modules\org-eclipse-mylyn-wikitext-markdown-core.xml
[2024-09-21 10:20:06.979]:         extracting C:\Program Files\NetBeans-16\netbeans\ide\config\ModuleAutoDeps\org-netbeans-modules-projectuiapi.xml
[2024-09-21 10:20:06.980]:         extracting C:\Program Files\NetBeans-16\netbeans\cpplite\update_tracking\org-netbeans-modules-cpplite-editor.xml
[2024-09-21 10:20:06.981]:         extracting C:\Program Files\NetBeans-16\netbeans\cpplite\config\Modules\org-netbeans-modules-cpplite-project.xml
[2024-09-21 10:20:06.982]:         extracting C:\Program Files\NetBeans-16\netbeans\nb\modules\org-netbeans-modules-uihandler-exceptionreporter.jar
[2024-09-21 10:20:06.984]:         extracting C:\Program Files\NetBeans-16\netbeans\platform\update_tracking\org-netbeans-modules-autoupdate-ui.xml
[2024-09-21 10:20:06.985]:         extracting C:\Program Files\NetBeans-16\netbeans\platform\update_tracking\org-netbeans-modules-masterfs-nio2.xml
[2024-09-21 10:20:06.987]:         extracting C:\Program Files\NetBeans-16\netbeans\platform\config\Modules\org-netbeans-modules-masterfs-linux.xml
[2024-09-21 10:20:06.987]:         extracting C:\Program Files\NetBeans-16\netbeans\platform\config\Modules\org-netbeans-modules-options-keymap.xml
[2024-09-21 10:20:06.988]:         extracting C:\Program Files\NetBeans-16\netbeans\platform\config\Modules\org-netbeans-modules-autoupdate-cli.xml
[2024-09-21 10:20:06.989]:         extracting C:\Program Files\NetBeans-16\netbeans\platform\config\Modules\org-netbeans-api-annotations-common.xml
[2024-09-21 10:20:06.991]:         extracting C:\Program Files\NetBeans-16\netbeans\platform\config\ModuleAutoDeps\org-netbeans-modules-queries.xml
[2024-09-21 10:20:06.993]:         extracting C:\Program Files\NetBeans-16\netbeans\harness\nbi\stub\ext\infra\build\products\helloworld\build.xml
[2024-09-21 10:20:06.994]:         extracting C:\Program Files\NetBeans-16\netbeans\harness\nbi\stub\ext\engine\src\org\mycompany\installer\wizard
[2024-09-21 10:20:06.994]:         extracting C:\Program Files\NetBeans-16\netbeans\ide\modules\org-netbeans-modules-versioning-indexingbridge.jar
[2024-09-21 10:20:06.995]:         extracting C:\Program Files\NetBeans-16\netbeans\ide\modules\org-netbeans-modules-extexecution-process-jdk9.jar
[2024-09-21 10:20:06.996]:         extracting C:\Program Files\NetBeans-16\netbeans\ide\modules\org-netbeans-modules-dlight-nativeexecution-nb.jar
[2024-09-21 10:20:06.999]:         extracting C:\Program Files\NetBeans-16\netbeans\ide\update_tracking\org-netbeans-modules-hudson-subversion.xml
[2024-09-21 10:20:07.000]:         extracting C:\Program Files\NetBeans-16\netbeans\ide\update_tracking\org-netbeans-modules-extexecution-impl.xml
[2024-09-21 10:20:07.001]:         extracting C:\Program Files\NetBeans-16\netbeans\ide\update_tracking\org-netbeans-modules-project-libraries.xml
[2024-09-21 10:20:07.002]:         extracting C:\Program Files\NetBeans-16\netbeans\ide\update_tracking\org-netbeans-modules-projectuiapi-base.xml
[2024-09-21 10:20:07.003]:         extracting C:\Program Files\NetBeans-16\netbeans\ide\update_tracking\org-netbeans-spi-editor-hints-projects.xml
[2024-09-21 10:20:07.003]:         extracting C:\Program Files\NetBeans-16\netbeans\ide\update_tracking\org-netbeans-modules-properties-syntax.xml
[2024-09-21 10:20:07.004]:         extracting C:\Program Files\NetBeans-16\netbeans\ide\update_tracking\org-netbeans-modules-javascript2-debug.xml
[2024-09-21 10:20:07.006]:         extracting C:\Program Files\NetBeans-16\netbeans\ide\update_tracking\org-netbeans-modules-gsf-testrunner-ui.xml
[2024-09-21 10:20:07.007]:         extracting C:\Program Files\NetBeans-16\netbeans\ide\update_tracking\org-netbeans-modules-db-metadata-model.xml
[2024-09-21 10:20:07.008]:         extracting C:\Program Files\NetBeans-16\netbeans\ide\update_tracking\org-netbeans-modules-extexecution-base.xml
[2024-09-21 10:20:07.008]:         extracting C:\Program Files\NetBeans-16\netbeans\ide\update_tracking\org-netbeans-modules-utilities-project.xml
[2024-09-21 10:20:07.009]:         extracting C:\Program Files\NetBeans-16\netbeans\ide\update_tracking\org-netbeans-modules-editor-completion.xml
[2024-09-21 10:20:07.010]:         extracting C:\Program Files\NetBeans-16\netbeans\ide\config\Modules\org-netbeans-modules-editor-errorstripe.xml
[2024-09-21 10:20:07.011]:         extracting C:\Program Files\NetBeans-16\netbeans\ide\config\Modules\org-netbeans-modules-project-dependency.xml
[2024-09-21 10:20:07.012]:         extracting C:\Program Files\NetBeans-16\netbeans\ide\config\Modules\org-netbeans-modules-project-spi-intern.xml
[2024-09-21 10:20:07.013]:         extracting C:\Program Files\NetBeans-16\netbeans\ide\config\Modules\org-eclipse-mylyn-wikitext-textile-core.xml
[2024-09-21 10:20:07.014]:         extracting C:\Program Files\NetBeans-16\netbeans\ide\config\Modules\org-netbeans-modules-editor-breadcrumbs.xml
[2024-09-21 10:20:07.015]:         extracting C:\Program Files\NetBeans-16\netbeans\ide\config\Modules\org-netbeans-modules-languages-manifest.xml
[2024-09-21 10:20:07.016]:         extracting C:\Program Files\NetBeans-16\netbeans\ide\config\Modules\org-netbeans-modules-bugtracking-bridge.xml
[2024-09-21 10:20:07.017]:         extracting C:\Program Files\NetBeans-16\netbeans\ide\config\ModuleAutoDeps\org-netbeans-modules-parsing-api.xml
[2024-09-21 10:20:07.018]:         extracting C:\Program Files\NetBeans-16\netbeans\ide\config\ModuleAutoDeps\org-netbeans-modules-project-ant.xml
[2024-09-21 10:20:07.018]:         extracting C:\Program Files\NetBeans-16\netbeans\ide\config\ModuleAutoDeps\org-netbeans-modules-xml-catalog.xml
[2024-09-21 10:20:07.019]:         extracting C:\Program Files\NetBeans-16\netbeans\ide\config\ModuleAutoDeps\org-netbeans-modules-html-editor.xml
[2024-09-21 10:20:07.021]:         extracting C:\Program Files\NetBeans-16\netbeans\ide\config\ModuleAutoDeps\org-netbeans-modules-editor-lib2.xml
[2024-09-21 10:20:07.021]:         extracting C:\Program Files\NetBeans-16\netbeans\cpplite\config\Modules\org-netbeans-modules-cpplite-editor.xml
[2024-09-21 10:20:07.023]:         extracting C:\Program Files\NetBeans-16\netbeans\nb\modules\org-netbeans-modules-bugzilla-exceptionreporter.jar
[2024-09-21 10:20:07.024]:         extracting C:\Program Files\NetBeans-16\netbeans\platform\update_tracking\org-netbeans-modules-keyring-impl.xml
[2024-09-21 10:20:07.025]:         extracting C:\Program Files\NetBeans-16\netbeans\platform\update_tracking\org-netbeans-api-progress-compat8.xml
[2024-09-21 10:20:07.026]:         extracting C:\Program Files\NetBeans-16\netbeans\platform\config\Modules\org-netbeans-modules-autoupdate-ui.xml
[2024-09-21 10:20:07.027]:         extracting C:\Program Files\NetBeans-16\netbeans\platform\config\Modules\org-netbeans-modules-masterfs-nio2.xml
[2024-09-21 10:20:07.028]:         extracting C:\Program Files\NetBeans-16\netbeans\extide\update_tracking\org-netbeans-modules-gradle-editor.xml
[2024-09-21 10:20:07.030]:         extracting C:\Program Files\NetBeans-16\netbeans\harness\nbi\stub\ext\components\products\helloworld\build.xml
[2024-09-21 10:20:07.031]:         extracting C:\Program Files\NetBeans-16\netbeans\harness\nbi\stub\ext\components\products\helloworld\nbproject
[2024-09-21 10:20:07.032]:         extracting C:\Program Files\NetBeans-16\netbeans\harness\nbi\stub\ext\engine\src\org\mycompany\installer\utils
[2024-09-21 10:20:07.032]:         extracting C:\Program Files\NetBeans-16\netbeans\ide\update_tracking\org-netbeans-modules-editor-plain-lib.xml
[2024-09-21 10:20:07.033]:         extracting C:\Program Files\NetBeans-16\netbeans\ide\update_tracking\org-netbeans-modules-spellchecker-kit.xml
[2024-09-21 10:20:07.033]:         extracting C:\Program Files\NetBeans-16\netbeans\ide\update_tracking\org-netbeans-modules-selenium2-server.xml
[2024-09-21 10:20:07.036]:         extracting C:\Program Files\NetBeans-16\netbeans\ide\update_tracking\org-netbeans-modules-parsing-indexing.xml
[2024-09-21 10:20:07.036]:         extracting C:\Program Files\NetBeans-16\netbeans\ide\update_tracking\org-netbeans-modules-xml-schema-model.xml
[2024-09-21 10:20:07.037]:         extracting C:\Program Files\NetBeans-16\netbeans\ide\update_tracking\org-netbeans-modules-hudson-mercurial.xml
[2024-09-21 10:20:07.038]:         extracting C:\Program Files\NetBeans-16\netbeans\ide\update_tracking\org-netbeans-modules-editor-structure.xml
[2024-09-21 10:20:07.039]:         extracting C:\Program Files\NetBeans-16\netbeans\ide\update_tracking\org-netbeans-modules-editor-bookmarks.xml
[2024-09-21 10:20:07.039]:         extracting C:\Program Files\NetBeans-16\netbeans\ide\update_tracking\org-netbeans-modules-swing-validation.xml
[2024-09-21 10:20:07.041]:         extracting C:\Program Files\NetBeans-16\netbeans\ide\update_tracking\org-netbeans-modules-editor-fold-nbui.xml
[2024-09-21 10:20:07.041]:         extracting C:\Program Files\NetBeans-16\netbeans\ide\update_tracking\org-netbeans-modules-gsf-codecoverage.xml
[2024-09-21 10:20:07.043]:         extracting C:\Program Files\NetBeans-16\netbeans\ide\config\Modules\org-netbeans-modules-hudson-subversion.xml
[2024-09-21 10:20:07.044]:         extracting C:\Program Files\NetBeans-16\netbeans\ide\config\Modules\org-netbeans-modules-extexecution-impl.xml
[2024-09-21 10:20:07.044]:         extracting C:\Program Files\NetBeans-16\netbeans\ide\config\Modules\org-netbeans-modules-project-libraries.xml
[2024-09-21 10:20:07.045]:         extracting C:\Program Files\NetBeans-16\netbeans\ide\config\Modules\org-netbeans-modules-projectuiapi-base.xml
[2024-09-21 10:20:07.046]:         extracting C:\Program Files\NetBeans-16\netbeans\ide\config\Modules\org-netbeans-spi-editor-hints-projects.xml
[2024-09-21 10:20:07.047]:         extracting C:\Program Files\NetBeans-16\netbeans\ide\config\Modules\org-netbeans-modules-properties-syntax.xml
[2024-09-21 10:20:07.047]:         extracting C:\Program Files\NetBeans-16\netbeans\ide\config\Modules\org-netbeans-modules-javascript2-debug.xml
[2024-09-21 10:20:07.048]:         extracting C:\Program Files\NetBeans-16\netbeans\ide\config\Modules\org-netbeans-modules-gsf-testrunner-ui.xml
[2024-09-21 10:20:07.049]:         extracting C:\Program Files\NetBeans-16\netbeans\ide\config\Modules\org-netbeans-modules-db-metadata-model.xml
[2024-09-21 10:20:07.050]:         extracting C:\Program Files\NetBeans-16\netbeans\ide\config\Modules\org-netbeans-modules-extexecution-base.xml
[2024-09-21 10:20:07.051]:         extracting C:\Program Files\NetBeans-16\netbeans\ide\config\Modules\org-netbeans-modules-utilities-project.xml
[2024-09-21 10:20:07.053]:         extracting C:\Program Files\NetBeans-16\netbeans\ide\config\Modules\org-netbeans-modules-editor-completion.xml
[2024-09-21 10:20:07.054]:         extracting C:\Program Files\NetBeans-16\netbeans\ide\config\ModuleAutoDeps\org-netbeans-modules-projectapi.xml
[2024-09-21 10:20:07.055]:         extracting C:\Program Files\NetBeans-16\netbeans\ide\config\ModuleAutoDeps\org-netbeans-modules-editor-lib.xml
[2024-09-21 10:20:07.055]:         extracting C:\Program Files\NetBeans-16\netbeans\nb\modules\org-netbeans-modules-autoupdate-pluginimporter.jar
[2024-09-21 10:20:07.057]:         extracting C:\Program Files\NetBeans-16\netbeans\nb\update_tracking\org-netbeans-modules-deadlock-detector.xml
[2024-09-21 10:20:07.058]:         extracting C:\Program Files\NetBeans-16\netbeans\platform\modules\org-netbeans-modules-autoupdate-services.jar
[2024-09-21 10:20:07.063]:         extracting C:\Program Files\NetBeans-16\netbeans\platform\update_tracking\org-netbeans-modules-masterfs-ui.xml
[2024-09-21 10:20:07.064]:         extracting C:\Program Files\NetBeans-16\netbeans\platform\update_tracking\org-netbeans-modules-templatesui.xml
[2024-09-21 10:20:07.065]:         extracting C:\Program Files\NetBeans-16\netbeans\platform\update_tracking\org-netbeans-modules-spi-actions.xml
[2024-09-21 10:20:07.065]:         extracting C:\Program Files\NetBeans-16\netbeans\platform\update_tracking\org-netbeans-modules-progress-ui.xml
[2024-09-21 10:20:07.067]:         extracting C:\Program Files\NetBeans-16\netbeans\platform\update_tracking\org-netbeans-html-presenters-spi.xml
[2024-09-21 10:20:07.068]:         extracting C:\Program Files\NetBeans-16\netbeans\platform\update_tracking\org-netbeans-modules-options-api.xml
[2024-09-21 10:20:07.068]:         extracting C:\Program Files\NetBeans-16\netbeans\platform\config\Modules\org-netbeans-modules-keyring-impl.xml
[2024-09-21 10:20:07.069]:         extracting C:\Program Files\NetBeans-16\netbeans\platform\config\Modules\org-netbeans-api-progress-compat8.xml
[2024-09-21 10:20:07.070]:         extracting C:\Program Files\NetBeans-16\netbeans\extide\update_tracking\org-netbeans-modules-gradle-dists.xml
[2024-09-21 10:20:07.072]:         extracting C:\Program Files\NetBeans-16\netbeans\extide\update_tracking\org-netbeans-modules-options-java.xml
[2024-09-21 10:20:07.073]:         extracting C:\Program Files\NetBeans-16\netbeans\extide\config\Modules\org-netbeans-modules-gradle-editor.xml
[2024-09-21 10:20:07.075]:         extracting C:\Program Files\NetBeans-16\netbeans\extide\ant\etc\checkstyle\checkstyle-frames-sortby-check.xsl
[2024-09-21 10:20:07.077]:         extracting C:\Program Files\NetBeans-16\netbeans\harness\modules\org-netbeans-modules-jellytools-platform.jar
[2024-09-21 10:20:07.081]:         extracting C:\Program Files\NetBeans-16\netbeans\harness\nbi\stub\ext\engine\src\native\launcher\windows\i18n
[2024-09-21 10:20:07.081]:         extracting C:\Program Files\NetBeans-16\netbeans\ide\modules\org-netbeans-modules-editor-settings-storage.jar
[2024-09-21 10:20:07.082]:         extracting C:\Program Files\NetBeans-16\netbeans\ide\modules\org-netbeans-modules-project-spi-intern-impl.jar
[2024-09-21 10:20:07.085]:         extracting C:\Program Files\NetBeans-16\netbeans\ide\modules\lib\riscv64\linux\libjunixsocket-native-2.5.1.so
[2024-09-21 10:20:07.087]:         extracting C:\Program Files\NetBeans-16\netbeans\ide\modules\lib\aarch64\linux\libjunixsocket-native-2.5.1.so
[2024-09-21 10:20:07.089]:         extracting C:\Program Files\NetBeans-16\netbeans\ide\update_tracking\org-netbeans-modules-dlight-terminal.xml
[2024-09-21 10:20:07.090]:         extracting C:\Program Files\NetBeans-16\netbeans\ide\update_tracking\org-netbeans-modules-hudson-tasklist.xml
[2024-09-21 10:20:07.091]:         extracting C:\Program Files\NetBeans-16\netbeans\ide\update_tracking\org-netbeans-modules-editor-settings.xml
[2024-09-21 10:20:07.092]:         extracting C:\Program Files\NetBeans-16\netbeans\ide\update_tracking\org-netbeans-modules-refactoring-api.xml
[2024-09-21 10:20:07.095]:         extracting C:\Program Files\NetBeans-16\netbeans\ide\update_tracking\org-netbeans-modules-versioning-util.xml
[2024-09-21 10:20:07.096]:         extracting C:\Program Files\NetBeans-16\netbeans\ide\update_tracking\org-netbeans-modules-html-editor-lib.xml
[2024-09-21 10:20:07.098]:         extracting C:\Program Files\NetBeans-16\netbeans\ide\update_tracking\org-netbeans-modules-versioning-core.xml
[2024-09-21 10:20:07.100]:         extracting C:\Program Files\NetBeans-16\netbeans\ide\update_tracking\org-netbeans-modules-html-validation.xml
[2024-09-21 10:20:07.101]:         extracting C:\Program Files\NetBeans-16\netbeans\ide\update_tracking\org-netbeans-modules-editor-document.xml
[2024-09-21 10:20:07.103]:         extracting C:\Program Files\NetBeans-16\netbeans\ide\update_tracking\org-netbeans-modules-web-browser-api.xml
[2024-09-21 10:20:07.104]:         extracting C:\Program Files\NetBeans-16\netbeans\ide\update_tracking\org-netbeans-modules-editor-autosave.xml
[2024-09-21 10:20:07.107]:         extracting C:\Program Files\NetBeans-16\netbeans\ide\update_tracking\org-netbeans-modules-target-iterator.xml
[2024-09-21 10:20:07.108]:         extracting C:\Program Files\NetBeans-16\netbeans\ide\update_tracking\org-netbeans-modules-nativeimage-api.xml
[2024-09-21 10:20:07.109]:         extracting C:\Program Files\NetBeans-16\netbeans\ide\config\Modules\org-netbeans-modules-editor-plain-lib.xml
[2024-09-21 10:20:07.110]:         extracting C:\Program Files\NetBeans-16\netbeans\ide\config\Modules\org-netbeans-modules-spellchecker-kit.xml
[2024-09-21 10:20:07.111]:         extracting C:\Program Files\NetBeans-16\netbeans\ide\config\Modules\org-netbeans-modules-selenium2-server.xml
[2024-09-21 10:20:07.112]:         extracting C:\Program Files\NetBeans-16\netbeans\ide\config\Modules\org-netbeans-modules-parsing-indexing.xml
[2024-09-21 10:20:07.114]:         extracting C:\Program Files\NetBeans-16\netbeans\ide\config\Modules\org-netbeans-modules-xml-schema-model.xml
[2024-09-21 10:20:07.115]:         extracting C:\Program Files\NetBeans-16\netbeans\ide\config\Modules\org-netbeans-modules-hudson-mercurial.xml
[2024-09-21 10:20:07.116]:         extracting C:\Program Files\NetBeans-16\netbeans\ide\config\Modules\org-netbeans-modules-editor-structure.xml
[2024-09-21 10:20:07.117]:         extracting C:\Program Files\NetBeans-16\netbeans\ide\config\Modules\org-netbeans-modules-editor-bookmarks.xml
[2024-09-21 10:20:07.118]:         extracting C:\Program Files\NetBeans-16\netbeans\ide\config\Modules\org-netbeans-modules-swing-validation.xml
[2024-09-21 10:20:07.119]:         extracting C:\Program Files\NetBeans-16\netbeans\ide\config\Modules\org-netbeans-modules-editor-fold-nbui.xml
[2024-09-21 10:20:07.119]:         extracting C:\Program Files\NetBeans-16\netbeans\ide\config\Modules\org-netbeans-modules-gsf-codecoverage.xml
[2024-09-21 10:20:07.121]:         extracting C:\Program Files\NetBeans-16\netbeans\cpplite\update_tracking\org-netbeans-modules-cpplite-kit.xml
[2024-09-21 10:20:07.122]:         extracting C:\Program Files\NetBeans-16\netbeans\nb\update_tracking\org-netbeans-modules-ide-branding-kit.xml
[2024-09-21 10:20:07.122]:         extracting C:\Program Files\NetBeans-16\netbeans\nb\config\Modules\org-netbeans-modules-deadlock-detector.xml
[2024-09-21 10:20:07.123]:         extracting C:\Program Files\NetBeans-16\netbeans\platform\update_tracking\org-openide-filesystems-compat8.xml
[2024-09-21 10:20:07.124]:         extracting C:\Program Files\NetBeans-16\netbeans\platform\config\Modules\org-netbeans-modules-masterfs-ui.xml
[2024-09-21 10:20:07.124]:         extracting C:\Program Files\NetBeans-16\netbeans\platform\config\Modules\org-netbeans-modules-templatesui.xml
[2024-09-21 10:20:07.126]:         extracting C:\Program Files\NetBeans-16\netbeans\platform\config\Modules\org-netbeans-modules-spi-actions.xml
[2024-09-21 10:20:07.126]:         extracting C:\Program Files\NetBeans-16\netbeans\platform\config\Modules\org-netbeans-modules-progress-ui.xml
[2024-09-21 10:20:07.127]:         extracting C:\Program Files\NetBeans-16\netbeans\platform\config\Modules\org-netbeans-html-presenters-spi.xml
[2024-09-21 10:20:07.128]:         extracting C:\Program Files\NetBeans-16\netbeans\platform\config\Modules\org-netbeans-modules-options-api.xml
[2024-09-21 10:20:07.129]:         extracting C:\Program Files\NetBeans-16\netbeans\platform\config\ModuleAutoDeps\org-netbeans-api-progress.xml
[2024-09-21 10:20:07.129]:         extracting C:\Program Files\NetBeans-16\netbeans\platform\config\ModuleAutoDeps\org-netbeans-core-startup.xml
[2024-09-21 10:20:07.130]:         extracting C:\Program Files\NetBeans-16\netbeans\extide\update_tracking\org-netbeans-modules-libs-gradle.xml
[2024-09-21 10:20:07.131]:         extracting C:\Program Files\NetBeans-16\netbeans\extide\config\Modules\org-netbeans-modules-gradle-dists.xml
[2024-09-21 10:20:07.132]:         extracting C:\Program Files\NetBeans-16\netbeans\extide\config\Modules\org-netbeans-modules-options-java.xml
[2024-09-21 10:20:07.132]:         extracting C:\Program Files\NetBeans-16\netbeans\harness\modules\org-netbeans-modules-apisupport-harness.jar
[2024-09-21 10:20:07.135]:         extracting C:\Program Files\NetBeans-16\netbeans\harness\nbi\stub\ext\components\products\helloworld\src\org
[2024-09-21 10:20:07.135]:         extracting C:\Program Files\NetBeans-16\netbeans\ide\modules\org-eclipse-core-runtime-compatibility-auth.jar
[2024-09-21 10:20:07.136]:         extracting C:\Program Files\NetBeans-16\netbeans\ide\modules\org-eclipse-mylyn-commons-repositories-core.jar
[2024-09-21 10:20:07.137]:         extracting C:\Program Files\NetBeans-16\netbeans\ide\modules\org-netbeans-modules-dlight-nativeexecution.jar
[2024-09-21 10:20:07.143]:         extracting C:\Program Files\NetBeans-16\netbeans\ide\modules\org-netbeans-modules-spellchecker-apimodule.jar
[2024-09-21 10:20:07.147]:         extracting C:\Program Files\NetBeans-16\netbeans\ide\modules\org-netbeans-modules-editor-errorstripe-api.jar
[2024-09-21 10:20:07.148]:         extracting C:\Program Files\NetBeans-16\netbeans\ide\modules\org-netbeans-modules-project-indexingbridge.jar
[2024-09-21 10:20:07.149]:         extracting C:\Program Files\NetBeans-16\netbeans\ide\update_tracking\org-netbeans-modules-languages-diff.xml
[2024-09-21 10:20:07.152]:         extracting C:\Program Files\NetBeans-16\netbeans\ide\update_tracking\org-netbeans-modules-project-ant-ui.xml
[2024-09-21 10:20:07.153]:         extracting C:\Program Files\NetBeans-16\netbeans\ide\update_tracking\org-netbeans-modules-gsf-testrunner.xml
[2024-09-21 10:20:07.154]:         extracting C:\Program Files\NetBeans-16\netbeans\ide\update_tracking\org-netbeans-modules-xml-wsdl-model.xml
[2024-09-21 10:20:07.155]:         extracting C:\Program Files\NetBeans-16\netbeans\ide\update_tracking\org-netbeans-modules-editor-actions.xml
[2024-09-21 10:20:07.156]:         extracting C:\Program Files\NetBeans-16\netbeans\ide\update_tracking\org-netbeans-modules-parsing-lucene.xml
[2024-09-21 10:20:07.157]:         extracting C:\Program Files\NetBeans-16\netbeans\ide\update_tracking\org-netbeans-modules-languages-toml.xml
[2024-09-21 10:20:07.158]:         extracting C:\Program Files\NetBeans-16\netbeans\ide\update_tracking\org-netbeans-core-multitabs-project.xml
[2024-09-21 10:20:07.160]:         extracting C:\Program Files\NetBeans-16\netbeans\ide\update_tracking\org-netbeans-modules-textmate-lexer.xml
[2024-09-21 10:20:07.163]:         extracting C:\Program Files\NetBeans-16\netbeans\ide\update_tracking\org-netbeans-modules-options-editor.xml
[2024-09-21 10:20:07.164]:         extracting C:\Program Files\NetBeans-16\netbeans\ide\update_tracking\org-netbeans-modules-lexer-nbbridge.xml
[2024-09-21 10:20:07.167]:         extracting C:\Program Files\NetBeans-16\netbeans\ide\update_tracking\org-netbeans-modules-languages-yaml.xml
[2024-09-21 10:20:07.169]:         extracting C:\Program Files\NetBeans-16\netbeans\ide\update_tracking\org-netbeans-modules-xml-catalog-ui.xml
[2024-09-21 10:20:07.170]:         extracting C:\Program Files\NetBeans-16\netbeans\ide\update_tracking\org-netbeans-modules-jellytools-ide.xml
[2024-09-21 10:20:07.171]:         extracting C:\Program Files\NetBeans-16\netbeans\ide\config\Modules\org-netbeans-modules-dlight-terminal.xml
[2024-09-21 10:20:07.173]:         extracting C:\Program Files\NetBeans-16\netbeans\ide\config\Modules\org-netbeans-modules-hudson-tasklist.xml
[2024-09-21 10:20:07.175]:         extracting C:\Program Files\NetBeans-16\netbeans\ide\config\Modules\org-netbeans-modules-editor-settings.xml
[2024-09-21 10:20:07.175]:         extracting C:\Program Files\NetBeans-16\netbeans\ide\config\Modules\org-netbeans-modules-refactoring-api.xml
[2024-09-21 10:20:07.177]:         extracting C:\Program Files\NetBeans-16\netbeans\ide\config\Modules\org-netbeans-modules-versioning-util.xml
[2024-09-21 10:20:07.180]:         extracting C:\Program Files\NetBeans-16\netbeans\ide\config\Modules\org-netbeans-modules-html-editor-lib.xml
[2024-09-21 10:20:07.181]:         extracting C:\Program Files\NetBeans-16\netbeans\ide\config\Modules\org-netbeans-modules-versioning-core.xml
[2024-09-21 10:20:07.184]:         extracting C:\Program Files\NetBeans-16\netbeans\ide\config\Modules\org-netbeans-modules-html-validation.xml
[2024-09-21 10:20:07.184]:         extracting C:\Program Files\NetBeans-16\netbeans\ide\config\Modules\org-netbeans-modules-editor-document.xml
[2024-09-21 10:20:07.186]:         extracting C:\Program Files\NetBeans-16\netbeans\ide\config\Modules\org-netbeans-modules-web-browser-api.xml
[2024-09-21 10:20:07.187]:         extracting C:\Program Files\NetBeans-16\netbeans\ide\config\Modules\org-netbeans-modules-editor-autosave.xml
[2024-09-21 10:20:07.188]:         extracting C:\Program Files\NetBeans-16\netbeans\ide\config\Modules\org-netbeans-modules-target-iterator.xml
[2024-09-21 10:20:07.188]:         extracting C:\Program Files\NetBeans-16\netbeans\ide\config\Modules\org-netbeans-modules-nativeimage-api.xml
[2024-09-21 10:20:07.190]:         extracting C:\Program Files\NetBeans-16\netbeans\ide\config\ModuleAutoDeps\org-netbeans-modules-xml-text.xml
[2024-09-21 10:20:07.191]:         extracting C:\Program Files\NetBeans-16\netbeans\cpplite\config\Modules\org-netbeans-modules-cpplite-kit.xml
[2024-09-21 10:20:07.193]:         extracting C:\Program Files\NetBeans-16\netbeans\nb\modules\locale\org-netbeans-modules-autoupdate-ui_nb.jar
[2024-09-21 10:20:07.195]:         extracting C:\Program Files\NetBeans-16\netbeans\nb\config\Modules\org-netbeans-modules-ide-branding-kit.xml
[2024-09-21 10:20:07.195]:         extracting C:\Program Files\NetBeans-16\netbeans\platform\modules\org-netbeans-modules-editor-mimelookup.jar
[2024-09-21 10:20:07.199]:         extracting C:\Program Files\NetBeans-16\netbeans\platform\update_tracking\org-netbeans-core-startup-base.xml
[2024-09-21 10:20:07.200]:         extracting C:\Program Files\NetBeans-16\netbeans\platform\update_tracking\org-netbeans-libs-jna-platform.xml
[2024-09-21 10:20:07.201]:         extracting C:\Program Files\NetBeans-16\netbeans\platform\update_tracking\org-netbeans-modules-uihandler.xml
[2024-09-21 10:20:07.201]:         extracting C:\Program Files\NetBeans-16\netbeans\platform\update_tracking\org-netbeans-modules-templates.xml
[2024-09-21 10:20:07.203]:         extracting C:\Program Files\NetBeans-16\netbeans\platform\update_tracking\org-netbeans-modules-applemenu.xml
[2024-09-21 10:20:07.204]:         extracting C:\Program Files\NetBeans-16\netbeans\platform\update_tracking\org-netbeans-modules-favorites.xml
[2024-09-21 10:20:07.205]:         extracting C:\Program Files\NetBeans-16\netbeans\platform\update_tracking\org-netbeans-swing-laf-flatlaf.xml
[2024-09-21 10:20:07.205]:         extracting C:\Program Files\NetBeans-16\netbeans\platform\update_tracking\org-netbeans-core-nativeaccess.xml
[2024-09-21 10:20:07.206]:         extracting C:\Program Files\NetBeans-16\netbeans\extide\config\Modules\org-netbeans-modules-libs-gradle.xml
[2024-09-21 10:20:07.207]:         extracting C:\Program Files\NetBeans-16\netbeans\ide\modules\org-netbeans-modules-editor-indent-support.jar
[2024-09-21 10:20:07.208]:         extracting C:\Program Files\NetBeans-16\netbeans\ide\modules\org-netbeans-modules-editor-bracesmatching.jar
[2024-09-21 10:20:07.211]:         extracting C:\Program Files\NetBeans-16\netbeans\ide\modules\org-eclipse-mylyn-wikitext-confluence-core.jar
[2024-09-21 10:20:07.214]:         extracting C:\Program Files\NetBeans-16\netbeans\ide\modules\lib\amd64\linux\libjunixsocket-native-2.5.1.so
[2024-09-21 10:20:07.216]:         extracting C:\Program Files\NetBeans-16\netbeans\ide\modules\org-netbeans-modules-xml-schema-completion.jar
[2024-09-21 10:20:07.218]:         extracting C:\Program Files\NetBeans-16\netbeans\ide\modules\org-netbeans-modules-editor-indent-project.jar
[2024-09-21 10:20:07.220]:         extracting C:\Program Files\NetBeans-16\netbeans\ide\update_tracking\org-netbeans-modules-tasklist-todo.xml
[2024-09-21 10:20:07.221]:         extracting C:\Program Files\NetBeans-16\netbeans\ide\update_tracking\org-netbeans-modules-editor-search.xml
[2024-09-21 10:20:07.222]:         extracting C:\Program Files\NetBeans-16\netbeans\ide\update_tracking\org-netbeans-modules-xml-multiview.xml
[2024-09-21 10:20:07.223]:         extracting C:\Program Files\NetBeans-16\netbeans\ide\update_tracking\org-netbeans-libs-snakeyaml_engine.xml
[2024-09-21 10:20:07.224]:         extracting C:\Program Files\NetBeans-16\netbeans\ide\update_tracking\org-netbeans-modules-editor-indent.xml
[2024-09-21 10:20:07.225]:         extracting C:\Program Files\NetBeans-16\netbeans\ide\update_tracking\org-netbeans-modules-editor-guards.xml
[2024-09-21 10:20:07.226]:         extracting C:\Program Files\NetBeans-16\netbeans\ide\update_tracking\org-netbeans-modules-db-sql-editor.xml
[2024-09-21 10:20:07.227]:         extracting C:\Program Files\NetBeans-16\netbeans\ide\update_tracking\org-netbeans-modules-editor-macros.xml
[2024-09-21 10:20:07.227]:         extracting C:\Program Files\NetBeans-16\netbeans\ide\update_tracking\org-netbeans-modules-notifications.xml
[2024-09-21 10:20:07.229]:         extracting C:\Program Files\NetBeans-16\netbeans\ide\update_tracking\org-netbeans-modules-versioning-ui.xml
[2024-09-21 10:20:07.230]:         extracting C:\Program Files\NetBeans-16\netbeans\ide\update_tracking\org-netbeans-libs-commons_compress.xml
[2024-09-21 10:20:07.230]:         extracting C:\Program Files\NetBeans-16\netbeans\ide\update_tracking\org-netbeans-modules-docker-editor.xml
[2024-09-21 10:20:07.233]:         extracting C:\Program Files\NetBeans-16\netbeans\ide\update_tracking\org-netbeans-modules-projectapi-nb.xml
[2024-09-21 10:20:07.233]:         extracting C:\Program Files\NetBeans-16\netbeans\ide\update_tracking\org-netbeans-libs-svnClientAdapter.xml
[2024-09-21 10:20:07.235]:         extracting C:\Program Files\NetBeans-16\netbeans\ide\update_tracking\org-netbeans-modules-xml-retriever.xml
[2024-09-21 10:20:07.235]:         extracting C:\Program Files\NetBeans-16\netbeans\ide\update_tracking\org-netbeans-modules-web-common-ui.xml
[2024-09-21 10:20:07.236]:         extracting C:\Program Files\NetBeans-16\netbeans\ide\update_tracking\org-netbeans-modules-code-analysis.xml
[2024-09-21 10:20:07.237]:         extracting C:\Program Files\NetBeans-16\netbeans\ide\update_tracking\org-netbeans-modules-html-indexing.xml
[2024-09-21 10:20:07.238]:         extracting C:\Program Files\NetBeans-16\netbeans\ide\config\Modules\org-netbeans-modules-languages-diff.xml
[2024-09-21 10:20:07.238]:         extracting C:\Program Files\NetBeans-16\netbeans\ide\config\Modules\org-netbeans-modules-project-ant-ui.xml
[2024-09-21 10:20:07.239]:         extracting C:\Program Files\NetBeans-16\netbeans\ide\config\Modules\org-netbeans-modules-gsf-testrunner.xml
[2024-09-21 10:20:07.241]:         extracting C:\Program Files\NetBeans-16\netbeans\ide\config\Modules\org-netbeans-modules-xml-wsdl-model.xml
[2024-09-21 10:20:07.241]:         extracting C:\Program Files\NetBeans-16\netbeans\ide\config\Modules\org-netbeans-modules-editor-actions.xml
[2024-09-21 10:20:07.241]:         extracting C:\Program Files\NetBeans-16\netbeans\ide\config\Modules\org-netbeans-modules-parsing-lucene.xml
[2024-09-21 10:20:07.242]:         extracting C:\Program Files\NetBeans-16\netbeans\ide\config\Modules\org-netbeans-modules-languages-toml.xml
[2024-09-21 10:20:07.243]:         extracting C:\Program Files\NetBeans-16\netbeans\ide\config\Modules\org-netbeans-core-multitabs-project.xml
[2024-09-21 10:20:07.244]:         extracting C:\Program Files\NetBeans-16\netbeans\ide\config\Modules\org-netbeans-modules-textmate-lexer.xml
[2024-09-21 10:20:07.245]:         extracting C:\Program Files\NetBeans-16\netbeans\ide\config\Modules\org-netbeans-modules-options-editor.xml
[2024-09-21 10:20:07.247]:         extracting C:\Program Files\NetBeans-16\netbeans\ide\config\Modules\org-netbeans-modules-lexer-nbbridge.xml
[2024-09-21 10:20:07.248]:         extracting C:\Program Files\NetBeans-16\netbeans\ide\config\Modules\org-netbeans-modules-languages-yaml.xml
[2024-09-21 10:20:07.248]:         extracting C:\Program Files\NetBeans-16\netbeans\ide\config\Modules\org-netbeans-modules-xml-catalog-ui.xml
[2024-09-21 10:20:07.249]:         extracting C:\Program Files\NetBeans-16\netbeans\ide\config\Modules\org-netbeans-modules-jellytools-ide.xml
[2024-09-21 10:20:07.250]:         extracting C:\Program Files\NetBeans-16\netbeans\ide\config\ModuleAutoDeps\org-netbeans-modules-csl-api.xml
[2024-09-21 10:20:07.251]:         extracting C:\Program Files\NetBeans-16\netbeans\ide\config\ModuleAutoDeps\org-netbeans-modules-ide-kit.xml
[2024-09-21 10:20:07.252]:         extracting C:\Program Files\NetBeans-16\netbeans\platform\modules\org-netbeans-modules-keyring-fallback.jar
[2024-09-21 10:20:07.254]:         extracting C:\Program Files\NetBeans-16\netbeans\platform\modules\org-netbeans-modules-masterfs-windows.jar
[2024-09-21 10:20:07.256]:         extracting C:\Program Files\NetBeans-16\netbeans\platform\update_tracking\org-netbeans-modules-core-kit.xml
[2024-09-21 10:20:07.256]:         extracting C:\Program Files\NetBeans-16\netbeans\platform\update_tracking\org-netbeans-modules-settings.xml
[2024-09-21 10:20:07.257]:         extracting C:\Program Files\NetBeans-16\netbeans\platform\update_tracking\org-netbeans-modules-javahelp.xml
[2024-09-21 10:20:07.258]:         extracting C:\Program Files\NetBeans-16\netbeans\platform\update_tracking\org-netbeans-modules-netbinox.xml
[2024-09-21 10:20:07.259]:         extracting C:\Program Files\NetBeans-16\netbeans\platform\update_tracking\org-netbeans-modules-sendopts.xml
[2024-09-21 10:20:07.262]:         extracting C:\Program Files\NetBeans-16\netbeans\platform\update_tracking\org-openide-execution-compat8.xml
[2024-09-21 10:20:07.262]:         extracting C:\Program Files\NetBeans-16\netbeans\platform\update_tracking\org-netbeans-modules-masterfs.xml
[2024-09-21 10:20:07.263]:         extracting C:\Program Files\NetBeans-16\netbeans\platform\update_tracking\org-netbeans-swing-tabcontrol.xml
[2024-09-21 10:20:07.264]:         extracting C:\Program Files\NetBeans-16\netbeans\platform\update_tracking\org-netbeans-modules-junitlib.xml
[2024-09-21 10:20:07.265]:         extracting C:\Program Files\NetBeans-16\netbeans\platform\config\Modules\org-netbeans-libs-jna-platform.xml
[2024-09-21 10:20:07.267]:         extracting C:\Program Files\NetBeans-16\netbeans\platform\config\Modules\org-netbeans-modules-uihandler.xml
[2024-09-21 10:20:07.268]:         extracting C:\Program Files\NetBeans-16\netbeans\platform\config\Modules\org-netbeans-modules-templates.xml
[2024-09-21 10:20:07.269]:         extracting C:\Program Files\NetBeans-16\netbeans\platform\config\Modules\org-netbeans-modules-applemenu.xml
[2024-09-21 10:20:07.270]:         extracting C:\Program Files\NetBeans-16\netbeans\platform\config\Modules\org-netbeans-modules-favorites.xml
[2024-09-21 10:20:07.271]:         extracting C:\Program Files\NetBeans-16\netbeans\platform\config\Modules\org-netbeans-swing-laf-flatlaf.xml
[2024-09-21 10:20:07.271]:         extracting C:\Program Files\NetBeans-16\netbeans\platform\config\Modules\org-netbeans-core-nativeaccess.xml
[2024-09-21 10:20:07.272]:         extracting C:\Program Files\NetBeans-16\netbeans\platform\config\ModuleAutoDeps\org-openide-filesystems.xml
[2024-09-21 10:20:07.273]:         extracting C:\Program Files\NetBeans-16\netbeans\harness\nbi\stub\ext\engine\src\native\launcher\unix\i18n
[2024-09-21 10:20:07.274]:         extracting C:\Program Files\NetBeans-16\netbeans\harness\nbi\stub\ext\engine\nbproject\genfiles.properties
[2024-09-21 10:20:07.274]:         extracting C:\Program Files\NetBeans-16\netbeans\ide\modules\org-netbeans-modules-javascript2-debug-ui.jar
[2024-09-21 10:20:07.278]:         extracting C:\Program Files\NetBeans-16\netbeans\ide\modules\org-netbeans-modules-editor-tools-storage.jar
[2024-09-21 10:20:07.280]:         extracting C:\Program Files\NetBeans-16\netbeans\ide\modules\org-netbeans-modules-web-webkit-debugging.jar
[2024-09-21 10:20:07.283]:         extracting C:\Program Files\NetBeans-16\netbeans\ide\modules\org-netbeans-modules-project-libraries-ui.jar
[2024-09-21 10:20:07.286]:         extracting C:\Program Files\NetBeans-16\netbeans\ide\modules\org-netbeans-libs-svnClientAdapter-javahl.jar
[2024-09-21 10:20:07.288]:         extracting C:\Program Files\NetBeans-16\netbeans\ide\modules\org-netbeans-modules-editor-codetemplates.jar
[2024-09-21 10:20:07.291]:         extracting C:\Program Files\NetBeans-16\netbeans\ide\modules\org-netbeans-modules-editor-global-format.jar
[2024-09-21 10:20:07.293]:         extracting C:\Program Files\NetBeans-16\netbeans\ide\modules\org-netbeans-modules-extexecution-process.jar
[2024-09-21 10:20:07.295]:         extracting C:\Program Files\NetBeans-16\netbeans\ide\modules\lib\aarch64\libjunixsocket-native-2.5.1.dylib
[2024-09-21 10:20:07.297]:         extracting C:\Program Files\NetBeans-16\netbeans\ide\update_tracking\org-netbeans-modules-xml-jaxb-api.xml
[2024-09-21 10:20:07.299]:         extracting C:\Program Files\NetBeans-16\netbeans\ide\update_tracking\org-netbeans-libs-jsch-agentproxy.xml
[2024-09-21 10:20:07.300]:         extracting C:\Program Files\NetBeans-16\netbeans\ide\update_tracking\org-netbeans-modules-tasklist-kit.xml
[2024-09-21 10:20:07.301]:         extracting C:\Program Files\NetBeans-16\netbeans\ide\update_tracking\org-netbeans-modules-localhistory.xml
[2024-09-21 10:20:07.302]:         extracting C:\Program Files\NetBeans-16\netbeans\ide\update_tracking\org-netbeans-modules-team-commons.xml
[2024-09-21 10:20:07.304]:         extracting C:\Program Files\NetBeans-16\netbeans\ide\update_tracking\org-netbeans-modules-editor-plain.xml
[2024-09-21 10:20:07.305]:         extracting C:\Program Files\NetBeans-16\netbeans\ide\update_tracking\org-netbeans-modules-extexecution.xml
[2024-09-21 10:20:07.306]:         extracting C:\Program Files\NetBeans-16\netbeans\ide\update_tracking\org-netbeans-modules-spellchecker.xml
[2024-09-21 10:20:07.306]:         extracting C:\Program Files\NetBeans-16\netbeans\ide\update_tracking\org-netbeans-modules-print-editor.xml
[2024-09-21 10:20:07.307]:         extracting C:\Program Files\NetBeans-16\netbeans\ide\update_tracking\org-netbeans-modules-projectuiapi.xml
[2024-09-21 10:20:07.307]:         extracting C:\Program Files\NetBeans-16\netbeans\ide\update_tracking\org-netbeans-core-browser-webview.xml
[2024-09-21 10:20:07.309]:         extracting C:\Program Files\NetBeans-16\netbeans\ide\update_tracking\org-netbeans-lib-terminalemulator.xml
[2024-09-21 10:20:07.310]:         extracting C:\Program Files\NetBeans-16\netbeans\ide\update_tracking\org-netbeans-modules-schema2beans.xml
[2024-09-21 10:20:07.311]:         extracting C:\Program Files\NetBeans-16\netbeans\ide\config\Modules\org-netbeans-modules-tasklist-todo.xml
[2024-09-21 10:20:07.313]:         extracting C:\Program Files\NetBeans-16\netbeans\ide\config\Modules\org-netbeans-modules-editor-search.xml
[2024-09-21 10:20:07.314]:         extracting C:\Program Files\NetBeans-16\netbeans\ide\config\Modules\org-netbeans-modules-xml-multiview.xml
[2024-09-21 10:20:07.316]:         extracting C:\Program Files\NetBeans-16\netbeans\ide\config\Modules\org-netbeans-libs-snakeyaml_engine.xml
[2024-09-21 10:20:07.318]:         extracting C:\Program Files\NetBeans-16\netbeans\ide\config\Modules\org-netbeans-modules-editor-indent.xml
[2024-09-21 10:20:07.318]:         extracting C:\Program Files\NetBeans-16\netbeans\ide\config\Modules\org-netbeans-modules-editor-guards.xml
[2024-09-21 10:20:07.320]:         extracting C:\Program Files\NetBeans-16\netbeans\ide\config\Modules\org-netbeans-modules-db-sql-editor.xml
[2024-09-21 10:20:07.320]:         extracting C:\Program Files\NetBeans-16\netbeans\ide\config\Modules\org-netbeans-modules-editor-macros.xml
[2024-09-21 10:20:07.321]:         extracting C:\Program Files\NetBeans-16\netbeans\ide\config\Modules\org-netbeans-modules-notifications.xml
[2024-09-21 10:20:07.322]:         extracting C:\Program Files\NetBeans-16\netbeans\ide\config\Modules\org-netbeans-modules-versioning-ui.xml
[2024-09-21 10:20:07.324]:         extracting C:\Program Files\NetBeans-16\netbeans\ide\config\Modules\org-netbeans-libs-commons_compress.xml
[2024-09-21 10:20:07.325]:         extracting C:\Program Files\NetBeans-16\netbeans\ide\config\Modules\org-netbeans-modules-docker-editor.xml
[2024-09-21 10:20:07.327]:         extracting C:\Program Files\NetBeans-16\netbeans\ide\config\Modules\org-netbeans-modules-projectapi-nb.xml
[2024-09-21 10:20:07.328]:         extracting C:\Program Files\NetBeans-16\netbeans\ide\config\Modules\org-netbeans-libs-svnClientAdapter.xml
[2024-09-21 10:20:07.330]:         extracting C:\Program Files\NetBeans-16\netbeans\ide\config\Modules\org-netbeans-modules-xml-retriever.xml
[2024-09-21 10:20:07.331]:         extracting C:\Program Files\NetBeans-16\netbeans\ide\config\Modules\org-netbeans-modules-web-common-ui.xml
[2024-09-21 10:20:07.333]:         extracting C:\Program Files\NetBeans-16\netbeans\ide\config\Modules\org-netbeans-modules-code-analysis.xml
[2024-09-21 10:20:07.334]:         extracting C:\Program Files\NetBeans-16\netbeans\ide\config\Modules\org-netbeans-modules-html-indexing.xml
[2024-09-21 10:20:07.335]:         extracting C:\Program Files\NetBeans-16\netbeans\ide\config\ModuleAutoDeps\org-netbeans-modules-editor.xml
[2024-09-21 10:20:07.337]:         extracting C:\Program Files\NetBeans-16\netbeans\cpplite\modules\org-netbeans-modules-cpplite-debugger.jar
[2024-09-21 10:20:07.341]:         extracting C:\Program Files\NetBeans-16\netbeans\nb\modules\locale\org-netbeans-modules-options-api_nb.jar
[2024-09-21 10:20:07.343]:         extracting C:\Program Files\NetBeans-16\netbeans\nb\update_tracking\org-netbeans-modules-updatecenters.xml
[2024-09-21 10:20:07.344]:         extracting C:\Program Files\NetBeans-16\netbeans\platform\modules\org-netbeans-modules-masterfs-macosx.jar
[2024-09-21 10:20:07.346]:         extracting C:\Program Files\NetBeans-16\netbeans\platform\update_tracking\org-netbeans-modules-queries.xml
[2024-09-21 10:20:07.347]:         extracting C:\Program Files\NetBeans-16\netbeans\platform\update_tracking\org-netbeans-spi-quicksearch.xml
[2024-09-21 10:20:07.348]:         extracting C:\Program Files\NetBeans-16\netbeans\platform\update_tracking\org-netbeans-modules-sampler.xml
[2024-09-21 10:20:07.349]:         extracting C:\Program Files\NetBeans-16\netbeans\platform\update_tracking\org-netbeans-libs-batik-read.xml
[2024-09-21 10:20:07.350]:         extracting C:\Program Files\NetBeans-16\netbeans\platform\update_tracking\org-netbeans-api-progress-nb.xml
[2024-09-21 10:20:07.351]:         extracting C:\Program Files\NetBeans-16\netbeans\platform\update_tracking\org-netbeans-modules-janitor.xml
[2024-09-21 10:20:07.353]:         extracting C:\Program Files\NetBeans-16\netbeans\platform\update_tracking\org-netbeans-modules-keyring.xml
[2024-09-21 10:20:07.354]:         extracting C:\Program Files\NetBeans-16\netbeans\platform\config\Modules\org-netbeans-modules-core-kit.xml
[2024-09-21 10:20:07.356]:         extracting C:\Program Files\NetBeans-16\netbeans\platform\config\Modules\org-netbeans-modules-settings.xml
[2024-09-21 10:20:07.358]:         extracting C:\Program Files\NetBeans-16\netbeans\platform\config\Modules\org-netbeans-modules-javahelp.xml
[2024-09-21 10:20:07.359]:         extracting C:\Program Files\NetBeans-16\netbeans\platform\config\Modules\org-netbeans-modules-netbinox.xml
[2024-09-21 10:20:07.360]:         extracting C:\Program Files\NetBeans-16\netbeans\platform\config\Modules\org-netbeans-modules-sendopts.xml
[2024-09-21 10:20:07.362]:         extracting C:\Program Files\NetBeans-16\netbeans\platform\config\Modules\org-openide-execution-compat8.xml
[2024-09-21 10:20:07.364]:         extracting C:\Program Files\NetBeans-16\netbeans\platform\config\Modules\org-netbeans-modules-masterfs.xml
[2024-09-21 10:20:07.365]:         extracting C:\Program Files\NetBeans-16\netbeans\platform\config\Modules\org-netbeans-swing-tabcontrol.xml
[2024-09-21 10:20:07.366]:         extracting C:\Program Files\NetBeans-16\netbeans\platform\config\Modules\org-netbeans-modules-junitlib.xml
[2024-09-21 10:20:07.367]:         extracting C:\Program Files\NetBeans-16\netbeans\harness\update_tracking\org-netbeans-libs-nbi-engine.xml
[2024-09-21 10:20:07.368]:         extracting C:\Program Files\NetBeans-16\netbeans\harness\update_tracking\org-netbeans-modules-nbjunit.xml
[2024-09-21 10:20:07.369]:         extracting C:\Program Files\NetBeans-16\netbeans\harness\nbi\stub\ext\components\products\helloworld\data
[2024-09-21 10:20:07.370]:         extracting C:\Program Files\NetBeans-16\netbeans\harness\nbi\stub\ext\infra\build\engine\build.properties
[2024-09-21 10:20:07.371]:         extracting C:\Program Files\NetBeans-16\netbeans\harness\nbi\stub\ext\engine\nbproject\project.properties
[2024-09-21 10:20:07.373]:         extracting C:\Program Files\NetBeans-16\netbeans\ide\modules\org-netbeans-modules-versioning-masterfs.jar
[2024-09-21 10:20:07.375]:         extracting C:\Program Files\NetBeans-16\netbeans\ide\modules\org-netbeans-modules-xml-text-obsolete90.jar
[2024-09-21 10:20:07.378]:         extracting C:\Program Files\NetBeans-16\netbeans\ide\modules\org-eclipse-mylyn-wikitext-markdown-core.jar
[2024-09-21 10:20:07.380]:         extracting C:\Program Files\NetBeans-16\netbeans\ide\modules\org-netbeans-modules-editor-settings-lib.jar
[2024-09-21 10:20:07.383]:         extracting C:\Program Files\NetBeans-16\netbeans\ide\modules\org-netbeans-modules-projectui-buildmenu.jar
[2024-09-21 10:20:07.385]:         extracting C:\Program Files\NetBeans-16\netbeans\ide\modules\org-netbeans-modules-tasklist-projectint.jar
[2024-09-21 10:20:07.387]:         extracting C:\Program Files\NetBeans-16\netbeans\ide\modules\org-netbeans-modules-db-sql-visualeditor.jar
[2024-09-21 10:20:07.393]:         extracting C:\Program Files\NetBeans-16\netbeans\ide\modules\org-netbeans-modules-bugtracking-commons.jar
[2024-09-21 10:20:07.396]:         extracting C:\Program Files\NetBeans-16\netbeans\ide\modules\org-netbeans-modules-project-ant-compat8.jar
[2024-09-21 10:20:07.399]:         extracting C:\Program Files\NetBeans-16\netbeans\ide\modules\lib\x86_64\libjunixsocket-native-2.5.1.dylib
[2024-09-21 10:20:07.401]:         extracting C:\Program Files\NetBeans-16\netbeans\ide\update_tracking\com-googlecode-javaewah-JavaEWAH.xml
[2024-09-21 10:20:07.402]:         extracting C:\Program Files\NetBeans-16\netbeans\ide\update_tracking\org-netbeans-modules-terminal-nb.xml
[2024-09-21 10:20:07.404]:         extracting C:\Program Files\NetBeans-16\netbeans\ide\update_tracking\org-netbeans-libs-antlr3-runtime.xml
[2024-09-21 10:20:07.405]:         extracting C:\Program Files\NetBeans-16\netbeans\ide\update_tracking\org-netbeans-modules-tasklist-ui.xml
[2024-09-21 10:20:07.406]:         extracting C:\Program Files\NetBeans-16\netbeans\ide\update_tracking\org-eclipse-mylyn-commons-xmlrpc.xml
[2024-09-21 10:20:07.407]:         extracting C:\Program Files\NetBeans-16\netbeans\ide\update_tracking\org-netbeans-modules-html-custom.xml
[2024-09-21 10:20:07.408]:         extracting C:\Program Files\NetBeans-16\netbeans\ide\update_tracking\org-netbeans-modules-db-dataview.xml
[2024-09-21 10:20:07.409]:         extracting C:\Program Files\NetBeans-16\netbeans\ide\update_tracking\org-netbeans-modules-parsing-api.xml
[2024-09-21 10:20:07.410]:         extracting C:\Program Files\NetBeans-16\netbeans\ide\update_tracking\org-netbeans-modules-project-ant.xml
[2024-09-21 10:20:07.411]:         extracting C:\Program Files\NetBeans-16\netbeans\ide\update_tracking\org-netbeans-libs-antlr4-runtime.xml
[2024-09-21 10:20:07.413]:         extracting C:\Program Files\NetBeans-16\netbeans\ide\update_tracking\org-netbeans-modules-bugtracking.xml
[2024-09-21 10:20:07.413]:         extracting C:\Program Files\NetBeans-16\netbeans\ide\update_tracking\org-netbeans-modules-editor-util.xml
[2024-09-21 10:20:07.415]:         extracting C:\Program Files\NetBeans-16\netbeans\ide\update_tracking\org-netbeans-modules-html-parser.xml
[2024-09-21 10:20:07.416]:         extracting C:\Program Files\NetBeans-16\netbeans\ide\update_tracking\org-netbeans-modules-xml-catalog.xml
[2024-09-21 10:20:07.417]:         extracting C:\Program Files\NetBeans-16\netbeans\ide\update_tracking\org-netbeans-modules-html-editor.xml
[2024-09-21 10:20:07.418]:         extracting C:\Program Files\NetBeans-16\netbeans\ide\update_tracking\org-netbeans-modules-editor-fold.xml
[2024-09-21 10:20:07.419]:         extracting C:\Program Files\NetBeans-16\netbeans\ide\update_tracking\org-netbeans-modules-editor-lib2.xml
[2024-09-21 10:20:07.420]:         extracting C:\Program Files\NetBeans-16\netbeans\ide\config\Modules\org-netbeans-modules-xml-jaxb-api.xml
[2024-09-21 10:20:07.421]:         extracting C:\Program Files\NetBeans-16\netbeans\ide\config\Modules\org-netbeans-libs-jsch-agentproxy.xml
[2024-09-21 10:20:07.421]:         extracting C:\Program Files\NetBeans-16\netbeans\ide\config\Modules\org-netbeans-modules-tasklist-kit.xml
[2024-09-21 10:20:07.423]:         extracting C:\Program Files\NetBeans-16\netbeans\ide\config\Modules\org-netbeans-modules-localhistory.xml
[2024-09-21 10:20:07.424]:         extracting C:\Program Files\NetBeans-16\netbeans\ide\config\Modules\org-netbeans-modules-team-commons.xml
[2024-09-21 10:20:07.426]:         extracting C:\Program Files\NetBeans-16\netbeans\ide\config\Modules\org-netbeans-modules-editor-plain.xml
[2024-09-21 10:20:07.426]:         extracting C:\Program Files\NetBeans-16\netbeans\ide\config\Modules\org-netbeans-modules-extexecution.xml
[2024-09-21 10:20:07.427]:         extracting C:\Program Files\NetBeans-16\netbeans\ide\config\Modules\org-netbeans-modules-spellchecker.xml
[2024-09-21 10:20:07.428]:         extracting C:\Program Files\NetBeans-16\netbeans\ide\config\Modules\org-netbeans-modules-print-editor.xml
[2024-09-21 10:20:07.429]:         extracting C:\Program Files\NetBeans-16\netbeans\ide\config\Modules\org-netbeans-modules-projectuiapi.xml
[2024-09-21 10:20:07.430]:         extracting C:\Program Files\NetBeans-16\netbeans\ide\config\Modules\org-netbeans-core-browser-webview.xml
[2024-09-21 10:20:07.431]:         extracting C:\Program Files\NetBeans-16\netbeans\ide\config\Modules\org-netbeans-lib-terminalemulator.xml
[2024-09-21 10:20:07.432]:         extracting C:\Program Files\NetBeans-16\netbeans\ide\config\Modules\org-netbeans-modules-schema2beans.xml
[2024-09-21 10:20:07.433]:         extracting C:\Program Files\NetBeans-16\netbeans\cpplite\modules\org-netbeans-modules-cpplite-project.jar
[2024-09-21 10:20:07.436]:         extracting C:\Program Files\NetBeans-16\netbeans\nb\update_tracking\org-netbeans-modules-ide-branding.xml
[2024-09-21 10:20:07.437]:         extracting C:\Program Files\NetBeans-16\netbeans\nb\config\Modules\org-netbeans-modules-updatecenters.xml
[2024-09-21 10:20:07.438]:         extracting C:\Program Files\NetBeans-16\netbeans\platform\modules\org-netbeans-api-annotations-common.jar
[2024-09-21 10:20:07.440]:         extracting C:\Program Files\NetBeans-16\netbeans\platform\modules\org-netbeans-modules-autoupdate-cli.jar
[2024-09-21 10:20:07.442]:         extracting C:\Program Files\NetBeans-16\netbeans\platform\modules\org-netbeans-modules-masterfs-linux.jar
[2024-09-21 10:20:07.443]:         extracting C:\Program Files\NetBeans-16\netbeans\platform\modules\org-netbeans-modules-options-keymap.jar
[2024-09-21 10:20:07.448]:         extracting C:\Program Files\NetBeans-16\netbeans\platform\update_tracking\org-netbeans-core-multiview.xml
[2024-09-21 10:20:07.449]:         extracting C:\Program Files\NetBeans-16\netbeans\platform\update_tracking\org-netbeans-swing-laf-dark.xml
[2024-09-21 10:20:07.450]:         extracting C:\Program Files\NetBeans-16\netbeans\platform\update_tracking\org-netbeans-modules-htmlui.xml
[2024-09-21 10:20:07.452]:         extracting C:\Program Files\NetBeans-16\netbeans\platform\update_tracking\org-netbeans-core-execution.xml
[2024-09-21 10:20:07.453]:         extracting C:\Program Files\NetBeans-16\netbeans\platform\update_tracking\org-netbeans-core-multitabs.xml
[2024-09-21 10:20:07.454]:         extracting C:\Program Files\NetBeans-16\netbeans\platform\config\Modules\org-netbeans-modules-queries.xml
[2024-09-21 10:20:07.455]:         extracting C:\Program Files\NetBeans-16\netbeans\platform\config\Modules\org-netbeans-spi-quicksearch.xml
[2024-09-21 10:20:07.455]:         extracting C:\Program Files\NetBeans-16\netbeans\platform\config\Modules\org-netbeans-modules-sampler.xml
[2024-09-21 10:20:07.458]:         extracting C:\Program Files\NetBeans-16\netbeans\platform\config\Modules\org-netbeans-libs-batik-read.xml
[2024-09-21 10:20:07.459]:         extracting C:\Program Files\NetBeans-16\netbeans\platform\config\Modules\org-netbeans-api-progress-nb.xml
[2024-09-21 10:20:07.460]:         extracting C:\Program Files\NetBeans-16\netbeans\platform\config\Modules\org-netbeans-modules-janitor.xml
[2024-09-21 10:20:07.461]:         extracting C:\Program Files\NetBeans-16\netbeans\platform\config\Modules\org-netbeans-modules-keyring.xml
[2024-09-21 10:20:07.462]:         extracting C:\Program Files\NetBeans-16\netbeans\platform\config\ModuleAutoDeps\org-openide-execution.xml
[2024-09-21 10:20:07.464]:         extracting C:\Program Files\NetBeans-16\netbeans\harness\config\Modules\org-netbeans-libs-nbi-engine.xml
[2024-09-21 10:20:07.466]:         extracting C:\Program Files\NetBeans-16\netbeans\harness\config\Modules\org-netbeans-modules-nbjunit.xml
[2024-09-21 10:20:07.467]:         extracting C:\Program Files\NetBeans-16\netbeans\harness\nbi\stub\ext\components\products\helloworld\src
[2024-09-21 10:20:07.467]:         extracting C:\Program Files\NetBeans-16\netbeans\harness\nbi\stub\ext\engine\src\native\launcher\windows
[2024-09-21 10:20:07.467]:         extracting C:\Program Files\NetBeans-16\netbeans\harness\nbi\stub\ext\engine\src\org\mycompany\installer
[2024-09-21 10:20:07.467]:         extracting C:\Program Files\NetBeans-16\netbeans\ide\modules\org-netbeans-modules-bugtracking-bridge.jar
[2024-09-21 10:20:07.471]:         extracting C:\Program Files\NetBeans-16\netbeans\ide\modules\org-netbeans-modules-editor-errorstripe.jar
[2024-09-21 10:20:07.473]:         extracting C:\Program Files\NetBeans-16\netbeans\ide\modules\org-netbeans-modules-project-spi-intern.jar
[2024-09-21 10:20:07.474]:         extracting C:\Program Files\NetBeans-16\netbeans\ide\modules\org-netbeans-modules-languages-manifest.jar
[2024-09-21 10:20:07.476]:         extracting C:\Program Files\NetBeans-16\netbeans\ide\modules\org-eclipse-mylyn-wikitext-textile-core.jar
[2024-09-21 10:20:07.478]:         extracting C:\Program Files\NetBeans-16\netbeans\ide\modules\org-netbeans-modules-project-dependency.jar
[2024-09-21 10:20:07.480]:         extracting C:\Program Files\NetBeans-16\netbeans\ide\modules\org-netbeans-modules-editor-breadcrumbs.jar
[2024-09-21 10:20:07.482]:         extracting C:\Program Files\NetBeans-16\netbeans\ide\update_tracking\org-netbeans-modules-usersguide.xml
[2024-09-21 10:20:07.483]:         extracting C:\Program Files\NetBeans-16\netbeans\ide\update_tracking\org-netbeans-modules-web-indent.xml
[2024-09-21 10:20:07.484]:         extracting C:\Program Files\NetBeans-16\netbeans\ide\update_tracking\org-netbeans-modules-editor-kit.xml
[2024-09-21 10:20:07.485]:         extracting C:\Program Files\NetBeans-16\netbeans\ide\update_tracking\org-eclipse-equinox-preferences.xml
[2024-09-21 10:20:07.485]:         extracting C:\Program Files\NetBeans-16\netbeans\ide\update_tracking\org-netbeans-modules-docker-api.xml
[2024-09-21 10:20:07.486]:         extracting C:\Program Files\NetBeans-16\netbeans\ide\update_tracking\org-netbeans-modules-properties.xml
[2024-09-21 10:20:07.487]:         extracting C:\Program Files\NetBeans-16\netbeans\ide\update_tracking\org-netbeans-modules-localtasks.xml
[2024-09-21 10:20:07.488]:         extracting C:\Program Files\NetBeans-16\netbeans\ide\update_tracking\org-netbeans-modules-subversion.xml
[2024-09-21 10:20:07.490]:         extracting C:\Program Files\NetBeans-16\netbeans\ide\update_tracking\org-netbeans-api-java-classpath.xml
[2024-09-21 10:20:07.491]:         extracting C:\Program Files\NetBeans-16\netbeans\ide\update_tracking\org-netbeans-modules-css-editor.xml
[2024-09-21 10:20:07.492]:         extracting C:\Program Files\NetBeans-16\netbeans\ide\update_tracking\org-eclipse-mylyn-bugzilla-core.xml
[2024-09-21 10:20:07.493]:         extracting C:\Program Files\NetBeans-16\netbeans\ide\update_tracking\org-netbeans-modules-hudson-git.xml
[2024-09-21 10:20:07.494]:         extracting C:\Program Files\NetBeans-16\netbeans\ide\update_tracking\org-netbeans-modules-lsp-client.xml
[2024-09-21 10:20:07.495]:         extracting C:\Program Files\NetBeans-16\netbeans\ide\update_tracking\org-eclipse-mylyn-wikitext-core.xml
[2024-09-21 10:20:07.496]:         extracting C:\Program Files\NetBeans-16\netbeans\ide\update_tracking\libs-c-kohlschutter-junixsocket.xml
[2024-09-21 10:20:07.497]:         extracting C:\Program Files\NetBeans-16\netbeans\ide\update_tracking\org-netbeans-modules-db-drivers.xml
[2024-09-21 10:20:07.498]:         extracting C:\Program Files\NetBeans-16\netbeans\ide\update_tracking\org-netbeans-modules-parsing-nb.xml
[2024-09-21 10:20:07.499]:         extracting C:\Program Files\NetBeans-16\netbeans\ide\update_tracking\org-netbeans-modules-web-common.xml
[2024-09-21 10:20:07.500]:         extracting C:\Program Files\NetBeans-16\netbeans\ide\update_tracking\org-netbeans-modules-extbrowser.xml
[2024-09-21 10:20:07.500]:         extracting C:\Program Files\NetBeans-16\netbeans\ide\update_tracking\org-netbeans-modules-projectapi.xml
[2024-09-21 10:20:07.502]:         extracting C:\Program Files\NetBeans-16\netbeans\ide\update_tracking\org-netbeans-modules-editor-lib.xml
[2024-09-21 10:20:07.503]:         extracting C:\Program Files\NetBeans-16\netbeans\ide\update_tracking\org-netbeans-modules-html-lexer.xml
[2024-09-21 10:20:07.504]:         extracting C:\Program Files\NetBeans-16\netbeans\ide\update_tracking\org-netbeans-modules-versioning.xml
[2024-09-21 10:20:07.505]:         extracting C:\Program Files\NetBeans-16\netbeans\ide\update_tracking\org-netbeans-modules-mylyn-util.xml
[2024-09-21 10:20:07.506]:         extracting C:\Program Files\NetBeans-16\netbeans\ide\update_tracking\org-netbeans-modules-css-visual.xml
[2024-09-21 10:20:07.506]:         extracting C:\Program Files\NetBeans-16\netbeans\ide\update_tracking\org-netbeans-modules-parsing-ui.xml
[2024-09-21 10:20:07.507]:         extracting C:\Program Files\NetBeans-16\netbeans\ide\update_tracking\org-netbeans-modules-httpserver.xml
[2024-09-21 10:20:07.507]:         extracting C:\Program Files\NetBeans-16\netbeans\ide\update_tracking\org-netbeans-modules-servletapi.xml
[2024-09-21 10:20:07.508]:         extracting C:\Program Files\NetBeans-16\netbeans\ide\config\Modules\com-googlecode-javaewah-JavaEWAH.xml
[2024-09-21 10:20:07.508]:         extracting C:\Program Files\NetBeans-16\netbeans\ide\config\Modules\org-netbeans-modules-terminal-nb.xml
[2024-09-21 10:20:07.510]:         extracting C:\Program Files\NetBeans-16\netbeans\ide\config\Modules\org-netbeans-libs-antlr3-runtime.xml
[2024-09-21 10:20:07.510]:         extracting C:\Program Files\NetBeans-16\netbeans\ide\config\Modules\org-netbeans-modules-tasklist-ui.xml
[2024-09-21 10:20:07.512]:         extracting C:\Program Files\NetBeans-16\netbeans\ide\config\Modules\org-eclipse-mylyn-commons-xmlrpc.xml
[2024-09-21 10:20:07.514]:         extracting C:\Program Files\NetBeans-16\netbeans\ide\config\Modules\org-netbeans-modules-html-custom.xml
[2024-09-21 10:20:07.515]:         extracting C:\Program Files\NetBeans-16\netbeans\ide\config\Modules\org-netbeans-modules-db-dataview.xml
[2024-09-21 10:20:07.515]:         extracting C:\Program Files\NetBeans-16\netbeans\ide\config\Modules\org-netbeans-modules-parsing-api.xml
[2024-09-21 10:20:07.516]:         extracting C:\Program Files\NetBeans-16\netbeans\ide\config\Modules\org-netbeans-modules-project-ant.xml
[2024-09-21 10:20:07.517]:         extracting C:\Program Files\NetBeans-16\netbeans\ide\config\Modules\org-netbeans-libs-antlr4-runtime.xml
[2024-09-21 10:20:07.518]:         extracting C:\Program Files\NetBeans-16\netbeans\ide\config\Modules\org-netbeans-modules-bugtracking.xml
[2024-09-21 10:20:07.519]:         extracting C:\Program Files\NetBeans-16\netbeans\ide\config\Modules\org-netbeans-modules-editor-util.xml
[2024-09-21 10:20:07.519]:         extracting C:\Program Files\NetBeans-16\netbeans\ide\config\Modules\org-netbeans-modules-html-parser.xml
[2024-09-21 10:20:07.520]:         extracting C:\Program Files\NetBeans-16\netbeans\ide\config\Modules\org-netbeans-modules-xml-catalog.xml
[2024-09-21 10:20:07.522]:         extracting C:\Program Files\NetBeans-16\netbeans\ide\config\Modules\org-netbeans-modules-html-editor.xml
[2024-09-21 10:20:07.523]:         extracting C:\Program Files\NetBeans-16\netbeans\ide\config\Modules\org-netbeans-modules-editor-fold.xml
[2024-09-21 10:20:07.524]:         extracting C:\Program Files\NetBeans-16\netbeans\ide\config\Modules\org-netbeans-modules-editor-lib2.xml
[2024-09-21 10:20:07.524]:         extracting C:\Program Files\NetBeans-16\netbeans\cpplite\modules\org-netbeans-modules-cpplite-editor.jar
[2024-09-21 10:20:07.528]:         extracting C:\Program Files\NetBeans-16\netbeans\nb\modules\locale\org-netbeans-modules-uihandler_nb.jar
[2024-09-21 10:20:07.529]:         extracting C:\Program Files\NetBeans-16\netbeans\nb\config\Modules\org-netbeans-modules-ide-branding.xml
[2024-09-21 10:20:07.531]:         extracting C:\Program Files\NetBeans-16\netbeans\platform\modules\org-netbeans-modules-masterfs-nio2.jar
[2024-09-21 10:20:07.532]:         extracting C:\Program Files\NetBeans-16\netbeans\platform\modules\org-netbeans-modules-autoupdate-ui.jar
[2024-09-21 10:20:07.538]:         extracting C:\Program Files\NetBeans-16\netbeans\platform\modules\lib\riscv64\linux\libjnidispatch-nb.so
[2024-09-21 10:20:07.541]:         extracting C:\Program Files\NetBeans-16\netbeans\platform\modules\lib\aarch64\linux\libjnidispatch-nb.so
[2024-09-21 10:20:07.543]:         extracting C:\Program Files\NetBeans-16\netbeans\platform\update_tracking\org-openide-filesystems-nb.xml
[2024-09-21 10:20:07.544]:         extracting C:\Program Files\NetBeans-16\netbeans\platform\update_tracking\org-netbeans-modules-print.xml
[2024-09-21 10:20:07.546]:         extracting C:\Program Files\NetBeans-16\netbeans\platform\update_tracking\org-apache-commons-logging.xml
[2024-09-21 10:20:07.547]:         extracting C:\Program Files\NetBeans-16\netbeans\platform\update_tracking\org-netbeans-api-templates.xml
[2024-09-21 10:20:07.548]:         extracting C:\Program Files\NetBeans-16\netbeans\platform\update_tracking\org-netbeans-api-scripting.xml
[2024-09-21 10:20:07.549]:         extracting C:\Program Files\NetBeans-16\netbeans\platform\update_tracking\org-netbeans-lib-uihandler.xml
[2024-09-21 10:20:07.550]:         extracting C:\Program Files\NetBeans-16\netbeans\platform\update_tracking\org-netbeans-swing-outline.xml
[2024-09-21 10:20:07.551]:         extracting C:\Program Files\NetBeans-16\netbeans\platform\config\Modules\org-netbeans-core-multiview.xml
[2024-09-21 10:20:07.552]:         extracting C:\Program Files\NetBeans-16\netbeans\platform\config\Modules\org-netbeans-swing-laf-dark.xml
[2024-09-21 10:20:07.554]:         extracting C:\Program Files\NetBeans-16\netbeans\platform\config\Modules\org-netbeans-modules-htmlui.xml
[2024-09-21 10:20:07.555]:         extracting C:\Program Files\NetBeans-16\netbeans\platform\config\Modules\org-netbeans-core-execution.xml
[2024-09-21 10:20:07.555]:         extracting C:\Program Files\NetBeans-16\netbeans\platform\config\Modules\org-netbeans-core-multitabs.xml
[2024-09-21 10:20:07.556]:         extracting C:\Program Files\NetBeans-16\netbeans\platform\config\ModuleAutoDeps\org-openide-explorer.xml
[2024-09-21 10:20:07.557]:         extracting C:\Program Files\NetBeans-16\netbeans\extide\update_tracking\org-apache-tools-ant-module.xml
[2024-09-21 10:20:07.558]:         extracting C:\Program Files\NetBeans-16\netbeans\extide\update_tracking\org-netbeans-modules-gradle.xml
[2024-09-21 10:20:07.559]:         extracting C:\Program Files\NetBeans-16\netbeans\harness\update_tracking\org-netbeans-modules-jemmy.xml
[2024-09-21 10:20:07.560]:         extracting C:\Program Files\NetBeans-16\netbeans\harness\nbi\stub\ext\engine\src\data\engine.properties
[2024-09-21 10:20:07.563]:         extracting C:\Program Files\NetBeans-16\netbeans\ide\modules\org-netbeans-modules-javascript2-debug.jar
[2024-09-21 10:20:07.566]:         extracting C:\Program Files\NetBeans-16\netbeans\ide\modules\org-netbeans-modules-properties-syntax.jar
[2024-09-21 10:20:07.568]:         extracting C:\Program Files\NetBeans-16\netbeans\ide\modules\org-netbeans-modules-editor-completion.jar
[2024-09-21 10:20:07.571]:         extracting C:\Program Files\NetBeans-16\netbeans\ide\modules\org-netbeans-modules-gsf-testrunner-ui.jar
[2024-09-21 10:20:07.574]:         extracting C:\Program Files\NetBeans-16\netbeans\ide\modules\org-netbeans-modules-extexecution-impl.jar
[2024-09-21 10:20:07.577]:         extracting C:\Program Files\NetBeans-16\netbeans\ide\modules\org-netbeans-modules-projectuiapi-base.jar
[2024-09-21 10:20:07.579]:         extracting C:\Program Files\NetBeans-16\netbeans\ide\modules\org-netbeans-modules-extexecution-base.jar
[2024-09-21 10:20:07.583]:         extracting C:\Program Files\NetBeans-16\netbeans\ide\modules\org-netbeans-modules-db-metadata-model.jar
[2024-09-21 10:20:07.586]:         extracting C:\Program Files\NetBeans-16\netbeans\ide\modules\org-netbeans-modules-project-libraries.jar
[2024-09-21 10:20:07.588]:         extracting C:\Program Files\NetBeans-16\netbeans\ide\modules\org-netbeans-spi-editor-hints-projects.jar
[2024-09-21 10:20:07.591]:         extracting C:\Program Files\NetBeans-16\netbeans\ide\modules\org-netbeans-modules-utilities-project.jar
[2024-09-21 10:20:07.594]:         extracting C:\Program Files\NetBeans-16\netbeans\ide\modules\ext\org.eclipse.xtend.lib.macro-2.24.0.jar
[2024-09-21 10:20:07.596]:         extracting C:\Program Files\NetBeans-16\netbeans\ide\modules\ext\flexmark-html2md-converter-0.50.36.jar
[2024-09-21 10:20:07.598]:         extracting C:\Program Files\NetBeans-16\netbeans\ide\modules\ext\org.eclipse.xtext.xbase.lib-2.24.0.jar
[2024-09-21 10:20:07.601]:         extracting C:\Program Files\NetBeans-16\netbeans\ide\modules\ext\org.eclipse.lsp4j.generator-0.13.0.jar
[2024-09-21 10:20:07.602]:         extracting C:\Program Files\NetBeans-16\netbeans\ide\modules\org-netbeans-modules-hudson-subversion.jar
[2024-09-21 10:20:07.604]:         extracting C:\Program Files\NetBeans-16\netbeans\ide\update_tracking\org-netbeans-modules-css-model.xml
[2024-09-21 10:20:07.606]:         extracting C:\Program Files\NetBeans-16\netbeans\ide\update_tracking\org-netbeans-modules-languages.xml
[2024-09-21 10:20:07.607]:         extracting C:\Program Files\NetBeans-16\netbeans\ide\update_tracking\org-netbeans-modules-csl-types.xml
[2024-09-21 10:20:07.608]:         extracting C:\Program Files\NetBeans-16\netbeans\ide\update_tracking\org-netbeans-modules-xml-lexer.xml
[2024-09-21 10:20:07.609]:         extracting C:\Program Files\NetBeans-16\netbeans\ide\update_tracking\org-netbeans-modules-docker-ui.xml
[2024-09-21 10:20:07.610]:         extracting C:\Program Files\NetBeans-16\netbeans\ide\update_tracking\org-netbeans-modules-hudson-ui.xml
[2024-09-21 10:20:07.610]:         extracting C:\Program Files\NetBeans-16\netbeans\ide\update_tracking\org-netbeans-modules-selenium2.xml
[2024-09-21 10:20:07.611]:         extracting C:\Program Files\NetBeans-16\netbeans\ide\update_tracking\org-netbeans-modules-utilities.xml
[2024-09-21 10:20:07.612]:         extracting C:\Program Files\NetBeans-16\netbeans\ide\update_tracking\org-netbeans-modules-projectui.xml
[2024-09-21 10:20:07.613]:         extracting C:\Program Files\NetBeans-16\netbeans\ide\update_tracking\org-netbeans-modules-mercurial.xml
[2024-09-21 10:20:07.615]:         extracting C:\Program Files\NetBeans-16\netbeans\ide\update_tracking\org-eclipse-mylyn-commons-core.xml
[2024-09-21 10:20:07.616]:         extracting C:\Program Files\NetBeans-16\netbeans\ide\update_tracking\org-netbeans-modules-xml-tools.xml
[2024-09-21 10:20:07.617]:         extracting C:\Program Files\NetBeans-16\netbeans\ide\config\Modules\org-netbeans-modules-usersguide.xml
[2024-09-21 10:20:07.618]:         extracting C:\Program Files\NetBeans-16\netbeans\ide\config\Modules\org-netbeans-modules-web-indent.xml
[2024-09-21 10:20:07.619]:         extracting C:\Program Files\NetBeans-16\netbeans\ide\config\Modules\org-netbeans-modules-editor-kit.xml
[2024-09-21 10:20:07.626]:         extracting C:\Program Files\NetBeans-16\netbeans\ide\config\Modules\org-eclipse-equinox-preferences.xml
[2024-09-21 10:20:07.627]:         extracting C:\Program Files\NetBeans-16\netbeans\ide\config\Modules\org-netbeans-modules-docker-api.xml
[2024-09-21 10:20:07.629]:         extracting C:\Program Files\NetBeans-16\netbeans\ide\config\Modules\org-netbeans-modules-properties.xml
[2024-09-21 10:20:07.630]:         extracting C:\Program Files\NetBeans-16\netbeans\ide\config\Modules\org-netbeans-modules-localtasks.xml
[2024-09-21 10:20:07.631]:         extracting C:\Program Files\NetBeans-16\netbeans\ide\config\Modules\org-netbeans-modules-subversion.xml
[2024-09-21 10:20:07.632]:         extracting C:\Program Files\NetBeans-16\netbeans\ide\config\Modules\org-netbeans-api-java-classpath.xml
[2024-09-21 10:20:07.634]:         extracting C:\Program Files\NetBeans-16\netbeans\ide\config\Modules\org-netbeans-modules-css-editor.xml
[2024-09-21 10:20:07.635]:         extracting C:\Program Files\NetBeans-16\netbeans\ide\config\Modules\org-eclipse-mylyn-bugzilla-core.xml
[2024-09-21 10:20:07.635]:         extracting C:\Program Files\NetBeans-16\netbeans\ide\config\Modules\org-netbeans-modules-hudson-git.xml
[2024-09-21 10:20:07.636]:         extracting C:\Program Files\NetBeans-16\netbeans\ide\config\Modules\org-netbeans-modules-lsp-client.xml
[2024-09-21 10:20:07.637]:         extracting C:\Program Files\NetBeans-16\netbeans\ide\config\Modules\org-eclipse-mylyn-wikitext-core.xml
[2024-09-21 10:20:07.638]:         extracting C:\Program Files\NetBeans-16\netbeans\ide\config\Modules\libs-c-kohlschutter-junixsocket.xml
[2024-09-21 10:20:07.639]:         extracting C:\Program Files\NetBeans-16\netbeans\ide\config\Modules\org-netbeans-modules-db-drivers.xml
[2024-09-21 10:20:07.640]:         extracting C:\Program Files\NetBeans-16\netbeans\ide\config\Modules\org-netbeans-modules-parsing-nb.xml
[2024-09-21 10:20:07.642]:         extracting C:\Program Files\NetBeans-16\netbeans\ide\config\Modules\org-netbeans-modules-web-common.xml
[2024-09-21 10:20:07.642]:         extracting C:\Program Files\NetBeans-16\netbeans\ide\config\Modules\org-netbeans-modules-extbrowser.xml
[2024-09-21 10:20:07.643]:         extracting C:\Program Files\NetBeans-16\netbeans\ide\config\Modules\org-netbeans-modules-projectapi.xml
[2024-09-21 10:20:07.644]:         extracting C:\Program Files\NetBeans-16\netbeans\ide\config\Modules\org-netbeans-modules-editor-lib.xml
[2024-09-21 10:20:07.645]:         extracting C:\Program Files\NetBeans-16\netbeans\ide\config\Modules\org-netbeans-modules-html-lexer.xml
[2024-09-21 10:20:07.645]:         extracting C:\Program Files\NetBeans-16\netbeans\ide\config\Modules\org-netbeans-modules-versioning.xml
[2024-09-21 10:20:07.646]:         extracting C:\Program Files\NetBeans-16\netbeans\ide\config\Modules\org-netbeans-modules-mylyn-util.xml
[2024-09-21 10:20:07.648]:         extracting C:\Program Files\NetBeans-16\netbeans\ide\config\Modules\org-netbeans-modules-css-visual.xml
[2024-09-21 10:20:07.648]:         extracting C:\Program Files\NetBeans-16\netbeans\ide\config\Modules\org-netbeans-modules-parsing-ui.xml
[2024-09-21 10:20:07.649]:         extracting C:\Program Files\NetBeans-16\netbeans\ide\config\Modules\org-netbeans-modules-httpserver.xml
[2024-09-21 10:20:07.650]:         extracting C:\Program Files\NetBeans-16\netbeans\ide\config\Modules\org-netbeans-modules-servletapi.xml
[2024-09-21 10:20:07.650]:         extracting C:\Program Files\NetBeans-16\netbeans\ide\config\ModuleAutoDeps\org-netbeans-spi-palette.xml
[2024-09-21 10:20:07.651]:         extracting C:\Program Files\NetBeans-16\netbeans\platform\modules\org-netbeans-modules-keyring-impl.jar
[2024-09-21 10:20:07.653]:         extracting C:\Program Files\NetBeans-16\netbeans\platform\modules\org-netbeans-api-progress-compat8.jar
[2024-09-21 10:20:07.654]:         extracting C:\Program Files\NetBeans-16\netbeans\platform\update_tracking\org-netbeans-api-progress.xml
[2024-09-21 10:20:07.655]:         extracting C:\Program Files\NetBeans-16\netbeans\platform\update_tracking\org-netbeans-core-netigso.xml
[2024-09-21 10:20:07.655]:         extracting C:\Program Files\NetBeans-16\netbeans\platform\update_tracking\org-netbeans-core-windows.xml
[2024-09-21 10:20:07.656]:         extracting C:\Program Files\NetBeans-16\netbeans\platform\update_tracking\net-java-html-boot-script.xml
[2024-09-21 10:20:07.657]:         extracting C:\Program Files\NetBeans-16\netbeans\platform\update_tracking\org-netbeans-core-output2.xml
[2024-09-21 10:20:07.657]:         extracting C:\Program Files\NetBeans-16\netbeans\platform\update_tracking\org-netbeans-libs-flatlaf.xml
[2024-09-21 10:20:07.659]:         extracting C:\Program Files\NetBeans-16\netbeans\platform\update_tracking\org-netbeans-core-network.xml
[2024-09-21 10:20:07.659]:         extracting C:\Program Files\NetBeans-16\netbeans\platform\update_tracking\org-netbeans-core-startup.xml
[2024-09-21 10:20:07.661]:         extracting C:\Program Files\NetBeans-16\netbeans\platform\config\Modules\org-openide-filesystems-nb.xml
[2024-09-21 10:20:07.662]:         extracting C:\Program Files\NetBeans-16\netbeans\platform\config\Modules\org-netbeans-modules-print.xml
[2024-09-21 10:20:07.662]:         extracting C:\Program Files\NetBeans-16\netbeans\platform\config\Modules\org-apache-commons-logging.xml
[2024-09-21 10:20:07.663]:         extracting C:\Program Files\NetBeans-16\netbeans\platform\config\Modules\org-netbeans-api-templates.xml
[2024-09-21 10:20:07.664]:         extracting C:\Program Files\NetBeans-16\netbeans\platform\config\Modules\org-netbeans-api-scripting.xml
[2024-09-21 10:20:07.666]:         extracting C:\Program Files\NetBeans-16\netbeans\platform\config\Modules\org-netbeans-lib-uihandler.xml
[2024-09-21 10:20:07.667]:         extracting C:\Program Files\NetBeans-16\netbeans\platform\config\Modules\org-netbeans-swing-outline.xml
[2024-09-21 10:20:07.667]:         extracting C:\Program Files\NetBeans-16\netbeans\platform\config\ModuleAutoDeps\org-openide-modules.xml
[2024-09-21 10:20:07.668]:         extracting C:\Program Files\NetBeans-16\netbeans\platform\config\ModuleAutoDeps\org-openide-loaders.xml
[2024-09-21 10:20:07.669]:         extracting C:\Program Files\NetBeans-16\netbeans\extide\modules\org-netbeans-modules-gradle-editor.jar
[2024-09-21 10:20:07.671]:         extracting C:\Program Files\NetBeans-16\netbeans\extide\config\Modules\org-apache-tools-ant-module.xml
[2024-09-21 10:20:07.672]:         extracting C:\Program Files\NetBeans-16\netbeans\extide\config\Modules\org-netbeans-modules-gradle.xml
[2024-09-21 10:20:07.673]:         extracting C:\Program Files\NetBeans-16\netbeans\harness\update_tracking\org-netbeans-libs-nbi-ant.xml
[2024-09-21 10:20:07.674]:         extracting C:\Program Files\NetBeans-16\netbeans\harness\config\Modules\org-netbeans-modules-jemmy.xml
[2024-09-21 10:20:07.675]:         extracting C:\Program Files\NetBeans-16\netbeans\ide\modules\org-netbeans-modules-editor-plain-lib.jar
[2024-09-21 10:20:07.676]:         extracting C:\Program Files\NetBeans-16\netbeans\ide\modules\org-netbeans-modules-xml-schema-model.jar
[2024-09-21 10:20:07.679]:         extracting C:\Program Files\NetBeans-16\netbeans\ide\modules\org-netbeans-modules-spellchecker-kit.jar
[2024-09-21 10:20:07.681]:         extracting C:\Program Files\NetBeans-16\netbeans\ide\modules\org-netbeans-modules-editor-fold-nbui.jar
[2024-09-21 10:20:07.684]:         extracting C:\Program Files\NetBeans-16\netbeans\ide\modules\org-netbeans-modules-editor-structure.jar
[2024-09-21 10:20:07.685]:         extracting C:\Program Files\NetBeans-16\netbeans\ide\modules\org-netbeans-modules-selenium2-server.jar
[2024-09-21 10:20:07.686]:         extracting C:\Program Files\NetBeans-16\netbeans\ide\modules\org-netbeans-modules-parsing-indexing.jar
[2024-09-21 10:20:07.692]:         extracting C:\Program Files\NetBeans-16\netbeans\ide\modules\org-netbeans-modules-hudson-mercurial.jar
[2024-09-21 10:20:07.694]:         extracting C:\Program Files\NetBeans-16\netbeans\ide\modules\org-netbeans-modules-gsf-codecoverage.jar
[2024-09-21 10:20:07.696]:         extracting C:\Program Files\NetBeans-16\netbeans\ide\modules\org-netbeans-modules-swing-validation.jar
[2024-09-21 10:20:07.697]:         extracting C:\Program Files\NetBeans-16\netbeans\ide\modules\ext\org.eclipse.tm4e.core-0.4.1-pack1.jar
[2024-09-21 10:20:07.700]:         extracting C:\Program Files\NetBeans-16\netbeans\ide\modules\org-netbeans-modules-editor-bookmarks.jar
[2024-09-21 10:20:07.702]:         extracting C:\Program Files\NetBeans-16\netbeans\ide\update_tracking\org-netbeans-swing-dirchooser.xml
[2024-09-21 10:20:07.704]:         extracting C:\Program Files\NetBeans-16\netbeans\ide\update_tracking\org-netbeans-modules-gototest.xml
[2024-09-21 10:20:07.704]:         extracting C:\Program Files\NetBeans-16\netbeans\ide\update_tracking\org-netbeans-modules-bugzilla.xml
[2024-09-21 10:20:07.705]:         extracting C:\Program Files\NetBeans-16\netbeans\ide\update_tracking\org-apache-commons-httpclient.xml
[2024-09-21 10:20:07.706]:         extracting C:\Program Files\NetBeans-16\netbeans\ide\update_tracking\org-netbeans-modules-team-ide.xml
[2024-09-21 10:20:07.707]:         extracting C:\Program Files\NetBeans-16\netbeans\ide\update_tracking\org-netbeans-modules-terminal.xml
[2024-09-21 10:20:07.707]:         extracting C:\Program Files\NetBeans-16\netbeans\ide\update_tracking\org-netbeans-spi-editor-hints.xml
[2024-09-21 10:20:07.708]:         extracting C:\Program Files\NetBeans-16\netbeans\ide\update_tracking\org-netbeans-modules-db-mysql.xml
[2024-09-21 10:20:07.709]:         extracting C:\Program Files\NetBeans-16\netbeans\ide\update_tracking\org-netbeans-modules-xml-text.xml
[2024-09-21 10:20:07.710]:         extracting C:\Program Files\NetBeans-16\netbeans\ide\update_tracking\org-netbeans-modules-css-prep.xml
[2024-09-21 10:20:07.710]:         extracting C:\Program Files\NetBeans-16\netbeans\ide\update_tracking\org-netbeans-libs-commons_net.xml
[2024-09-21 10:20:07.711]:         extracting C:\Program Files\NetBeans-16\netbeans\ide\update_tracking\org-eclipse-mylyn-commons-net.xml
[2024-09-21 10:20:07.712]:         extracting C:\Program Files\NetBeans-16\netbeans\ide\update_tracking\org-netbeans-modules-xml-core.xml
[2024-09-21 10:20:07.712]:         extracting C:\Program Files\NetBeans-16\netbeans\ide\update_tracking\org-netbeans-modules-markdown.xml
[2024-09-21 10:20:07.713]:         extracting C:\Program Files\NetBeans-16\netbeans\ide\update_tracking\org-netbeans-libs-json_simple.xml
[2024-09-21 10:20:07.714]:         extracting C:\Program Files\NetBeans-16\netbeans\ide\update_tracking\org-netbeans-modules-defaults.xml
[2024-09-21 10:20:07.715]:         extracting C:\Program Files\NetBeans-16\netbeans\ide\config\Modules\org-netbeans-modules-css-model.xml
[2024-09-21 10:20:07.716]:         extracting C:\Program Files\NetBeans-16\netbeans\ide\config\Modules\org-netbeans-modules-languages.xml
[2024-09-21 10:20:07.716]:         extracting C:\Program Files\NetBeans-16\netbeans\ide\config\Modules\org-netbeans-modules-csl-types.xml
[2024-09-21 10:20:07.717]:         extracting C:\Program Files\NetBeans-16\netbeans\ide\config\Modules\org-netbeans-modules-xml-lexer.xml
[2024-09-21 10:20:07.718]:         extracting C:\Program Files\NetBeans-16\netbeans\ide\config\Modules\org-netbeans-modules-docker-ui.xml
[2024-09-21 10:20:07.718]:         extracting C:\Program Files\NetBeans-16\netbeans\ide\config\Modules\org-netbeans-modules-hudson-ui.xml
[2024-09-21 10:20:07.719]:         extracting C:\Program Files\NetBeans-16\netbeans\ide\config\Modules\org-netbeans-modules-selenium2.xml
[2024-09-21 10:20:07.720]:         extracting C:\Program Files\NetBeans-16\netbeans\ide\config\Modules\org-netbeans-modules-utilities.xml
[2024-09-21 10:20:07.720]:         extracting C:\Program Files\NetBeans-16\netbeans\ide\config\Modules\org-netbeans-modules-projectui.xml
[2024-09-21 10:20:07.721]:         extracting C:\Program Files\NetBeans-16\netbeans\ide\config\Modules\org-netbeans-modules-mercurial.xml
[2024-09-21 10:20:07.723]:         extracting C:\Program Files\NetBeans-16\netbeans\ide\config\Modules\org-eclipse-mylyn-commons-core.xml
[2024-09-21 10:20:07.723]:         extracting C:\Program Files\NetBeans-16\netbeans\ide\config\Modules\org-netbeans-modules-xml-tools.xml
[2024-09-21 10:20:07.724]:         extracting C:\Program Files\NetBeans-16\netbeans\ide\config\ModuleAutoDeps\org-netbeans-modules-db.xml
[2024-09-21 10:20:07.725]:         extracting C:\Program Files\NetBeans-16\netbeans\nb\modules\org-netbeans-modules-deadlock-detector.jar
[2024-09-21 10:20:07.726]:         extracting C:\Program Files\NetBeans-16\netbeans\nb\modules\locale\org-netbeans-spi-quicksearch_nb.jar
[2024-09-21 10:20:07.727]:         extracting C:\Program Files\NetBeans-16\netbeans\platform\modules\org-netbeans-modules-options-api.jar
[2024-09-21 10:20:07.730]:         extracting C:\Program Files\NetBeans-16\netbeans\platform\modules\org-netbeans-modules-templatesui.jar
[2024-09-21 10:20:07.732]:         extracting C:\Program Files\NetBeans-16\netbeans\platform\modules\org-netbeans-modules-masterfs-ui.jar
[2024-09-21 10:20:07.734]:         extracting C:\Program Files\NetBeans-16\netbeans\platform\modules\org-netbeans-modules-spi-actions.jar
[2024-09-21 10:20:07.735]:         extracting C:\Program Files\NetBeans-16\netbeans\platform\modules\org-netbeans-modules-progress-ui.jar
[2024-09-21 10:20:07.737]:         extracting C:\Program Files\NetBeans-16\netbeans\platform\modules\lib\amd64\linux\libjnidispatch-nb.so
[2024-09-21 10:20:07.740]:         extracting C:\Program Files\NetBeans-16\netbeans\platform\modules\lib\aarch64\libjnidispatch-nb.jnilib
[2024-09-21 10:20:07.741]:         extracting C:\Program Files\NetBeans-16\netbeans\platform\modules\org-netbeans-html-presenters-spi.jar
[2024-09-21 10:20:07.742]:         extracting C:\Program Files\NetBeans-16\netbeans\platform\update_tracking\org-netbeans-libs-testng.xml
[2024-09-21 10:20:07.743]:         extracting C:\Program Files\NetBeans-16\netbeans\platform\update_tracking\org-netbeans-libs-javafx.xml
[2024-09-21 10:20:07.743]:         extracting C:\Program Files\NetBeans-16\netbeans\platform\update_tracking\org-netbeans-libs-junit4.xml
[2024-09-21 10:20:07.744]:         extracting C:\Program Files\NetBeans-16\netbeans\platform\update_tracking\org-apache-commons-codec.xml
[2024-09-21 10:20:07.745]:         extracting C:\Program Files\NetBeans-16\netbeans\platform\update_tracking\org-apache-commons-lang3.xml
[2024-09-21 10:20:07.745]:         extracting C:\Program Files\NetBeans-16\netbeans\platform\update_tracking\org-netbeans-libs-junit5.xml
[2024-09-21 10:20:07.747]:         extracting C:\Program Files\NetBeans-16\netbeans\platform\update_tracking\org-netbeans-libs-jsr223.xml
[2024-09-21 10:20:07.748]:         extracting C:\Program Files\NetBeans-16\netbeans\platform\config\Modules\org-netbeans-api-progress.xml
[2024-09-21 10:20:07.749]:         extracting C:\Program Files\NetBeans-16\netbeans\platform\config\Modules\org-netbeans-core-netigso.xml
[2024-09-21 10:20:07.749]:         extracting C:\Program Files\NetBeans-16\netbeans\platform\config\Modules\org-netbeans-core-windows.xml
[2024-09-21 10:20:07.750]:         extracting C:\Program Files\NetBeans-16\netbeans\platform\config\Modules\net-java-html-boot-script.xml
[2024-09-21 10:20:07.751]:         extracting C:\Program Files\NetBeans-16\netbeans\platform\config\Modules\org-netbeans-core-output2.xml
[2024-09-21 10:20:07.752]:         extracting C:\Program Files\NetBeans-16\netbeans\platform\config\Modules\org-netbeans-libs-flatlaf.xml
[2024-09-21 10:20:07.753]:         extracting C:\Program Files\NetBeans-16\netbeans\platform\config\Modules\org-netbeans-core-network.xml
[2024-09-21 10:20:07.753]:         extracting C:\Program Files\NetBeans-16\netbeans\extide\modules\org-netbeans-modules-gradle-dists.jar
[2024-09-21 10:20:07.755]:         extracting C:\Program Files\NetBeans-16\netbeans\extide\modules\org-netbeans-modules-options-java.jar
[2024-09-21 10:20:07.757]:         extracting C:\Program Files\NetBeans-16\netbeans\harness\config\Modules\org-netbeans-libs-nbi-ant.xml
[2024-09-21 10:20:07.757]:         extracting C:\Program Files\NetBeans-16\netbeans\harness\nbi\stub\ext\infra\build\products\helloworld
[2024-09-21 10:20:07.757]:         extracting C:\Program Files\NetBeans-16\netbeans\harness\nbi\stub\ext\engine\src\native\launcher\unix
[2024-09-21 10:20:07.757]:         extracting C:\Program Files\NetBeans-16\netbeans\harness\nbi\stub\ext\engine\nbproject\build-impl.xml
[2024-09-21 10:20:07.758]:         extracting C:\Program Files\NetBeans-16\netbeans\ide\modules\org-netbeans-modules-html-validation.jar
[2024-09-21 10:20:07.760]:         extracting C:\Program Files\NetBeans-16\netbeans\ide\modules\org-netbeans-modules-versioning-core.jar
[2024-09-21 10:20:07.763]:         extracting C:\Program Files\NetBeans-16\netbeans\ide\modules\org-netbeans-modules-nativeimage-api.jar
[2024-09-21 10:20:07.764]:         extracting C:\Program Files\NetBeans-16\netbeans\ide\modules\org-netbeans-modules-hudson-tasklist.jar
[2024-09-21 10:20:07.766]:         extracting C:\Program Files\NetBeans-16\netbeans\ide\modules\org-netbeans-modules-dlight-terminal.jar
[2024-09-21 10:20:07.768]:         extracting C:\Program Files\NetBeans-16\netbeans\ide\modules\org-netbeans-modules-versioning-util.jar
[2024-09-21 10:20:07.773]:         extracting C:\Program Files\NetBeans-16\netbeans\ide\modules\org-netbeans-modules-web-browser-api.jar
[2024-09-21 10:20:07.775]:         extracting C:\Program Files\NetBeans-16\netbeans\ide\modules\docs\org-netbeans-modules-usersguide.jar
[2024-09-21 10:20:07.786]:         extracting C:\Program Files\NetBeans-16\netbeans\ide\modules\org-netbeans-modules-html-editor-lib.jar
[2024-09-21 10:20:07.788]:         extracting C:\Program Files\NetBeans-16\netbeans\ide\modules\org-netbeans-modules-target-iterator.jar
[2024-09-21 10:20:07.789]:         extracting C:\Program Files\NetBeans-16\netbeans\ide\modules\org-netbeans-modules-editor-settings.jar
[2024-09-21 10:20:07.791]:         extracting C:\Program Files\NetBeans-16\netbeans\ide\modules\org-netbeans-modules-editor-autosave.jar
[2024-09-21 10:20:07.794]:         extracting C:\Program Files\NetBeans-16\netbeans\ide\modules\org-netbeans-modules-refactoring-api.jar
[2024-09-21 10:20:07.798]:         extracting C:\Program Files\NetBeans-16\netbeans\ide\modules\org-netbeans-modules-editor-document.jar
[2024-09-21 10:20:07.799]:         extracting C:\Program Files\NetBeans-16\netbeans\ide\modules\lib\aarch64\junixsocket-native-2.5.1.dll
[2024-09-21 10:20:07.802]:         extracting C:\Program Files\NetBeans-16\netbeans\ide\modules\ext\org.eclipse.lsp4j.jsonrpc-0.13.0.jar
[2024-09-21 10:20:07.804]:         extracting C:\Program Files\NetBeans-16\netbeans\ide\modules\dict\wordlist-en_GB-large-2017.08.24.zip
[2024-09-21 10:20:07.808]:         extracting C:\Program Files\NetBeans-16\netbeans\ide\modules\dict\wordlist-en_US-large-2017.08.24.zip
[2024-09-21 10:20:07.811]:         extracting C:\Program Files\NetBeans-16\netbeans\ide\update_tracking\org-netbeans-modules-xml-xdm.xml
[2024-09-21 10:20:07.812]:         extracting C:\Program Files\NetBeans-16\netbeans\ide\update_tracking\org-eclipse-mylyn-tasks-core.xml
[2024-09-21 10:20:07.813]:         extracting C:\Program Files\NetBeans-16\netbeans\ide\update_tracking\org-netbeans-libs-freemarker.xml
[2024-09-21 10:20:07.814]:         extracting C:\Program Files\NetBeans-16\netbeans\ide\update_tracking\org-netbeans-libs-truffleapi.xml
[2024-09-21 10:20:07.815]:         extracting C:\Program Files\NetBeans-16\netbeans\ide\update_tracking\org-eclipse-equinox-security.xml
[2024-09-21 10:20:07.815]:         extracting C:\Program Files\NetBeans-16\netbeans\ide\update_tracking\org-netbeans-modules-csl-api.xml
[2024-09-21 10:20:07.817]:         extracting C:\Program Files\NetBeans-16\netbeans\ide\update_tracking\org-eclipse-core-contenttype.xml
[2024-09-21 10:20:07.818]:         extracting C:\Program Files\NetBeans-16\netbeans\ide\update_tracking\org-netbeans-modules-db-core.xml
[2024-09-21 10:20:07.819]:         extracting C:\Program Files\NetBeans-16\netbeans\ide\update_tracking\org-netbeans-modules-xml-tax.xml
[2024-09-21 10:20:07.819]:         extracting C:\Program Files\NetBeans-16\netbeans\ide\update_tracking\org-netbeans-modules-ide-kit.xml
[2024-09-21 10:20:07.821]:         extracting C:\Program Files\NetBeans-16\netbeans\ide\update_tracking\org-netbeans-modules-css-lib.xml
[2024-09-21 10:20:07.822]:         extracting C:\Program Files\NetBeans-16\netbeans\ide\update_tracking\org-eclipse-equinox-registry.xml
[2024-09-21 10:20:07.823]:         extracting C:\Program Files\NetBeans-16\netbeans\ide\update_tracking\org-netbeans-spi-debugger-ui.xml
[2024-09-21 10:20:07.824]:         extracting C:\Program Files\NetBeans-16\netbeans\ide\update_tracking\org-netbeans-modules-xml-xam.xml
[2024-09-21 10:20:07.825]:         extracting C:\Program Files\NetBeans-16\netbeans\ide\update_tracking\org-netbeans-modules-xml-axi.xml
[2024-09-21 10:20:07.826]:         extracting C:\Program Files\NetBeans-16\netbeans\ide\bin\nativeexecution\MacOSX-x86_64\unbuffer.dylib
[2024-09-21 10:20:07.828]:         extracting C:\Program Files\NetBeans-16\netbeans\ide\bin\nativeexecution\Linux-sparc_64\process_start
[2024-09-21 10:20:07.828]:         extracting C:\Program Files\NetBeans-16\netbeans\ide\bin\nativeexecution\SunOS-sparc_64\process_start
[2024-09-21 10:20:07.831]:         extracting C:\Program Files\NetBeans-16\netbeans\ide\bin\nativeexecution\Windows-x86_64\process_start
[2024-09-21 10:20:07.833]:         extracting C:\Program Files\NetBeans-16\netbeans\ide\config\Modules\org-netbeans-swing-dirchooser.xml
[2024-09-21 10:20:07.833]:         extracting C:\Program Files\NetBeans-16\netbeans\ide\config\Modules\org-netbeans-modules-gototest.xml
[2024-09-21 10:20:07.834]:         extracting C:\Program Files\NetBeans-16\netbeans\ide\config\Modules\org-netbeans-modules-bugzilla.xml
[2024-09-21 10:20:07.835]:         extracting C:\Program Files\NetBeans-16\netbeans\ide\config\Modules\org-apache-commons-httpclient.xml
[2024-09-21 10:20:07.836]:         extracting C:\Program Files\NetBeans-16\netbeans\ide\config\Modules\org-netbeans-modules-team-ide.xml
[2024-09-21 10:20:07.837]:         extracting C:\Program Files\NetBeans-16\netbeans\ide\config\Modules\org-netbeans-modules-terminal.xml
[2024-09-21 10:20:07.838]:         extracting C:\Program Files\NetBeans-16\netbeans\ide\config\Modules\org-netbeans-spi-editor-hints.xml
[2024-09-21 10:20:07.839]:         extracting C:\Program Files\NetBeans-16\netbeans\ide\config\Modules\org-netbeans-modules-db-mysql.xml
[2024-09-21 10:20:07.840]:         extracting C:\Program Files\NetBeans-16\netbeans\ide\config\Modules\org-netbeans-modules-xml-text.xml
[2024-09-21 10:20:07.841]:         extracting C:\Program Files\NetBeans-16\netbeans\ide\config\Modules\org-netbeans-modules-css-prep.xml
[2024-09-21 10:20:07.843]:         extracting C:\Program Files\NetBeans-16\netbeans\ide\config\Modules\org-netbeans-libs-commons_net.xml
[2024-09-21 10:20:07.844]:         extracting C:\Program Files\NetBeans-16\netbeans\ide\config\Modules\org-eclipse-mylyn-commons-net.xml
[2024-09-21 10:20:07.845]:         extracting C:\Program Files\NetBeans-16\netbeans\ide\config\Modules\org-netbeans-modules-xml-core.xml
[2024-09-21 10:20:07.846]:         extracting C:\Program Files\NetBeans-16\netbeans\ide\config\Modules\org-netbeans-modules-markdown.xml
[2024-09-21 10:20:07.846]:         extracting C:\Program Files\NetBeans-16\netbeans\ide\config\Modules\org-netbeans-libs-json_simple.xml
[2024-09-21 10:20:07.847]:         extracting C:\Program Files\NetBeans-16\netbeans\ide\config\Modules\org-netbeans-modules-defaults.xml
[2024-09-21 10:20:07.849]:         extracting C:\Program Files\NetBeans-16\netbeans\cpplite\modules\org-netbeans-modules-cpplite-kit.jar
[2024-09-21 10:20:07.850]:         extracting C:\Program Files\NetBeans-16\netbeans\nb\modules\org-netbeans-modules-ide-branding-kit.jar
[2024-09-21 10:20:07.851]:         extracting C:\Program Files\NetBeans-16\netbeans\platform\modules\lib\i386\linux\libjnidispatch-nb.so
[2024-09-21 10:20:07.855]:         extracting C:\Program Files\NetBeans-16\netbeans\platform\modules\lib\x86_64\libjnidispatch-nb.jnilib
[2024-09-21 10:20:07.857]:         extracting C:\Program Files\NetBeans-16\netbeans\platform\modules\ext\org.apache.felix.main-7.0.3.jar
[2024-09-21 10:20:07.862]:         extracting C:\Program Files\NetBeans-16\netbeans\platform\update_tracking\org-netbeans-core-io-ui.xml
[2024-09-21 10:20:07.863]:         extracting C:\Program Files\NetBeans-16\netbeans\platform\update_tracking\org-netbeans-swing-plaf.xml
[2024-09-21 10:20:07.863]:         extracting C:\Program Files\NetBeans-16\netbeans\platform\update_tracking\org-netbeans-api-intent.xml
[2024-09-21 10:20:07.864]:         extracting C:\Program Files\NetBeans-16\netbeans\platform\update_tracking\org-openide-util-ui-svg.xml
[2024-09-21 10:20:07.865]:         extracting C:\Program Files\NetBeans-16\netbeans\platform\update_tracking\org-openide-util-lookup.xml
[2024-09-21 10:20:07.867]:         extracting C:\Program Files\NetBeans-16\netbeans\platform\update_tracking\org-netbeans-html-xhr4j.xml
[2024-09-21 10:20:07.868]:         extracting C:\Program Files\NetBeans-16\netbeans\platform\update_tracking\org-netbeans-api-search.xml
[2024-09-21 10:20:07.869]:         extracting C:\Program Files\NetBeans-16\netbeans\platform\update_tracking\org-netbeans-api-htmlui.xml
[2024-09-21 10:20:07.870]:         extracting C:\Program Files\NetBeans-16\netbeans\platform\update_tracking\org-openide-filesystems.xml
[2024-09-21 10:20:07.870]:         extracting C:\Program Files\NetBeans-16\netbeans\platform\update_tracking\org-netbeans-libs-felix.xml
[2024-09-21 10:20:07.871]:         extracting C:\Program Files\NetBeans-16\netbeans\platform\update_tracking\org-netbeans-api-visual.xml
[2024-09-21 10:20:07.873]:         extracting C:\Program Files\NetBeans-16\netbeans\platform\config\Modules\org-netbeans-libs-testng.xml
[2024-09-21 10:20:07.874]:         extracting C:\Program Files\NetBeans-16\netbeans\platform\config\Modules\org-netbeans-libs-javafx.xml
[2024-09-21 10:20:07.874]:         extracting C:\Program Files\NetBeans-16\netbeans\platform\config\Modules\org-netbeans-libs-junit4.xml
[2024-09-21 10:20:07.875]:         extracting C:\Program Files\NetBeans-16\netbeans\platform\config\Modules\org-apache-commons-codec.xml
[2024-09-21 10:20:07.876]:         extracting C:\Program Files\NetBeans-16\netbeans\platform\config\Modules\org-apache-commons-lang3.xml
[2024-09-21 10:20:07.876]:         extracting C:\Program Files\NetBeans-16\netbeans\platform\config\Modules\org-netbeans-libs-junit5.xml
[2024-09-21 10:20:07.877]:         extracting C:\Program Files\NetBeans-16\netbeans\platform\config\Modules\org-netbeans-libs-jsr223.xml
[2024-09-21 10:20:07.878]:         extracting C:\Program Files\NetBeans-16\netbeans\platform\config\ModuleAutoDeps\org-netbeans-core.xml
[2024-09-21 10:20:07.879]:         extracting C:\Program Files\NetBeans-16\netbeans\platform\config\ModuleAutoDeps\org-openide-nodes.xml
[2024-09-21 10:20:07.880]:         extracting C:\Program Files\NetBeans-16\netbeans\platform\docs\junit-jupiter-params-5.6.0-sources.jar
[2024-09-21 10:20:07.883]:         extracting C:\Program Files\NetBeans-16\netbeans\platform\docs\junit-jupiter-engine-5.6.0-javadoc.jar
[2024-09-21 10:20:07.887]:         extracting C:\Program Files\NetBeans-16\netbeans\platform\docs\junit-jupiter-params-5.6.0-javadoc.jar
[2024-09-21 10:20:07.891]:         extracting C:\Program Files\NetBeans-16\netbeans\platform\docs\junit-jupiter-engine-5.6.0-sources.jar
[2024-09-21 10:20:07.893]:         extracting C:\Program Files\NetBeans-16\netbeans\extide\modules\org-netbeans-modules-libs-gradle.jar
[2024-09-21 10:20:07.894]:         extracting C:\Program Files\NetBeans-16\netbeans\extide\modules\gradle\daemon-loader\settings.gradle
[2024-09-21 10:20:07.895]:         extracting C:\Program Files\NetBeans-16\netbeans\harness\nbi\stub\ext\components\products\helloworld
[2024-09-21 10:20:07.895]:         extracting C:\Program Files\NetBeans-16\netbeans\ide\modules\org-netbeans-modules-xml-wsdl-model.jar
[2024-09-21 10:20:07.899]:         extracting C:\Program Files\NetBeans-16\netbeans\ide\modules\org-netbeans-modules-gsf-testrunner.jar
[2024-09-21 10:20:07.903]:         extracting C:\Program Files\NetBeans-16\netbeans\ide\modules\org-netbeans-core-multitabs-project.jar
[2024-09-21 10:20:07.905]:         extracting C:\Program Files\NetBeans-16\netbeans\ide\modules\org-netbeans-modules-languages-toml.jar
[2024-09-21 10:20:07.908]:         extracting C:\Program Files\NetBeans-16\netbeans\ide\modules\org-netbeans-modules-project-ant-ui.jar
[2024-09-21 10:20:07.910]:         extracting C:\Program Files\NetBeans-16\netbeans\ide\modules\org-netbeans-modules-editor-actions.jar
[2024-09-21 10:20:07.911]:         extracting C:\Program Files\NetBeans-16\netbeans\ide\modules\org-netbeans-modules-xml-catalog-ui.jar
[2024-09-21 10:20:07.914]:         extracting C:\Program Files\NetBeans-16\netbeans\ide\modules\org-netbeans-modules-lexer-nbbridge.jar
[2024-09-21 10:20:07.915]:         extracting C:\Program Files\NetBeans-16\netbeans\ide\modules\org-netbeans-modules-parsing-lucene.jar
[2024-09-21 10:20:07.918]:         extracting C:\Program Files\NetBeans-16\netbeans\ide\modules\org-netbeans-modules-jellytools-ide.jar
[2024-09-21 10:20:07.920]:         extracting C:\Program Files\NetBeans-16\netbeans\ide\modules\org-netbeans-modules-textmate-lexer.jar
[2024-09-21 10:20:07.923]:         extracting C:\Program Files\NetBeans-16\netbeans\ide\modules\org-netbeans-modules-languages-yaml.jar
[2024-09-21 10:20:07.924]:         extracting C:\Program Files\NetBeans-16\netbeans\ide\modules\org-netbeans-modules-languages-diff.jar
[2024-09-21 10:20:07.928]:         extracting C:\Program Files\NetBeans-16\netbeans\ide\modules\ext\junixsocket-native-common-2.5.1.jar
[2024-09-21 10:20:07.932]:         extracting C:\Program Files\NetBeans-16\netbeans\ide\modules\org-netbeans-modules-options-editor.jar
[2024-09-21 10:20:07.936]:         extracting C:\Program Files\NetBeans-16\netbeans\ide\update_tracking\org-netbeans-modules-editor.xml
[2024-09-21 10:20:07.938]:         extracting C:\Program Files\NetBeans-16\netbeans\ide\update_tracking\org-netbeans-modules-db-kit.xml
[2024-09-21 10:20:07.939]:         extracting C:\Program Files\NetBeans-16\netbeans\ide\update_tracking\org-netbeans-modules-server.xml
[2024-09-21 10:20:07.940]:         extracting C:\Program Files\NetBeans-16\netbeans\ide\update_tracking\org-netbeans-modules-hudson.xml
[2024-09-21 10:20:07.941]:         extracting C:\Program Files\NetBeans-16\netbeans\ide\update_tracking\org-netbeans-modules-jumpto.xml
[2024-09-21 10:20:07.943]:         extracting C:\Program Files\NetBeans-16\netbeans\ide\bin\nativeexecution\MacOSX-x86_64\process_start
[2024-09-21 10:20:07.944]:         extracting C:\Program Files\NetBeans-16\netbeans\ide\bin\nativeexecution\Linux-aarch64\process_start
[2024-09-21 10:20:07.947]:         extracting C:\Program Files\NetBeans-16\netbeans\ide\bin\nativeexecution\Windows-x86_64\unbuffer.dll
[2024-09-21 10:20:07.950]:         extracting C:\Program Files\NetBeans-16\netbeans\ide\config\Modules\org-netbeans-modules-xml-xdm.xml
[2024-09-21 10:20:07.952]:         extracting C:\Program Files\NetBeans-16\netbeans\ide\config\Modules\org-eclipse-mylyn-tasks-core.xml
[2024-09-21 10:20:07.954]:         extracting C:\Program Files\NetBeans-16\netbeans\ide\config\Modules\org-netbeans-libs-freemarker.xml
[2024-09-21 10:20:07.955]:         extracting C:\Program Files\NetBeans-16\netbeans\ide\config\Modules\org-netbeans-libs-truffleapi.xml
[2024-09-21 10:20:07.957]:         extracting C:\Program Files\NetBeans-16\netbeans\ide\config\Modules\org-eclipse-equinox-security.xml
[2024-09-21 10:20:07.957]:         extracting C:\Program Files\NetBeans-16\netbeans\ide\config\Modules\org-netbeans-modules-csl-api.xml
[2024-09-21 10:20:07.959]:         extracting C:\Program Files\NetBeans-16\netbeans\ide\config\Modules\org-eclipse-core-contenttype.xml
[2024-09-21 10:20:07.961]:         extracting C:\Program Files\NetBeans-16\netbeans\ide\config\Modules\org-netbeans-modules-db-core.xml
[2024-09-21 10:20:07.962]:         extracting C:\Program Files\NetBeans-16\netbeans\ide\config\Modules\org-netbeans-modules-xml-tax.xml
[2024-09-21 10:20:07.966]:         extracting C:\Program Files\NetBeans-16\netbeans\ide\config\Modules\org-netbeans-modules-ide-kit.xml
[2024-09-21 10:20:07.967]:         extracting C:\Program Files\NetBeans-16\netbeans\ide\config\Modules\org-netbeans-modules-css-lib.xml
[2024-09-21 10:20:07.969]:         extracting C:\Program Files\NetBeans-16\netbeans\ide\config\Modules\org-eclipse-equinox-registry.xml
[2024-09-21 10:20:07.971]:         extracting C:\Program Files\NetBeans-16\netbeans\ide\config\Modules\org-netbeans-spi-debugger-ui.xml
[2024-09-21 10:20:07.972]:         extracting C:\Program Files\NetBeans-16\netbeans\ide\config\Modules\org-netbeans-modules-xml-xam.xml
[2024-09-21 10:20:07.972]:         extracting C:\Program Files\NetBeans-16\netbeans\ide\config\Modules\org-netbeans-modules-xml-axi.xml
[2024-09-21 10:20:07.974]:         extracting C:\Program Files\NetBeans-16\netbeans\nb\update_tracking\org-netbeans-modules-welcome.xml
[2024-09-21 10:20:07.976]:         extracting C:\Program Files\NetBeans-16\netbeans\platform\modules\org-netbeans-swing-laf-flatlaf.jar
[2024-09-21 10:20:07.978]:         extracting C:\Program Files\NetBeans-16\netbeans\platform\modules\org-netbeans-modules-uihandler.jar
[2024-09-21 10:20:07.983]:         extracting C:\Program Files\NetBeans-16\netbeans\platform\modules\org-netbeans-modules-favorites.jar
[2024-09-21 10:20:07.985]:         extracting C:\Program Files\NetBeans-16\netbeans\platform\modules\org-netbeans-modules-templates.jar
[2024-09-21 10:20:07.987]:         extracting C:\Program Files\NetBeans-16\netbeans\platform\modules\org-netbeans-core-nativeaccess.jar
[2024-09-21 10:20:07.988]:         extracting C:\Program Files\NetBeans-16\netbeans\platform\modules\org-netbeans-modules-applemenu.jar
[2024-09-21 10:20:07.990]:         extracting C:\Program Files\NetBeans-16\netbeans\platform\modules\org-netbeans-libs-jna-platform.jar
[2024-09-21 10:20:07.992]:         extracting C:\Program Files\NetBeans-16\netbeans\platform\modules\ext\junit-jupiter-engine-5.6.0.jar
[2024-09-21 10:20:07.995]:         extracting C:\Program Files\NetBeans-16\netbeans\platform\modules\ext\junit-jupiter-params-5.6.0.jar
[2024-09-21 10:20:08.000]:         extracting C:\Program Files\NetBeans-16\netbeans\platform\modules\ext\org.eclipse.osgi_3.9.1.nb9.jar
[2024-09-21 10:20:08.009]:         extracting C:\Program Files\NetBeans-16\netbeans\platform\update_tracking\org-netbeans-libs-osgi.xml
[2024-09-21 10:20:08.012]:         extracting C:\Program Files\NetBeans-16\netbeans\platform\update_tracking\org-netbeans-bootstrap.xml
[2024-09-21 10:20:08.014]:         extracting C:\Program Files\NetBeans-16\netbeans\platform\update_tracking\org-netbeans-html-ko4j.xml
[2024-09-21 10:20:08.015]:         extracting C:\Program Files\NetBeans-16\netbeans\platform\update_tracking\org-netbeans-core-osgi.xml
[2024-09-21 10:20:08.017]:         extracting C:\Program Files\NetBeans-16\netbeans\platform\config\Modules\org-netbeans-core-io-ui.xml
[2024-09-21 10:20:08.018]:         extracting C:\Program Files\NetBeans-16\netbeans\platform\config\Modules\org-netbeans-swing-plaf.xml
[2024-09-21 10:20:08.019]:         extracting C:\Program Files\NetBeans-16\netbeans\platform\config\Modules\org-netbeans-api-intent.xml
[2024-09-21 10:20:08.020]:         extracting C:\Program Files\NetBeans-16\netbeans\platform\config\Modules\org-openide-util-ui-svg.xml
[2024-09-21 10:20:08.020]:         extracting C:\Program Files\NetBeans-16\netbeans\platform\config\Modules\org-netbeans-html-xhr4j.xml
[2024-09-21 10:20:08.022]:         extracting C:\Program Files\NetBeans-16\netbeans\platform\config\Modules\org-netbeans-api-search.xml
[2024-09-21 10:20:08.023]:         extracting C:\Program Files\NetBeans-16\netbeans\platform\config\Modules\org-netbeans-api-htmlui.xml
[2024-09-21 10:20:08.024]:         extracting C:\Program Files\NetBeans-16\netbeans\platform\config\Modules\org-netbeans-libs-felix.xml
[2024-09-21 10:20:08.025]:         extracting C:\Program Files\NetBeans-16\netbeans\platform\config\Modules\org-netbeans-api-visual.xml
[2024-09-21 10:20:08.026]:         extracting C:\Program Files\NetBeans-16\netbeans\platform\config\ModuleAutoDeps\org-openide-text.xml
[2024-09-21 10:20:08.027]:         extracting C:\Program Files\NetBeans-16\netbeans\platform\config\ModuleAutoDeps\org-openide-util.xml
[2024-09-21 10:20:08.028]:         extracting C:\Program Files\NetBeans-16\netbeans\ide\modules\org-netbeans-modules-editor-macros.jar
[2024-09-21 10:20:08.031]:         extracting C:\Program Files\NetBeans-16\netbeans\ide\modules\org-netbeans-modules-notifications.jar
[2024-09-21 10:20:08.035]:         extracting C:\Program Files\NetBeans-16\netbeans\ide\modules\org-netbeans-modules-editor-indent.jar
[2024-09-21 10:20:08.037]:         extracting C:\Program Files\NetBeans-16\netbeans\ide\modules\org-netbeans-modules-versioning-ui.jar
[2024-09-21 10:20:08.041]:         extracting C:\Program Files\NetBeans-16\netbeans\ide\modules\org-netbeans-modules-docker-editor.jar
[2024-09-21 10:20:08.043]:         extracting C:\Program Files\NetBeans-16\netbeans\ide\modules\org-netbeans-modules-xml-multiview.jar
[2024-09-21 10:20:08.046]:         extracting C:\Program Files\NetBeans-16\netbeans\ide\modules\org-netbeans-modules-code-analysis.jar
[2024-09-21 10:20:08.049]:         extracting C:\Program Files\NetBeans-16\netbeans\ide\modules\org-netbeans-modules-tasklist-todo.jar
[2024-09-21 10:20:08.052]:         extracting C:\Program Files\NetBeans-16\netbeans\ide\modules\org-netbeans-modules-db-sql-editor.jar
[2024-09-21 10:20:08.055]:         extracting C:\Program Files\NetBeans-16\netbeans\ide\modules\org-netbeans-libs-snakeyaml_engine.jar
[2024-09-21 10:20:08.056]:         extracting C:\Program Files\NetBeans-16\netbeans\ide\modules\org-netbeans-modules-xml-retriever.jar
[2024-09-21 10:20:08.060]:         extracting C:\Program Files\NetBeans-16\netbeans\ide\modules\org-netbeans-modules-editor-guards.jar
[2024-09-21 10:20:08.062]:         extracting C:\Program Files\NetBeans-16\netbeans\ide\modules\org-netbeans-libs-commons_compress.jar
[2024-09-21 10:20:08.063]:         extracting C:\Program Files\NetBeans-16\netbeans\ide\modules\org-netbeans-modules-html-indexing.jar
[2024-09-21 10:20:08.066]:         extracting C:\Program Files\NetBeans-16\netbeans\ide\modules\org-netbeans-libs-svnClientAdapter.jar
[2024-09-21 10:20:08.067]:         extracting C:\Program Files\NetBeans-16\netbeans\ide\modules\org-netbeans-modules-projectapi-nb.jar
[2024-09-21 10:20:08.068]:         extracting C:\Program Files\NetBeans-16\netbeans\ide\modules\lib\amd64\junixsocket-native-2.5.1.dll
[2024-09-21 10:20:08.071]:         extracting C:\Program Files\NetBeans-16\netbeans\ide\modules\org-netbeans-modules-web-common-ui.jar
[2024-09-21 10:20:08.074]:         extracting C:\Program Files\NetBeans-16\netbeans\ide\modules\org-netbeans-modules-editor-search.jar
[2024-09-21 10:20:08.079]:         extracting C:\Program Files\NetBeans-16\netbeans\ide\update_tracking\org-netbeans-modules-derby.xml
[2024-09-21 10:20:08.080]:         extracting C:\Program Files\NetBeans-16\netbeans\ide\update_tracking\org-netbeans-modules-lexer.xml
[2024-09-21 10:20:08.081]:         extracting C:\Program Files\NetBeans-16\netbeans\ide\update_tracking\org-apache-ws-commons-util.xml
[2024-09-21 10:20:08.082]:         extracting C:\Program Files\NetBeans-16\netbeans\ide\update_tracking\org-netbeans-modules-image.xml
[2024-09-21 10:20:08.083]:         extracting C:\Program Files\NetBeans-16\netbeans\ide\update_tracking\org-netbeans-modules-dbapi.xml
[2024-09-21 10:20:08.084]:         extracting C:\Program Files\NetBeans-16\netbeans\ide\update_tracking\org-eclipse-equinox-common.xml
[2024-09-21 10:20:08.084]:         extracting C:\Program Files\NetBeans-16\netbeans\ide\update_tracking\org-netbeans-libs-graalsdk.xml
[2024-09-21 10:20:08.086]:         extracting C:\Program Files\NetBeans-16\netbeans\ide\update_tracking\org-netbeans-libs-flexmark.xml
[2024-09-21 10:20:08.087]:         extracting C:\Program Files\NetBeans-16\netbeans\ide\update_tracking\org-netbeans-spi-navigator.xml
[2024-09-21 10:20:08.088]:         extracting C:\Program Files\NetBeans-16\netbeans\ide\update_tracking\org-netbeans-libs-jcodings.xml
[2024-09-21 10:20:08.089]:         extracting C:\Program Files\NetBeans-16\netbeans\ide\update_tracking\org-netbeans-spi-viewmodel.xml
[2024-09-21 10:20:08.090]:         extracting C:\Program Files\NetBeans-16\netbeans\ide\bin\nativeexecution\Linux-sparc_64\unbuffer.so
[2024-09-21 10:20:08.091]:         extracting C:\Program Files\NetBeans-16\netbeans\ide\bin\nativeexecution\SunOS-x86_64\process_start
[2024-09-21 10:20:08.092]:         extracting C:\Program Files\NetBeans-16\netbeans\ide\bin\nativeexecution\SunOS-sparc_64\unbuffer.so
[2024-09-21 10:20:08.093]:         extracting C:\Program Files\NetBeans-16\netbeans\ide\bin\nativeexecution\Linux-x86_64\process_start
[2024-09-21 10:20:08.096]:         extracting C:\Program Files\NetBeans-16\netbeans\ide\config\Modules\org-netbeans-modules-editor.xml
[2024-09-21 10:20:08.097]:         extracting C:\Program Files\NetBeans-16\netbeans\ide\config\Modules\org-netbeans-modules-db-kit.xml
[2024-09-21 10:20:08.098]:         extracting C:\Program Files\NetBeans-16\netbeans\ide\config\Modules\org-netbeans-modules-server.xml
[2024-09-21 10:20:08.099]:         extracting C:\Program Files\NetBeans-16\netbeans\ide\config\Modules\org-netbeans-modules-hudson.xml
[2024-09-21 10:20:08.101]:         extracting C:\Program Files\NetBeans-16\netbeans\ide\config\Modules\org-netbeans-modules-jumpto.xml
[2024-09-21 10:20:08.101]:         extracting C:\Program Files\NetBeans-16\netbeans\ide\config\ModuleAutoDeps\org-netbeans-api-xml.xml
[2024-09-21 10:20:08.103]:         extracting C:\Program Files\NetBeans-16\netbeans\nb\modules\locale\org-netbeans-core-netigso_nb.jar
[2024-09-21 10:20:08.104]:         extracting C:\Program Files\NetBeans-16\netbeans\nb\modules\locale\org-netbeans-core-windows_nb.jar
[2024-09-21 10:20:08.106]:         extracting C:\Program Files\NetBeans-16\netbeans\nb\config\Modules\org-netbeans-modules-welcome.xml
[2024-09-21 10:20:08.107]:         extracting C:\Program Files\NetBeans-16\netbeans\platform\modules\org-netbeans-modules-settings.jar
[2024-09-21 10:20:08.111]:         extracting C:\Program Files\NetBeans-16\netbeans\platform\modules\org-netbeans-swing-tabcontrol.jar
[2024-09-21 10:20:08.117]:         extracting C:\Program Files\NetBeans-16\netbeans\platform\modules\org-netbeans-modules-masterfs.jar
[2024-09-21 10:20:08.122]:         extracting C:\Program Files\NetBeans-16\netbeans\platform\modules\org-netbeans-modules-sendopts.jar
[2024-09-21 10:20:08.124]:         extracting C:\Program Files\NetBeans-16\netbeans\platform\modules\org-netbeans-modules-junitlib.jar
[2024-09-21 10:20:08.126]:         extracting C:\Program Files\NetBeans-16\netbeans\platform\modules\org-netbeans-modules-netbinox.jar
[2024-09-21 10:20:08.128]:         extracting C:\Program Files\NetBeans-16\netbeans\platform\modules\org-openide-execution-compat8.jar
[2024-09-21 10:20:08.131]:         extracting C:\Program Files\NetBeans-16\netbeans\platform\modules\org-netbeans-modules-javahelp.jar
[2024-09-21 10:20:08.134]:         extracting C:\Program Files\NetBeans-16\netbeans\platform\modules\org-netbeans-modules-core-kit.jar
[2024-09-21 10:20:08.136]:         extracting C:\Program Files\NetBeans-16\netbeans\platform\update_tracking\org-openide-execution.xml
[2024-09-21 10:20:08.137]:         extracting C:\Program Files\NetBeans-16\netbeans\platform\update_tracking\org-netbeans-libs-jna.xml
[2024-09-21 10:20:08.138]:         extracting C:\Program Files\NetBeans-16\netbeans\platform\update_tracking\org-apache-commons-io.xml
[2024-09-21 10:20:08.139]:         extracting C:\Program Files\NetBeans-16\netbeans\platform\update_tracking\net-java-html-boot-fx.xml
[2024-09-21 10:20:08.140]:         extracting C:\Program Files\NetBeans-16\netbeans\platform\update_tracking\org-netbeans-libs-asm.xml
[2024-09-21 10:20:08.141]:         extracting C:\Program Files\NetBeans-16\netbeans\platform\config\Modules\org-netbeans-libs-osgi.xml
[2024-09-21 10:20:08.144]:         extracting C:\Program Files\NetBeans-16\netbeans\platform\config\Modules\org-netbeans-html-ko4j.xml
[2024-09-21 10:20:08.145]:         extracting C:\Program Files\NetBeans-16\netbeans\platform\config\Modules\org-netbeans-core-osgi.xml
[2024-09-21 10:20:08.146]:         extracting C:\Program Files\NetBeans-16\netbeans\extide\modules\gradle\netbeans-gradle-tooling.jar
[2024-09-21 10:20:08.148]:         extracting C:\Program Files\NetBeans-16\netbeans\harness\modules\ext\nbi-registries-management.jar
[2024-09-21 10:20:08.150]:         extracting C:\Program Files\NetBeans-16\netbeans\harness\nbi\stub\ext\infra\build\engine\build.xml
[2024-09-21 10:20:08.151]:         extracting C:\Program Files\NetBeans-16\netbeans\harness\nbi\stub\ext\engine\nbproject\project.xml
[2024-09-21 10:20:08.152]:         extracting C:\Program Files\NetBeans-16\netbeans\ide\modules\org-netbeans-modules-spellchecker.jar
[2024-09-21 10:20:08.154]:         extracting C:\Program Files\NetBeans-16\netbeans\ide\modules\org-netbeans-modules-projectuiapi.jar
[2024-09-21 10:20:08.157]:         extracting C:\Program Files\NetBeans-16\netbeans\ide\modules\org-netbeans-modules-xml-jaxb-api.jar
[2024-09-21 10:20:08.158]:         extracting C:\Program Files\NetBeans-16\netbeans\ide\modules\org-netbeans-modules-extexecution.jar
[2024-09-21 10:20:08.159]:         extracting C:\Program Files\NetBeans-16\netbeans\ide\modules\org-netbeans-modules-print-editor.jar
[2024-09-21 10:20:08.160]:         extracting C:\Program Files\NetBeans-16\netbeans\ide\modules\org-netbeans-modules-editor-plain.jar
[2024-09-21 10:20:08.163]:         extracting C:\Program Files\NetBeans-16\netbeans\ide\modules\org-netbeans-modules-tasklist-kit.jar
[2024-09-21 10:20:08.164]:         extracting C:\Program Files\NetBeans-16\netbeans\ide\modules\org-netbeans-core-browser-webview.jar
[2024-09-21 10:20:08.165]:         extracting C:\Program Files\NetBeans-16\netbeans\ide\modules\org-netbeans-libs-jsch-agentproxy.jar
[2024-09-21 10:20:08.166]:         extracting C:\Program Files\NetBeans-16\netbeans\ide\modules\org-netbeans-modules-team-commons.jar
[2024-09-21 10:20:08.170]:         extracting C:\Program Files\NetBeans-16\netbeans\ide\modules\org-netbeans-modules-schema2beans.jar
[2024-09-21 10:20:08.176]:         extracting C:\Program Files\NetBeans-16\netbeans\ide\modules\org-netbeans-modules-localhistory.jar
[2024-09-21 10:20:08.178]:         extracting C:\Program Files\NetBeans-16\netbeans\ide\modules\ext\generated-wsdl-xsd-2004.08.24.jar
[2024-09-21 10:20:08.178]:         extracting C:\Program Files\NetBeans-16\netbeans\ide\modules\org-netbeans-lib-terminalemulator.jar
[2024-09-21 10:20:08.182]:         extracting C:\Program Files\NetBeans-16\netbeans\ide\update_tracking\org-netbeans-modules-diff.xml
[2024-09-21 10:20:08.183]:         extracting C:\Program Files\NetBeans-16\netbeans\ide\update_tracking\org-netbeans-api-debugger.xml
[2024-09-21 10:20:08.184]:         extracting C:\Program Files\NetBeans-16\netbeans\ide\update_tracking\org-netbeans-core-browser.xml
[2024-09-21 10:20:08.185]:         extracting C:\Program Files\NetBeans-16\netbeans\ide\update_tracking\org-netbeans-modules-html.xml
[2024-09-21 10:20:08.186]:         extracting C:\Program Files\NetBeans-16\netbeans\ide\update_tracking\org-netbeans-spi-tasklist.xml
[2024-09-21 10:20:08.186]:         extracting C:\Program Files\NetBeans-16\netbeans\ide\bin\nativeexecution\MacOSX-x86\unbuffer.dylib
[2024-09-21 10:20:08.188]:         extracting C:\Program Files\NetBeans-16\netbeans\ide\bin\nativeexecution\Linux-aarch64\unbuffer.so
[2024-09-21 10:20:08.189]:         extracting C:\Program Files\NetBeans-16\netbeans\ide\bin\nativeexecution\Windows-x86\process_start
[2024-09-21 10:20:08.190]:         extracting C:\Program Files\NetBeans-16\netbeans\ide\config\Modules\org-netbeans-modules-derby.xml
[2024-09-21 10:20:08.191]:         extracting C:\Program Files\NetBeans-16\netbeans\ide\config\Modules\org-netbeans-modules-lexer.xml
[2024-09-21 10:20:08.191]:         extracting C:\Program Files\NetBeans-16\netbeans\ide\config\Modules\org-apache-ws-commons-util.xml
[2024-09-21 10:20:08.193]:         extracting C:\Program Files\NetBeans-16\netbeans\ide\config\Modules\org-netbeans-modules-image.xml
[2024-09-21 10:20:08.194]:         extracting C:\Program Files\NetBeans-16\netbeans\ide\config\Modules\org-netbeans-modules-dbapi.xml
[2024-09-21 10:20:08.195]:         extracting C:\Program Files\NetBeans-16\netbeans\ide\config\Modules\org-eclipse-equinox-common.xml
[2024-09-21 10:20:08.197]:         extracting C:\Program Files\NetBeans-16\netbeans\ide\config\Modules\org-netbeans-libs-graalsdk.xml
[2024-09-21 10:20:08.198]:         extracting C:\Program Files\NetBeans-16\netbeans\ide\config\Modules\org-netbeans-libs-flexmark.xml
[2024-09-21 10:20:08.199]:         extracting C:\Program Files\NetBeans-16\netbeans\ide\config\Modules\org-netbeans-spi-navigator.xml
[2024-09-21 10:20:08.201]:         extracting C:\Program Files\NetBeans-16\netbeans\ide\config\Modules\org-netbeans-libs-jcodings.xml
[2024-09-21 10:20:08.202]:         extracting C:\Program Files\NetBeans-16\netbeans\ide\config\Modules\org-netbeans-spi-viewmodel.xml
[2024-09-21 10:20:08.202]:         extracting C:\Program Files\NetBeans-16\netbeans\nb\modules\org-netbeans-modules-updatecenters.jar
[2024-09-21 10:20:08.205]:         extracting C:\Program Files\NetBeans-16\netbeans\platform\modules\org-netbeans-modules-keyring.jar
[2024-09-21 10:20:08.207]:         extracting C:\Program Files\NetBeans-16\netbeans\platform\modules\org-netbeans-spi-quicksearch.jar
[2024-09-21 10:20:08.209]:         extracting C:\Program Files\NetBeans-16\netbeans\platform\modules\org-netbeans-modules-sampler.jar
[2024-09-21 10:20:08.211]:         extracting C:\Program Files\NetBeans-16\netbeans\platform\modules\org-netbeans-modules-queries.jar
[2024-09-21 10:20:08.212]:         extracting C:\Program Files\NetBeans-16\netbeans\platform\modules\org-netbeans-libs-batik-read.jar
[2024-09-21 10:20:08.214]:         extracting C:\Program Files\NetBeans-16\netbeans\platform\modules\org-netbeans-api-progress-nb.jar
[2024-09-21 10:20:08.217]:         extracting C:\Program Files\NetBeans-16\netbeans\platform\modules\org-netbeans-modules-janitor.jar
[2024-09-21 10:20:08.218]:         extracting C:\Program Files\NetBeans-16\netbeans\platform\core\org-openide-filesystems-compat8.jar
[2024-09-21 10:20:08.220]:         extracting C:\Program Files\NetBeans-16\netbeans\platform\update_tracking\org-netbeans-core-ui.xml
[2024-09-21 10:20:08.222]:         extracting C:\Program Files\NetBeans-16\netbeans\platform\update_tracking\org-openide-explorer.xml
[2024-09-21 10:20:08.222]:         extracting C:\Program Files\NetBeans-16\netbeans\platform\config\Modules\org-openide-execution.xml
[2024-09-21 10:20:08.223]:         extracting C:\Program Files\NetBeans-16\netbeans\platform\config\Modules\org-netbeans-libs-jna.xml
[2024-09-21 10:20:08.225]:         extracting C:\Program Files\NetBeans-16\netbeans\platform\config\Modules\org-apache-commons-io.xml
[2024-09-21 10:20:08.226]:         extracting C:\Program Files\NetBeans-16\netbeans\platform\config\Modules\net-java-html-boot-fx.xml
[2024-09-21 10:20:08.227]:         extracting C:\Program Files\NetBeans-16\netbeans\platform\docs\junit-jupiter-api-5.6.0-javadoc.jar
[2024-09-21 10:20:08.232]:         extracting C:\Program Files\NetBeans-16\netbeans\platform\docs\junit-jupiter-api-5.6.0-sources.jar
[2024-09-21 10:20:08.234]:         extracting C:\Program Files\NetBeans-16\netbeans\extide\modules\gradle\daemon-loader\build.gradle
[2024-09-21 10:20:08.235]:         extracting C:\Program Files\NetBeans-16\netbeans\harness\modules\org-netbeans-modules-nbjunit.jar
[2024-09-21 10:20:08.238]:         extracting C:\Program Files\NetBeans-16\netbeans\harness\modules\org-netbeans-libs-nbi-engine.jar
[2024-09-21 10:20:08.240]:         extracting C:\Program Files\NetBeans-16\netbeans\harness\modules\ext\org-netbeans-insane-hook.jar
[2024-09-21 10:20:08.241]:         extracting C:\Program Files\NetBeans-16\netbeans\ide\modules\org-netbeans-libs-antlr4-runtime.jar
[2024-09-21 10:20:08.242]:         extracting C:\Program Files\NetBeans-16\netbeans\ide\modules\org-netbeans-modules-db-dataview.jar
[2024-09-21 10:20:08.246]:         extracting C:\Program Files\NetBeans-16\netbeans\ide\modules\org-netbeans-modules-xml-catalog.jar
[2024-09-21 10:20:08.248]:         extracting C:\Program Files\NetBeans-16\netbeans\ide\modules\org-netbeans-modules-tasklist-ui.jar
[2024-09-21 10:20:08.252]:         extracting C:\Program Files\NetBeans-16\netbeans\ide\modules\org-netbeans-modules-bugtracking.jar
[2024-09-21 10:20:08.258]:         extracting C:\Program Files\NetBeans-16\netbeans\ide\modules\org-netbeans-modules-project-ant.jar
[2024-09-21 10:20:08.262]:         extracting C:\Program Files\NetBeans-16\netbeans\ide\modules\org-netbeans-modules-parsing-api.jar
[2024-09-21 10:20:08.265]:         extracting C:\Program Files\NetBeans-16\netbeans\ide\modules\org-netbeans-modules-html-custom.jar
[2024-09-21 10:20:08.267]:         extracting C:\Program Files\NetBeans-16\netbeans\ide\modules\org-netbeans-modules-html-editor.jar
[2024-09-21 10:20:08.275]:         extracting C:\Program Files\NetBeans-16\netbeans\ide\modules\org-netbeans-modules-editor-fold.jar
[2024-09-21 10:20:08.279]:         extracting C:\Program Files\NetBeans-16\netbeans\ide\modules\org-netbeans-libs-antlr3-runtime.jar
[2024-09-21 10:20:08.280]:         extracting C:\Program Files\NetBeans-16\netbeans\ide\modules\org-netbeans-modules-editor-util.jar
[2024-09-21 10:20:08.283]:         extracting C:\Program Files\NetBeans-16\netbeans\ide\modules\org-netbeans-modules-editor-lib2.jar
[2024-09-21 10:20:08.291]:         extracting C:\Program Files\NetBeans-16\netbeans\ide\modules\com-googlecode-javaewah-JavaEWAH.jar
[2024-09-21 10:20:08.294]:         extracting C:\Program Files\NetBeans-16\netbeans\ide\modules\org-netbeans-modules-terminal-nb.jar
[2024-09-21 10:20:08.296]:         extracting C:\Program Files\NetBeans-16\netbeans\ide\modules\ext\org.eclipse.xtend.lib-2.24.0.jar
[2024-09-21 10:20:08.299]:         extracting C:\Program Files\NetBeans-16\netbeans\ide\modules\org-eclipse-mylyn-commons-xmlrpc.jar
[2024-09-21 10:20:08.301]:         extracting C:\Program Files\NetBeans-16\netbeans\ide\modules\org-netbeans-modules-html-parser.jar
[2024-09-21 10:20:08.304]:         extracting C:\Program Files\NetBeans-16\netbeans\ide\update_tracking\org-eclipse-core-runtime.xml
[2024-09-21 10:20:08.314]:         extracting C:\Program Files\NetBeans-16\netbeans\ide\update_tracking\org-netbeans-spi-palette.xml
[2024-09-21 10:20:08.316]:         extracting C:\Program Files\NetBeans-16\netbeans\ide\update_tracking\org-netbeans-modules-git.xml
[2024-09-21 10:20:08.317]:         extracting C:\Program Files\NetBeans-16\netbeans\ide\update_tracking\org-netbeans-libs-lucene.xml
[2024-09-21 10:20:08.319]:         extracting C:\Program Files\NetBeans-16\netbeans\ide\update_tracking\org-netbeans-modules-xml.xml
[2024-09-21 10:20:08.319]:         extracting C:\Program Files\NetBeans-16\netbeans\ide\update_tracking\org-netbeans-libs-xerces.xml
[2024-09-21 10:20:08.320]:         extracting C:\Program Files\NetBeans-16\netbeans\ide\update_tracking\org-netbeans-modules-xsl.xml
[2024-09-21 10:20:08.321]:         extracting C:\Program Files\NetBeans-16\netbeans\ide\bin\nativeexecution\SunOS-x86_64\unbuffer.so
[2024-09-21 10:20:08.323]:         extracting C:\Program Files\NetBeans-16\netbeans\ide\bin\nativeexecution\MacOSX-x86\process_start
[2024-09-21 10:20:08.325]:         extracting C:\Program Files\NetBeans-16\netbeans\ide\bin\nativeexecution\Windows-x86\unbuffer.dll
[2024-09-21 10:20:08.326]:         extracting C:\Program Files\NetBeans-16\netbeans\ide\bin\nativeexecution\Linux-x86_64\unbuffer.so
[2024-09-21 10:20:08.327]:         extracting C:\Program Files\NetBeans-16\netbeans\ide\config\Modules\org-netbeans-modules-diff.xml
[2024-09-21 10:20:08.328]:         extracting C:\Program Files\NetBeans-16\netbeans\ide\config\Modules\org-netbeans-api-debugger.xml
[2024-09-21 10:20:08.329]:         extracting C:\Program Files\NetBeans-16\netbeans\ide\config\Modules\org-netbeans-core-browser.xml
[2024-09-21 10:20:08.330]:         extracting C:\Program Files\NetBeans-16\netbeans\ide\config\Modules\org-netbeans-modules-html.xml
[2024-09-21 10:20:08.331]:         extracting C:\Program Files\NetBeans-16\netbeans\ide\config\Modules\org-netbeans-spi-tasklist.xml
[2024-09-21 10:20:08.332]:         extracting C:\Program Files\NetBeans-16\netbeans\ide\docs\org\netbeans\modules\usersguide\ide.css
[2024-09-21 10:20:08.336]:         extracting C:\Program Files\NetBeans-16\netbeans\nb\modules\org-netbeans-modules-ide-branding.jar
[2024-09-21 10:20:08.337]:         extracting C:\Program Files\NetBeans-16\netbeans\nb\modules\locale\org-netbeans-swing-plaf_nb.jar
[2024-09-21 10:20:08.338]:         extracting C:\Program Files\NetBeans-16\netbeans\platform\modules\org-netbeans-core-multiview.jar
[2024-09-21 10:20:08.341]:         extracting C:\Program Files\NetBeans-16\netbeans\platform\modules\org-netbeans-core-multitabs.jar
[2024-09-21 10:20:08.344]:         extracting C:\Program Files\NetBeans-16\netbeans\platform\modules\org-netbeans-modules-htmlui.jar
[2024-09-21 10:20:08.345]:         extracting C:\Program Files\NetBeans-16\netbeans\platform\modules\org-netbeans-swing-laf-dark.jar
[2024-09-21 10:20:08.347]:         extracting C:\Program Files\NetBeans-16\netbeans\platform\modules\org-netbeans-core-execution.jar
[2024-09-21 10:20:08.349]:         extracting C:\Program Files\NetBeans-16\netbeans\platform\modules\ext\junit-jupiter-api-5.6.0.jar
[2024-09-21 10:20:08.351]:         extracting C:\Program Files\NetBeans-16\netbeans\platform\modules\ext\xmlgraphics-commons-2.6.jar
[2024-09-21 10:20:08.356]:         extracting C:\Program Files\NetBeans-16\netbeans\platform\update_tracking\org-openide-windows.xml
[2024-09-21 10:20:08.357]:         extracting C:\Program Files\NetBeans-16\netbeans\platform\update_tracking\net-java-html-sound.xml
[2024-09-21 10:20:08.357]:         extracting C:\Program Files\NetBeans-16\netbeans\platform\update_tracking\org-netbeans-api-io.xml
[2024-09-21 10:20:08.358]:         extracting C:\Program Files\NetBeans-16\netbeans\platform\update_tracking\org-openide-options.xml
[2024-09-21 10:20:08.359]:         extracting C:\Program Files\NetBeans-16\netbeans\platform\update_tracking\org-openide-actions.xml
[2024-09-21 10:20:08.360]:         extracting C:\Program Files\NetBeans-16\netbeans\platform\update_tracking\org-openide-util-ui.xml
[2024-09-21 10:20:08.361]:         extracting C:\Program Files\NetBeans-16\netbeans\platform\update_tracking\org-openide-modules.xml
[2024-09-21 10:20:08.362]:         extracting C:\Program Files\NetBeans-16\netbeans\platform\update_tracking\org-openide-dialogs.xml
[2024-09-21 10:20:08.362]:         extracting C:\Program Files\NetBeans-16\netbeans\platform\update_tracking\org-openide-loaders.xml
[2024-09-21 10:20:08.363]:         extracting C:\Program Files\NetBeans-16\netbeans\platform\config\Modules\org-netbeans-core-ui.xml
[2024-09-21 10:20:08.364]:         extracting C:\Program Files\NetBeans-16\netbeans\platform\config\Modules\org-openide-explorer.xml
[2024-09-21 10:20:08.365]:         extracting C:\Program Files\NetBeans-16\netbeans\extide\ant\etc\checkstyle\checkstyle-frames.xsl
[2024-09-21 10:20:08.367]:         extracting C:\Program Files\NetBeans-16\netbeans\harness\update_tracking\org-netbeans-insane.xml
[2024-09-21 10:20:08.368]:         extracting C:\Program Files\NetBeans-16\netbeans\harness\nbi\stub\ext\engine\src\native\launcher
[2024-09-21 10:20:08.368]:         extracting C:\Program Files\NetBeans-16\netbeans\ide\modules\org-netbeans-modules-localtasks.jar
[2024-09-21 10:20:08.370]:         extracting C:\Program Files\NetBeans-16\netbeans\ide\modules\org-netbeans-modules-mylyn-util.jar
[2024-09-21 10:20:08.373]:         extracting C:\Program Files\NetBeans-16\netbeans\ide\modules\org-netbeans-modules-projectapi.jar
[2024-09-21 10:20:08.376]:         extracting C:\Program Files\NetBeans-16\netbeans\ide\modules\org-netbeans-modules-web-common.jar
[2024-09-21 10:20:08.379]:         extracting C:\Program Files\NetBeans-16\netbeans\ide\modules\org-eclipse-mylyn-wikitext-core.jar
[2024-09-21 10:20:08.382]:         extracting C:\Program Files\NetBeans-16\netbeans\ide\modules\org-netbeans-modules-servletapi.jar
[2024-09-21 10:20:08.383]:         extracting C:\Program Files\NetBeans-16\netbeans\ide\modules\org-netbeans-modules-subversion.jar
[2024-09-21 10:20:08.398]:         extracting C:\Program Files\NetBeans-16\netbeans\ide\modules\org-netbeans-modules-db-drivers.jar
[2024-09-21 10:20:08.400]:         extracting C:\Program Files\NetBeans-16\netbeans\ide\modules\org-netbeans-modules-hudson-git.jar
[2024-09-21 10:20:08.402]:         extracting C:\Program Files\NetBeans-16\netbeans\ide\modules\org-netbeans-modules-httpserver.jar
[2024-09-21 10:20:08.405]:         extracting C:\Program Files\NetBeans-16\netbeans\ide\modules\org-netbeans-modules-versioning.jar
[2024-09-21 10:20:08.406]:         extracting C:\Program Files\NetBeans-16\netbeans\ide\modules\org-netbeans-modules-css-editor.jar
[2024-09-21 10:20:08.411]:         extracting C:\Program Files\NetBeans-16\netbeans\ide\modules\org-netbeans-modules-editor-lib.jar
[2024-09-21 10:20:08.423]:         extracting C:\Program Files\NetBeans-16\netbeans\ide\modules\org-eclipse-equinox-preferences.jar
[2024-09-21 10:20:08.426]:         extracting C:\Program Files\NetBeans-16\netbeans\ide\modules\org-eclipse-mylyn-bugzilla-core.jar
[2024-09-21 10:20:08.429]:         extracting C:\Program Files\NetBeans-16\netbeans\ide\modules\org-netbeans-modules-css-visual.jar
[2024-09-21 10:20:08.434]:         extracting C:\Program Files\NetBeans-16\netbeans\ide\modules\org-netbeans-modules-web-indent.jar
[2024-09-21 10:20:08.437]:         extracting C:\Program Files\NetBeans-16\netbeans\ide\modules\org-netbeans-modules-parsing-nb.jar
[2024-09-21 10:20:08.439]:         extracting C:\Program Files\NetBeans-16\netbeans\ide\modules\org-netbeans-modules-properties.jar
[2024-09-21 10:20:08.444]:         extracting C:\Program Files\NetBeans-16\netbeans\ide\modules\org-netbeans-modules-usersguide.jar
[2024-09-21 10:20:08.445]:         extracting C:\Program Files\NetBeans-16\netbeans\ide\modules\org-netbeans-modules-docker-api.jar
[2024-09-21 10:20:08.449]:         extracting C:\Program Files\NetBeans-16\netbeans\ide\modules\org-netbeans-modules-lsp-client.jar
[2024-09-21 10:20:08.454]:         extracting C:\Program Files\NetBeans-16\netbeans\ide\modules\org-netbeans-api-java-classpath.jar
[2024-09-21 10:20:08.459]:         extracting C:\Program Files\NetBeans-16\netbeans\ide\modules\org-netbeans-modules-html-lexer.jar
[2024-09-21 10:20:08.462]:         extracting C:\Program Files\NetBeans-16\netbeans\ide\modules\libs-c-kohlschutter-junixsocket.jar
[2024-09-21 10:20:08.465]:         extracting C:\Program Files\NetBeans-16\netbeans\ide\modules\org-netbeans-modules-editor-kit.jar
[2024-09-21 10:20:08.467]:         extracting C:\Program Files\NetBeans-16\netbeans\ide\modules\org-netbeans-modules-parsing-ui.jar
[2024-09-21 10:20:08.470]:         extracting C:\Program Files\NetBeans-16\netbeans\ide\modules\org-netbeans-modules-extbrowser.jar
[2024-09-21 10:20:08.472]:         extracting C:\Program Files\NetBeans-16\netbeans\ide\update_tracking\org-netbeans-api-xml-ui.xml
[2024-09-21 10:20:08.474]:         extracting C:\Program Files\NetBeans-16\netbeans\ide\update_tracking\org-eclipse-equinox-app.xml
[2024-09-21 10:20:08.476]:         extracting C:\Program Files\NetBeans-16\netbeans\ide\update_tracking\org-netbeans-modules-db.xml
[2024-09-21 10:20:08.477]:         extracting C:\Program Files\NetBeans-16\netbeans\ide\update_tracking\org-apache-xml-resolver.xml
[2024-09-21 10:20:08.479]:         extracting C:\Program Files\NetBeans-16\netbeans\ide\update_tracking\org-apache-commons-lang.xml
[2024-09-21 10:20:08.480]:         extracting C:\Program Files\NetBeans-16\netbeans\ide\update_tracking\org-netbeans-libs-tomlj.xml
[2024-09-21 10:20:08.481]:         extracting C:\Program Files\NetBeans-16\netbeans\ide\update_tracking\org-netbeans-libs-ini4j.xml
[2024-09-21 10:20:08.482]:         extracting C:\Program Files\NetBeans-16\netbeans\ide\bin\nativeexecution\Linux-x86\process_start
[2024-09-21 10:20:08.486]:         extracting C:\Program Files\NetBeans-16\netbeans\ide\bin\nativeexecution\Linux-sparc_64\pty_open
[2024-09-21 10:20:08.487]:         extracting C:\Program Files\NetBeans-16\netbeans\ide\bin\nativeexecution\Linux-sparc_64\sigqueue
[2024-09-21 10:20:08.488]:         extracting C:\Program Files\NetBeans-16\netbeans\ide\bin\nativeexecution\SunOS-sparc_64\pty_open
[2024-09-21 10:20:08.490]:         extracting C:\Program Files\NetBeans-16\netbeans\ide\bin\nativeexecution\SunOS-sparc_64\sigqueue
[2024-09-21 10:20:08.492]:         extracting C:\Program Files\NetBeans-16\netbeans\ide\bin\nativeexecution\SunOS-x86\process_start
[2024-09-21 10:20:08.494]:         extracting C:\Program Files\NetBeans-16\netbeans\ide\bin\nativeexecution\Windows-x86_64\pty_open
[2024-09-21 10:20:08.495]:         extracting C:\Program Files\NetBeans-16\netbeans\ide\bin\nativeexecution\Windows-x86_64\sigqueue
[2024-09-21 10:20:08.498]:         extracting C:\Program Files\NetBeans-16\netbeans\ide\config\Modules\org-eclipse-core-runtime.xml
[2024-09-21 10:20:08.499]:         extracting C:\Program Files\NetBeans-16\netbeans\ide\config\Modules\org-netbeans-spi-palette.xml
[2024-09-21 10:20:08.500]:         extracting C:\Program Files\NetBeans-16\netbeans\ide\config\Modules\org-netbeans-modules-git.xml
[2024-09-21 10:20:08.501]:         extracting C:\Program Files\NetBeans-16\netbeans\ide\config\Modules\org-netbeans-libs-lucene.xml
[2024-09-21 10:20:08.502]:         extracting C:\Program Files\NetBeans-16\netbeans\ide\config\Modules\org-netbeans-modules-xml.xml
[2024-09-21 10:20:08.503]:         extracting C:\Program Files\NetBeans-16\netbeans\ide\config\Modules\org-netbeans-libs-xerces.xml
[2024-09-21 10:20:08.504]:         extracting C:\Program Files\NetBeans-16\netbeans\ide\config\Modules\org-netbeans-modules-xsl.xml
[2024-09-21 10:20:08.505]:         extracting C:\Program Files\NetBeans-16\netbeans\cpplite\modules\ext\cpplite-mi-f8f8250283be.jar
[2024-09-21 10:20:08.508]:         extracting C:\Program Files\NetBeans-16\netbeans\platform\modules\org-netbeans-swing-outline.jar
[2024-09-21 10:20:08.511]:         extracting C:\Program Files\NetBeans-16\netbeans\platform\modules\org-netbeans-lib-uihandler.jar
[2024-09-21 10:20:08.513]:         extracting C:\Program Files\NetBeans-16\netbeans\platform\modules\org-netbeans-api-scripting.jar
[2024-09-21 10:20:08.515]:         extracting C:\Program Files\NetBeans-16\netbeans\platform\modules\org-apache-commons-logging.jar
[2024-09-21 10:20:08.516]:         extracting C:\Program Files\NetBeans-16\netbeans\platform\modules\org-openide-filesystems-nb.jar
[2024-09-21 10:20:08.520]:         extracting C:\Program Files\NetBeans-16\netbeans\platform\modules\org-netbeans-modules-print.jar
[2024-09-21 10:20:08.523]:         extracting C:\Program Files\NetBeans-16\netbeans\platform\modules\lib\flatlaf-windows-x86_64.dll
[2024-09-21 10:20:08.525]:         extracting C:\Program Files\NetBeans-16\netbeans\platform\modules\lib\aarch64\jnidispatch-nb.dll
[2024-09-21 10:20:08.528]:         extracting C:\Program Files\NetBeans-16\netbeans\platform\modules\lib\libflatlaf-linux-x86_64.so
[2024-09-21 10:20:08.530]:         extracting C:\Program Files\NetBeans-16\netbeans\platform\modules\org-netbeans-api-templates.jar
[2024-09-21 10:20:08.531]:         extracting C:\Program Files\NetBeans-16\netbeans\platform\update_tracking\net-java-html-boot.xml
[2024-09-21 10:20:08.532]:         extracting C:\Program Files\NetBeans-16\netbeans\platform\update_tracking\net-java-html-json.xml
[2024-09-21 10:20:08.533]:         extracting C:\Program Files\NetBeans-16\netbeans\platform\update_tracking\org-openide-compat.xml
[2024-09-21 10:20:08.534]:         extracting C:\Program Files\NetBeans-16\netbeans\platform\config\Modules\org-openide-windows.xml
[2024-09-21 10:20:08.536]:         extracting C:\Program Files\NetBeans-16\netbeans\platform\config\Modules\net-java-html-sound.xml
[2024-09-21 10:20:08.536]:         extracting C:\Program Files\NetBeans-16\netbeans\platform\config\Modules\org-netbeans-api-io.xml
[2024-09-21 10:20:08.538]:         extracting C:\Program Files\NetBeans-16\netbeans\platform\config\Modules\org-openide-options.xml
[2024-09-21 10:20:08.539]:         extracting C:\Program Files\NetBeans-16\netbeans\platform\config\Modules\org-openide-actions.xml
[2024-09-21 10:20:08.540]:         extracting C:\Program Files\NetBeans-16\netbeans\platform\config\Modules\org-openide-dialogs.xml
[2024-09-21 10:20:08.541]:         extracting C:\Program Files\NetBeans-16\netbeans\platform\config\Modules\org-openide-loaders.xml
[2024-09-21 10:20:08.542]:         extracting C:\Program Files\NetBeans-16\netbeans\extide\modules\org-netbeans-modules-gradle.jar
[2024-09-21 10:20:08.551]:         extracting C:\Program Files\NetBeans-16\netbeans\extide\modules\org-apache-tools-ant-module.jar
[2024-09-21 10:20:08.556]:         extracting C:\Program Files\NetBeans-16\netbeans\harness\modules\org-netbeans-modules-jemmy.jar
[2024-09-21 10:20:08.558]:         extracting C:\Program Files\NetBeans-16\netbeans\harness\config\Modules\org-netbeans-insane.xml
[2024-09-21 10:20:08.560]:         extracting C:\Program Files\NetBeans-16\netbeans\ide\modules\org-netbeans-modules-csl-types.jar
[2024-09-21 10:20:08.562]:         extracting C:\Program Files\NetBeans-16\netbeans\ide\modules\org-netbeans-modules-selenium2.jar
[2024-09-21 10:20:08.563]:         extracting C:\Program Files\NetBeans-16\netbeans\ide\modules\org-netbeans-modules-xml-tools.jar
[2024-09-21 10:20:08.566]:         extracting C:\Program Files\NetBeans-16\netbeans\ide\modules\org-netbeans-modules-utilities.jar
[2024-09-21 10:20:08.568]:         extracting C:\Program Files\NetBeans-16\netbeans\ide\modules\org-netbeans-modules-xml-lexer.jar
[2024-09-21 10:20:08.571]:         extracting C:\Program Files\NetBeans-16\netbeans\ide\modules\org-eclipse-mylyn-commons-core.jar
[2024-09-21 10:20:08.572]:         extracting C:\Program Files\NetBeans-16\netbeans\ide\modules\org-netbeans-modules-languages.jar
[2024-09-21 10:20:08.578]:         extracting C:\Program Files\NetBeans-16\netbeans\ide\modules\org-netbeans-modules-hudson-ui.jar
[2024-09-21 10:20:08.582]:         extracting C:\Program Files\NetBeans-16\netbeans\ide\modules\org-netbeans-modules-mercurial.jar
[2024-09-21 10:20:08.595]:         extracting C:\Program Files\NetBeans-16\netbeans\ide\modules\org-netbeans-modules-css-model.jar
[2024-09-21 10:20:08.598]:         extracting C:\Program Files\NetBeans-16\netbeans\ide\modules\org-netbeans-modules-docker-ui.jar
[2024-09-21 10:20:08.603]:         extracting C:\Program Files\NetBeans-16\netbeans\ide\modules\org-netbeans-modules-projectui.jar
[2024-09-21 10:20:08.610]:         extracting C:\Program Files\NetBeans-16\netbeans\ide\modules\ext\flexmark-ext-emoji-0.50.36.jar
[2024-09-21 10:20:08.612]:         extracting C:\Program Files\NetBeans-16\netbeans\ide\modules\ext\flexmark-formatter-0.50.36.jar
[2024-09-21 10:20:08.615]:         extracting C:\Program Files\NetBeans-16\netbeans\ide\update_tracking\org-netbeans-libs-jaxb.xml
[2024-09-21 10:20:08.616]:         extracting C:\Program Files\NetBeans-16\netbeans\ide\bin\nativeexecution\MacOSX-x86_64\pty_open
[2024-09-21 10:20:08.617]:         extracting C:\Program Files\NetBeans-16\netbeans\ide\bin\nativeexecution\Linux-sparc_64\killall
[2024-09-21 10:20:08.618]:         extracting C:\Program Files\NetBeans-16\netbeans\ide\bin\nativeexecution\SunOS-sparc_64\killall
[2024-09-21 10:20:08.620]:         extracting C:\Program Files\NetBeans-16\netbeans\ide\bin\nativeexecution\Linux-aarch64\pty_open
[2024-09-21 10:20:08.622]:         extracting C:\Program Files\NetBeans-16\netbeans\ide\bin\nativeexecution\Linux-aarch64\sigqueue
[2024-09-21 10:20:08.623]:         extracting C:\Program Files\NetBeans-16\netbeans\ide\bin\nativeexecution\Windows-x86_64\killall
[2024-09-21 10:20:08.624]:         extracting C:\Program Files\NetBeans-16\netbeans\ide\config\Modules\org-netbeans-api-xml-ui.xml
[2024-09-21 10:20:08.624]:         extracting C:\Program Files\NetBeans-16\netbeans\ide\config\Modules\org-eclipse-equinox-app.xml
[2024-09-21 10:20:08.625]:         extracting C:\Program Files\NetBeans-16\netbeans\ide\config\Modules\org-netbeans-modules-db.xml
[2024-09-21 10:20:08.627]:         extracting C:\Program Files\NetBeans-16\netbeans\ide\config\Modules\org-apache-xml-resolver.xml
[2024-09-21 10:20:08.627]:         extracting C:\Program Files\NetBeans-16\netbeans\ide\config\Modules\org-apache-commons-lang.xml
[2024-09-21 10:20:08.628]:         extracting C:\Program Files\NetBeans-16\netbeans\ide\config\Modules\org-netbeans-libs-tomlj.xml
[2024-09-21 10:20:08.630]:         extracting C:\Program Files\NetBeans-16\netbeans\ide\config\Modules\org-netbeans-libs-ini4j.xml
[2024-09-21 10:20:08.631]:         extracting C:\Program Files\NetBeans-16\netbeans\platform\modules\org-netbeans-core-netigso.jar
[2024-09-21 10:20:08.634]:         extracting C:\Program Files\NetBeans-16\netbeans\platform\modules\org-netbeans-libs-flatlaf.jar
[2024-09-21 10:20:08.636]:         extracting C:\Program Files\NetBeans-16\netbeans\platform\modules\net-java-html-boot-script.jar
[2024-09-21 10:20:08.638]:         extracting C:\Program Files\NetBeans-16\netbeans\platform\modules\org-netbeans-core-network.jar
[2024-09-21 10:20:08.640]:         extracting C:\Program Files\NetBeans-16\netbeans\platform\modules\org-netbeans-core-output2.jar
[2024-09-21 10:20:08.644]:         extracting C:\Program Files\NetBeans-16\netbeans\platform\modules\org-netbeans-core-windows.jar
[2024-09-21 10:20:08.655]:         extracting C:\Program Files\NetBeans-16\netbeans\platform\modules\org-netbeans-api-progress.jar
[2024-09-21 10:20:08.657]:         extracting C:\Program Files\NetBeans-16\netbeans\platform\update_tracking\net-java-html-geo.xml
[2024-09-21 10:20:08.659]:         extracting C:\Program Files\NetBeans-16\netbeans\platform\update_tracking\org-netbeans-core.xml
[2024-09-21 10:20:08.659]:         extracting C:\Program Files\NetBeans-16\netbeans\platform\update_tracking\org-openide-nodes.xml
[2024-09-21 10:20:08.660]:         extracting C:\Program Files\NetBeans-16\netbeans\platform\config\Modules\net-java-html-boot.xml
[2024-09-21 10:20:08.662]:         extracting C:\Program Files\NetBeans-16\netbeans\platform\config\Modules\net-java-html-json.xml
[2024-09-21 10:20:08.663]:         extracting C:\Program Files\NetBeans-16\netbeans\platform\config\Modules\org-openide-compat.xml
[2024-09-21 10:20:08.665]:         extracting C:\Program Files\NetBeans-16\netbeans\extide\ant\etc\checkstyle\checkstyle-text.xsl
[2024-09-21 10:20:08.667]:         extracting C:\Program Files\NetBeans-16\netbeans\extide\ant\etc\checkstyle\checkstyle-xdoc.xsl
[2024-09-21 10:20:08.668]:         extracting C:\Program Files\NetBeans-16\netbeans\harness\modules\org-netbeans-libs-nbi-ant.jar
[2024-09-21 10:20:08.669]:         extracting C:\Program Files\NetBeans-16\netbeans\harness\nbi\stub\ext\engine\src\org\mycompany
[2024-09-21 10:20:08.669]:         extracting C:\Program Files\NetBeans-16\netbeans\ide\modules\org-netbeans-libs-json_simple.jar
[2024-09-21 10:20:08.671]:         extracting C:\Program Files\NetBeans-16\netbeans\ide\modules\org-netbeans-modules-team-ide.jar
[2024-09-21 10:20:08.674]:         extracting C:\Program Files\NetBeans-16\netbeans\ide\modules\org-netbeans-modules-db-mysql.jar
[2024-09-21 10:20:08.677]:         extracting C:\Program Files\NetBeans-16\netbeans\ide\modules\org-eclipse-mylyn-commons-net.jar
[2024-09-21 10:20:08.678]:         extracting C:\Program Files\NetBeans-16\netbeans\ide\modules\org-netbeans-modules-terminal.jar
[2024-09-21 10:20:08.680]:         extracting C:\Program Files\NetBeans-16\netbeans\ide\modules\org-netbeans-libs-commons_net.jar
[2024-09-21 10:20:08.682]:         extracting C:\Program Files\NetBeans-16\netbeans\ide\modules\org-netbeans-modules-xml-text.jar
[2024-09-21 10:20:08.687]:         extracting C:\Program Files\NetBeans-16\netbeans\ide\modules\org-apache-commons-httpclient.jar
[2024-09-21 10:20:08.689]:         extracting C:\Program Files\NetBeans-16\netbeans\ide\modules\org-netbeans-spi-editor-hints.jar
[2024-09-21 10:20:08.693]:         extracting C:\Program Files\NetBeans-16\netbeans\ide\modules\org-netbeans-modules-css-prep.jar
[2024-09-21 10:20:08.696]:         extracting C:\Program Files\NetBeans-16\netbeans\ide\modules\org-netbeans-modules-gototest.jar
[2024-09-21 10:20:08.698]:         extracting C:\Program Files\NetBeans-16\netbeans\ide\modules\org-netbeans-modules-bugzilla.jar
[2024-09-21 10:20:08.702]:         extracting C:\Program Files\NetBeans-16\netbeans\ide\modules\org-netbeans-swing-dirchooser.jar
[2024-09-21 10:20:08.703]:         extracting C:\Program Files\NetBeans-16\netbeans\ide\modules\org-netbeans-modules-xml-core.jar
[2024-09-21 10:20:08.706]:         extracting C:\Program Files\NetBeans-16\netbeans\ide\modules\org-netbeans-modules-markdown.jar
[2024-09-21 10:20:08.707]:         extracting C:\Program Files\NetBeans-16\netbeans\ide\modules\org-netbeans-modules-defaults.jar
[2024-09-21 10:20:08.709]:         extracting C:\Program Files\NetBeans-16\netbeans\ide\modules\dict\dictionary_en_GB.description
[2024-09-21 10:20:08.710]:         extracting C:\Program Files\NetBeans-16\netbeans\ide\modules\dict\dictionary_en_US.description
[2024-09-21 10:20:08.710]:         extracting C:\Program Files\NetBeans-16\netbeans\ide\update_tracking\org-netbeans-core-ide.xml
[2024-09-21 10:20:08.711]:         extracting C:\Program Files\NetBeans-16\netbeans\ide\update_tracking\org-eclipse-core-jobs.xml
[2024-09-21 10:20:08.713]:         extracting C:\Program Files\NetBeans-16\netbeans\ide\update_tracking\org-netbeans-libs-git.xml
[2024-09-21 10:20:08.714]:         extracting C:\Program Files\NetBeans-16\netbeans\ide\bin\nativeexecution\MacOSX-x86_64\killall
[2024-09-21 10:20:08.716]:         extracting C:\Program Files\NetBeans-16\netbeans\ide\bin\nativeexecution\Linux-x86\unbuffer.so
[2024-09-21 10:20:08.717]:         extracting C:\Program Files\NetBeans-16\netbeans\ide\bin\nativeexecution\SunOS-x86_64\pty_open
[2024-09-21 10:20:08.718]:         extracting C:\Program Files\NetBeans-16\netbeans\ide\bin\nativeexecution\SunOS-x86_64\sigqueue
[2024-09-21 10:20:08.719]:         extracting C:\Program Files\NetBeans-16\netbeans\ide\bin\nativeexecution\Linux-aarch64\killall
[2024-09-21 10:20:08.720]:         extracting C:\Program Files\NetBeans-16\netbeans\ide\bin\nativeexecution\SunOS-x86\unbuffer.so
[2024-09-21 10:20:08.721]:         extracting C:\Program Files\NetBeans-16\netbeans\ide\bin\nativeexecution\Linux-x86_64\pty_open
[2024-09-21 10:20:08.722]:         extracting C:\Program Files\NetBeans-16\netbeans\ide\bin\nativeexecution\Linux-x86_64\sigqueue
[2024-09-21 10:20:08.723]:         extracting C:\Program Files\NetBeans-16\netbeans\ide\config\Modules\org-netbeans-libs-jaxb.xml
[2024-09-21 10:20:08.723]:         extracting C:\Program Files\NetBeans-16\netbeans\nb\modules\locale\org-netbeans-core-ui_nb.jar
[2024-09-21 10:20:08.724]:         extracting C:\Program Files\NetBeans-16\netbeans\platform\modules\org-netbeans-libs-junit4.jar
[2024-09-21 10:20:08.726]:         extracting C:\Program Files\NetBeans-16\netbeans\platform\modules\org-netbeans-libs-testng.jar
[2024-09-21 10:20:08.727]:         extracting C:\Program Files\NetBeans-16\netbeans\platform\modules\org-apache-commons-lang3.jar
[2024-09-21 10:20:08.732]:         extracting C:\Program Files\NetBeans-16\netbeans\platform\modules\org-netbeans-libs-javafx.jar
[2024-09-21 10:20:08.734]:         extracting C:\Program Files\NetBeans-16\netbeans\platform\modules\org-apache-commons-codec.jar
[2024-09-21 10:20:08.737]:         extracting C:\Program Files\NetBeans-16\netbeans\platform\modules\org-netbeans-libs-junit5.jar
[2024-09-21 10:20:08.741]:         extracting C:\Program Files\NetBeans-16\netbeans\platform\modules\org-netbeans-libs-jsr223.jar
[2024-09-21 10:20:08.742]:         extracting C:\Program Files\NetBeans-16\netbeans\platform\modules\lib\amd64\jnidispatch-nb.dll
[2024-09-21 10:20:08.744]:         extracting C:\Program Files\NetBeans-16\netbeans\platform\modules\ext\batik-constants-1.14.jar
[2024-09-21 10:20:08.745]:         extracting C:\Program Files\NetBeans-16\netbeans\platform\update_tracking\org-openide-text.xml
[2024-09-21 10:20:08.747]:         extracting C:\Program Files\NetBeans-16\netbeans\platform\update_tracking\org-openide-util.xml
[2024-09-21 10:20:08.749]:         extracting C:\Program Files\NetBeans-16\netbeans\platform\config\Modules\net-java-html-geo.xml
[2024-09-21 10:20:08.749]:         extracting C:\Program Files\NetBeans-16\netbeans\platform\config\Modules\org-netbeans-core.xml
[2024-09-21 10:20:08.750]:         extracting C:\Program Files\NetBeans-16\netbeans\platform\config\Modules\org-openide-nodes.xml
[2024-09-21 10:20:08.751]:         extracting C:\Program Files\NetBeans-16\netbeans\extide\modules\gradle\gradle-tooling-api.jar
[2024-09-21 10:20:08.763]:         extracting C:\Program Files\NetBeans-16\netbeans\harness\nbi\stub\ext\engine\build.properties
[2024-09-21 10:20:08.765]:         extracting C:\Program Files\NetBeans-16\netbeans\ide\modules\org-netbeans-modules-ide-kit.jar
[2024-09-21 10:20:08.767]:         extracting C:\Program Files\NetBeans-16\netbeans\ide\modules\org-netbeans-modules-xml-tax.jar
[2024-09-21 10:20:08.769]:         extracting C:\Program Files\NetBeans-16\netbeans\ide\modules\org-netbeans-spi-debugger-ui.jar
[2024-09-21 10:20:08.777]:         extracting C:\Program Files\NetBeans-16\netbeans\ide\modules\org-netbeans-modules-db-core.jar
[2024-09-21 10:20:08.779]:         extracting C:\Program Files\NetBeans-16\netbeans\ide\modules\org-eclipse-equinox-registry.jar
[2024-09-21 10:20:08.783]:         extracting C:\Program Files\NetBeans-16\netbeans\ide\modules\org-netbeans-modules-css-lib.jar
[2024-09-21 10:20:08.790]:         extracting C:\Program Files\NetBeans-16\netbeans\ide\modules\org-netbeans-libs-freemarker.jar
[2024-09-21 10:20:08.791]:         extracting C:\Program Files\NetBeans-16\netbeans\ide\modules\org-netbeans-libs-truffleapi.jar
[2024-09-21 10:20:08.793]:         extracting C:\Program Files\NetBeans-16\netbeans\ide\modules\org-eclipse-equinox-security.jar
[2024-09-21 10:20:08.794]:         extracting C:\Program Files\NetBeans-16\netbeans\ide\modules\org-netbeans-modules-xml-axi.jar
[2024-09-21 10:20:08.798]:         extracting C:\Program Files\NetBeans-16\netbeans\ide\modules\org-eclipse-mylyn-tasks-core.jar
[2024-09-21 10:20:08.802]:         extracting C:\Program Files\NetBeans-16\netbeans\ide\modules\org-netbeans-modules-csl-api.jar
[2024-09-21 10:20:08.808]:         extracting C:\Program Files\NetBeans-16\netbeans\ide\modules\org-netbeans-modules-xml-xdm.jar
[2024-09-21 10:20:08.810]:         extracting C:\Program Files\NetBeans-16\netbeans\ide\modules\org-netbeans-modules-xml-xam.jar
[2024-09-21 10:20:08.813]:         extracting C:\Program Files\NetBeans-16\netbeans\ide\modules\org-eclipse-core-contenttype.jar
[2024-09-21 10:20:08.815]:         extracting C:\Program Files\NetBeans-16\netbeans\ide\modules\ext\org.eclipse.lsp4j-0.13.0.jar
[2024-09-21 10:20:08.820]:         extracting C:\Program Files\NetBeans-16\netbeans\ide\modules\ext\junixsocket-common-2.5.1.jar
[2024-09-21 10:20:08.824]:         extracting C:\Program Files\NetBeans-16\netbeans\ide\update_tracking\org-netbeans-api-xml.xml
[2024-09-21 10:20:08.825]:         extracting C:\Program Files\NetBeans-16\netbeans\ide\update_tracking\org-netbeans-api-lsp.xml
[2024-09-21 10:20:08.825]:         extracting C:\Program Files\NetBeans-16\netbeans\ide\update_tracking\org-eclipse-core-net.xml
[2024-09-21 10:20:08.827]:         extracting C:\Program Files\NetBeans-16\netbeans\ide\bin\nativeexecution\SunOS-x86_64\killall
[2024-09-21 10:20:08.831]:         extracting C:\Program Files\NetBeans-16\netbeans\ide\bin\nativeexecution\SunOS-sparc_64\privp
[2024-09-21 10:20:08.831]:         extracting C:\Program Files\NetBeans-16\netbeans\ide\bin\nativeexecution\Windows-x86\pty_open
[2024-09-21 10:20:08.832]:         extracting C:\Program Files\NetBeans-16\netbeans\ide\bin\nativeexecution\Windows-x86\sigqueue
[2024-09-21 10:20:08.833]:         extracting C:\Program Files\NetBeans-16\netbeans\ide\bin\nativeexecution\Linux-x86_64\killall
[2024-09-21 10:20:08.836]:         extracting C:\Program Files\NetBeans-16\netbeans\ide\config\Modules\org-netbeans-core-ide.xml
[2024-09-21 10:20:08.836]:         extracting C:\Program Files\NetBeans-16\netbeans\ide\config\Modules\org-eclipse-core-jobs.xml
[2024-09-21 10:20:08.837]:         extracting C:\Program Files\NetBeans-16\netbeans\ide\config\Modules\org-netbeans-libs-git.xml
[2024-09-21 10:20:08.838]:         extracting C:\Program Files\NetBeans-16\netbeans\nb\update_tracking\org-netbeans-upgrader.xml
[2024-09-21 10:20:08.839]:         extracting C:\Program Files\NetBeans-16\netbeans\platform\modules\org-netbeans-swing-plaf.jar
[2024-09-21 10:20:08.842]:         extracting C:\Program Files\NetBeans-16\netbeans\platform\modules\org-netbeans-api-htmlui.jar
[2024-09-21 10:20:08.844]:         extracting C:\Program Files\NetBeans-16\netbeans\platform\modules\org-netbeans-libs-felix.jar
[2024-09-21 10:20:08.846]:         extracting C:\Program Files\NetBeans-16\netbeans\platform\modules\org-netbeans-api-search.jar
[2024-09-21 10:20:08.852]:         extracting C:\Program Files\NetBeans-16\netbeans\platform\modules\org-netbeans-api-visual.jar
[2024-09-21 10:20:08.859]:         extracting C:\Program Files\NetBeans-16\netbeans\platform\modules\org-netbeans-html-xhr4j.jar
[2024-09-21 10:20:08.860]:         extracting C:\Program Files\NetBeans-16\netbeans\platform\modules\org-netbeans-api-intent.jar
[2024-09-21 10:20:08.862]:         extracting C:\Program Files\NetBeans-16\netbeans\platform\modules\org-netbeans-core-io-ui.jar
[2024-09-21 10:20:08.863]:         extracting C:\Program Files\NetBeans-16\netbeans\platform\modules\lib\flatlaf-windows-x86.dll
[2024-09-21 10:20:08.864]:         extracting C:\Program Files\NetBeans-16\netbeans\platform\modules\ext\jna-platform-5.12.1.jar
[2024-09-21 10:20:08.872]:         extracting C:\Program Files\NetBeans-16\netbeans\platform\modules\ext\batik-awt-util-1.14.jar
[2024-09-21 10:20:08.875]:         extracting C:\Program Files\NetBeans-16\netbeans\platform\modules\ext\xml-apis-ext-1.3.04.jar
[2024-09-21 10:20:08.877]:         extracting C:\Program Files\NetBeans-16\netbeans\platform\modules\org-openide-util-ui-svg.jar
[2024-09-21 10:20:08.878]:         extracting C:\Program Files\NetBeans-16\netbeans\platform\update_tracking\org-openide-awt.xml
[2024-09-21 10:20:08.880]:         extracting C:\Program Files\NetBeans-16\netbeans\platform\config\Modules\org-openide-text.xml
[2024-09-21 10:20:08.881]:         extracting C:\Program Files\NetBeans-16\netbeans\ide\modules\org-netbeans-modules-editor.jar
[2024-09-21 10:20:08.886]:         extracting C:\Program Files\NetBeans-16\netbeans\ide\modules\org-netbeans-modules-server.jar
[2024-09-21 10:20:08.888]:         extracting C:\Program Files\NetBeans-16\netbeans\ide\modules\org-netbeans-modules-hudson.jar
[2024-09-21 10:20:08.890]:         extracting C:\Program Files\NetBeans-16\netbeans\ide\modules\org-netbeans-modules-db-kit.jar
[2024-09-21 10:20:08.893]:         extracting C:\Program Files\NetBeans-16\netbeans\ide\modules\ext\processtreekiller-2.0.1.jar
[2024-09-21 10:20:08.894]:         extracting C:\Program Files\NetBeans-16\netbeans\ide\modules\org-netbeans-modules-jumpto.jar
[2024-09-21 10:20:08.900]:         extracting C:\Program Files\NetBeans-16\netbeans\ide\bin\nativeexecution\Linux-sparc_64\stat
[2024-09-21 10:20:08.901]:         extracting C:\Program Files\NetBeans-16\netbeans\ide\bin\nativeexecution\MacOSX-x86\pty_open
[2024-09-21 10:20:08.902]:         extracting C:\Program Files\NetBeans-16\netbeans\ide\bin\nativeexecution\SunOS-sparc_64\stat
[2024-09-21 10:20:08.903]:         extracting C:\Program Files\NetBeans-16\netbeans\ide\bin\nativeexecution\Windows-x86\killall
[2024-09-21 10:20:08.906]:         extracting C:\Program Files\NetBeans-16\netbeans\ide\config\Modules\org-netbeans-api-xml.xml
[2024-09-21 10:20:08.907]:         extracting C:\Program Files\NetBeans-16\netbeans\ide\config\Modules\org-netbeans-api-lsp.xml
[2024-09-21 10:20:08.908]:         extracting C:\Program Files\NetBeans-16\netbeans\ide\config\Modules\org-eclipse-core-net.xml
[2024-09-21 10:20:08.910]:         extracting C:\Program Files\NetBeans-16\netbeans\nb\modules\org-netbeans-modules-welcome.jar
[2024-09-21 10:20:08.913]:         extracting C:\Program Files\NetBeans-16\netbeans\platform\modules\org-netbeans-core-osgi.jar
[2024-09-21 10:20:08.915]:         extracting C:\Program Files\NetBeans-16\netbeans\platform\modules\org-netbeans-libs-osgi.jar
[2024-09-21 10:20:08.918]:         extracting C:\Program Files\NetBeans-16\netbeans\platform\modules\org-netbeans-html-ko4j.jar
[2024-09-21 10:20:08.920]:         extracting C:\Program Files\NetBeans-16\netbeans\platform\modules\lib\x86\jnidispatch-nb.dll
[2024-09-21 10:20:08.923]:         extracting C:\Program Files\NetBeans-16\netbeans\platform\modules\ext\batik-svg-dom-1.14.jar
[2024-09-21 10:20:08.925]:         extracting C:\Program Files\NetBeans-16\netbeans\platform\update_tracking\org-openide-io.xml
[2024-09-21 10:20:08.926]:         extracting C:\Program Files\NetBeans-16\netbeans\platform\config\Modules\org-openide-awt.xml
[2024-09-21 10:20:08.926]:         extracting C:\Program Files\NetBeans-16\netbeans\ide\modules\org-netbeans-libs-graalsdk.jar
[2024-09-21 10:20:08.929]:         extracting C:\Program Files\NetBeans-16\netbeans\ide\modules\org-eclipse-equinox-common.jar
[2024-09-21 10:20:08.930]:         extracting C:\Program Files\NetBeans-16\netbeans\ide\modules\org-netbeans-modules-image.jar
[2024-09-21 10:20:08.933]:         extracting C:\Program Files\NetBeans-16\netbeans\ide\modules\org-netbeans-libs-flexmark.jar
[2024-09-21 10:20:08.934]:         extracting C:\Program Files\NetBeans-16\netbeans\ide\modules\org-netbeans-spi-navigator.jar
[2024-09-21 10:20:08.935]:         extracting C:\Program Files\NetBeans-16\netbeans\ide\modules\org-netbeans-modules-derby.jar
[2024-09-21 10:20:08.937]:         extracting C:\Program Files\NetBeans-16\netbeans\ide\modules\org-netbeans-modules-dbapi.jar
[2024-09-21 10:20:08.939]:         extracting C:\Program Files\NetBeans-16\netbeans\ide\modules\org-netbeans-libs-jcodings.jar
[2024-09-21 10:20:08.940]:         extracting C:\Program Files\NetBeans-16\netbeans\ide\modules\org-netbeans-modules-lexer.jar
[2024-09-21 10:20:08.943]:         extracting C:\Program Files\NetBeans-16\netbeans\ide\modules\ext\launcher-common-20.3.0.jar
[2024-09-21 10:20:08.949]:         extracting C:\Program Files\NetBeans-16\netbeans\ide\modules\org-apache-ws-commons-util.jar
[2024-09-21 10:20:08.950]:         extracting C:\Program Files\NetBeans-16\netbeans\ide\modules\org-netbeans-spi-viewmodel.jar
[2024-09-21 10:20:08.953]:         extracting C:\Program Files\NetBeans-16\netbeans\ide\modules\dict\dictionary_en.description
[2024-09-21 10:20:08.954]:         extracting C:\Program Files\NetBeans-16\netbeans\ide\bin\nativeexecution\MacOSX-x86_64\stat
[2024-09-21 10:20:08.954]:         extracting C:\Program Files\NetBeans-16\netbeans\ide\bin\nativeexecution\Linux-x86\pty_open
[2024-09-21 10:20:08.955]:         extracting C:\Program Files\NetBeans-16\netbeans\ide\bin\nativeexecution\Linux-x86\sigqueue
[2024-09-21 10:20:08.956]:         extracting C:\Program Files\NetBeans-16\netbeans\ide\bin\nativeexecution\Linux-sparc_64\pty
[2024-09-21 10:20:08.958]:         extracting C:\Program Files\NetBeans-16\netbeans\ide\bin\nativeexecution\MacOSX-x86\killall
[2024-09-21 10:20:08.960]:         extracting C:\Program Files\NetBeans-16\netbeans\ide\bin\nativeexecution\SunOS-sparc_64\pty
[2024-09-21 10:20:08.961]:         extracting C:\Program Files\NetBeans-16\netbeans\ide\bin\nativeexecution\Linux-aarch64\stat
[2024-09-21 10:20:08.962]:         extracting C:\Program Files\NetBeans-16\netbeans\ide\bin\nativeexecution\SunOS-x86\pty_open
[2024-09-21 10:20:08.963]:         extracting C:\Program Files\NetBeans-16\netbeans\ide\bin\nativeexecution\SunOS-x86\sigqueue
[2024-09-21 10:20:08.964]:         extracting C:\Program Files\NetBeans-16\netbeans\ide\bin\nativeexecution\Windows-x86_64\pty
[2024-09-21 10:20:08.966]:         extracting C:\Program Files\NetBeans-16\netbeans\nb\modules\locale\org-netbeans-core_nb.jar
[2024-09-21 10:20:08.967]:         extracting C:\Program Files\NetBeans-16\netbeans\platform\modules\org-openide-execution.jar
[2024-09-21 10:20:08.968]:         extracting C:\Program Files\NetBeans-16\netbeans\platform\modules\org-apache-commons-io.jar
[2024-09-21 10:20:08.970]:         extracting C:\Program Files\NetBeans-16\netbeans\platform\modules\net-java-html-boot-fx.jar
[2024-09-21 10:20:08.971]:         extracting C:\Program Files\NetBeans-16\netbeans\platform\modules\org-netbeans-libs-jna.jar
[2024-09-21 10:20:08.974]:         extracting C:\Program Files\NetBeans-16\netbeans\platform\modules\ext\batik-bridge-1.14.jar
[2024-09-21 10:20:08.978]:         extracting C:\Program Files\NetBeans-16\netbeans\platform\modules\ext\batik-script-1.14.jar
[2024-09-21 10:20:08.979]:         extracting C:\Program Files\NetBeans-16\netbeans\platform\modules\ext\hamcrest-core-1.3.jar
[2024-09-21 10:20:08.980]:         extracting C:\Program Files\NetBeans-16\netbeans\platform\modules\ext\batik-parser-1.14.jar
[2024-09-21 10:20:08.982]:         extracting C:\Program Files\NetBeans-16\netbeans\platform\update_tracking\net-java-html.xml
[2024-09-21 10:20:08.983]:         extracting C:\Program Files\NetBeans-16\netbeans\platform\config\Modules\org-openide-io.xml
[2024-09-21 10:20:08.984]:         extracting C:\Program Files\NetBeans-16\netbeans\harness\nbi\stub\ext\infra\build\products
[2024-09-21 10:20:08.985]:         extracting C:\Program Files\NetBeans-16\netbeans\ide\modules\org-netbeans-modules-html.jar
[2024-09-21 10:20:08.987]:         extracting C:\Program Files\NetBeans-16\netbeans\ide\modules\org-netbeans-modules-diff.jar
[2024-09-21 10:20:08.994]:         extracting C:\Program Files\NetBeans-16\netbeans\ide\modules\org-netbeans-spi-tasklist.jar
[2024-09-21 10:20:08.996]:         extracting C:\Program Files\NetBeans-16\netbeans\ide\modules\org-netbeans-api-debugger.jar
[2024-09-21 10:20:08.999]:         extracting C:\Program Files\NetBeans-16\netbeans\ide\modules\org-netbeans-core-browser.jar
[2024-09-21 10:20:09.000]:         extracting C:\Program Files\NetBeans-16\netbeans\ide\modules\ext\commons-compress-1.21.jar
[2024-09-21 10:20:09.007]:         extracting C:\Program Files\NetBeans-16\netbeans\ide\modules\ext\flexmark-util-0.50.36.jar
[2024-09-21 10:20:09.010]:         extracting C:\Program Files\NetBeans-16\netbeans\ide\update_tracking\org-openidex-util.xml
[2024-09-21 10:20:09.011]:         extracting C:\Program Files\NetBeans-16\netbeans\ide\update_tracking\org-apache-xmlrpc.xml
[2024-09-21 10:20:09.012]:         extracting C:\Program Files\NetBeans-16\netbeans\ide\bin\nativeexecution\MacOSX-x86_64\pty
[2024-09-21 10:20:09.013]:         extracting C:\Program Files\NetBeans-16\netbeans\ide\bin\nativeexecution\Linux-x86\killall
[2024-09-21 10:20:09.016]:         extracting C:\Program Files\NetBeans-16\netbeans\ide\bin\nativeexecution\SunOS-x86_64\stat
[2024-09-21 10:20:09.016]:         extracting C:\Program Files\NetBeans-16\netbeans\ide\bin\nativeexecution\Linux-aarch64\pty
[2024-09-21 10:20:09.017]:         extracting C:\Program Files\NetBeans-16\netbeans\ide\bin\nativeexecution\SunOS-x86\killall
[2024-09-21 10:20:09.019]:         extracting C:\Program Files\NetBeans-16\netbeans\ide\bin\nativeexecution\Linux-x86_64\stat
[2024-09-21 10:20:09.020]:         extracting C:\Program Files\NetBeans-16\netbeans\platform\modules\org-openide-explorer.jar
[2024-09-21 10:20:09.029]:         extracting C:\Program Files\NetBeans-16\netbeans\platform\modules\org-netbeans-core-ui.jar
[2024-09-21 10:20:09.032]:         extracting C:\Program Files\NetBeans-16\netbeans\platform\core\org-openide-filesystems.jar
[2024-09-21 10:20:09.037]:         extracting C:\Program Files\NetBeans-16\netbeans\platform\config\Modules\net-java-html.xml
[2024-09-21 10:20:09.043]:         extracting C:\Program Files\NetBeans-16\netbeans\harness\nbi\stub\ext\components\products
[2024-09-21 10:20:09.043]:         extracting C:\Program Files\NetBeans-16\netbeans\ide\modules\org-netbeans-libs-lucene.jar
[2024-09-21 10:20:09.046]:         extracting C:\Program Files\NetBeans-16\netbeans\ide\modules\org-netbeans-modules-xsl.jar
[2024-09-21 10:20:09.050]:         extracting C:\Program Files\NetBeans-16\netbeans\ide\modules\org-netbeans-libs-xerces.jar
[2024-09-21 10:20:09.054]:         extracting C:\Program Files\NetBeans-16\netbeans\ide\modules\org-netbeans-modules-git.jar
[2024-09-21 10:20:09.067]:         extracting C:\Program Files\NetBeans-16\netbeans\ide\modules\org-netbeans-modules-xml.jar
[2024-09-21 10:20:09.071]:         extracting C:\Program Files\NetBeans-16\netbeans\ide\modules\org-eclipse-core-runtime.jar
[2024-09-21 10:20:09.074]:         extracting C:\Program Files\NetBeans-16\netbeans\ide\modules\ext\antlr4-runtime-4.7.2.jar
[2024-09-21 10:20:09.077]:         extracting C:\Program Files\NetBeans-16\netbeans\ide\modules\org-netbeans-spi-palette.jar
[2024-09-21 10:20:09.079]:         extracting C:\Program Files\NetBeans-16\netbeans\ide\update_tracking\com-google-guava.xml
[2024-09-21 10:20:09.081]:         extracting C:\Program Files\NetBeans-16\netbeans\ide\update_tracking\com-jcraft-jzlib.xml
[2024-09-21 10:20:09.082]:         extracting C:\Program Files\NetBeans-16\netbeans\ide\update_tracking\org-eclipse-jgit.xml
[2024-09-21 10:20:09.083]:         extracting C:\Program Files\NetBeans-16\netbeans\ide\bin\nativeexecution\SunOS-x86_64\pty
[2024-09-21 10:20:09.084]:         extracting C:\Program Files\NetBeans-16\netbeans\ide\bin\nativeexecution\Linux-x86_64\pty
[2024-09-21 10:20:09.086]:         extracting C:\Program Files\NetBeans-16\netbeans\ide\config\Modules\org-openidex-util.xml
[2024-09-21 10:20:09.087]:         extracting C:\Program Files\NetBeans-16\netbeans\ide\config\Modules\org-apache-xmlrpc.xml
[2024-09-21 10:20:09.089]:         extracting C:\Program Files\NetBeans-16\netbeans\ide\docs\org\netbeans\modules\usersguide
[2024-09-21 10:20:09.089]:         extracting C:\Program Files\NetBeans-16\netbeans\platform\modules\org-openide-loaders.jar
[2024-09-21 10:20:09.097]:         extracting C:\Program Files\NetBeans-16\netbeans\platform\modules\org-openide-windows.jar
[2024-09-21 10:20:09.099]:         extracting C:\Program Files\NetBeans-16\netbeans\platform\modules\org-openide-options.jar
[2024-09-21 10:20:09.101]:         extracting C:\Program Files\NetBeans-16\netbeans\platform\modules\org-openide-actions.jar
[2024-09-21 10:20:09.104]:         extracting C:\Program Files\NetBeans-16\netbeans\platform\modules\net-java-html-sound.jar
[2024-09-21 10:20:09.105]:         extracting C:\Program Files\NetBeans-16\netbeans\platform\modules\org-openide-dialogs.jar
[2024-09-21 10:20:09.107]:         extracting C:\Program Files\NetBeans-16\netbeans\platform\modules\ext\batik-i18n-1.14.jar
[2024-09-21 10:20:09.108]:         extracting C:\Program Files\NetBeans-16\netbeans\platform\modules\ext\osgi.core-8.0.0.jar
[2024-09-21 10:20:09.111]:         extracting C:\Program Files\NetBeans-16\netbeans\platform\modules\ext\xml-apis-1.4.01.jar
[2024-09-21 10:20:09.114]:         extracting C:\Program Files\NetBeans-16\netbeans\platform\modules\ext\osgi.cmpn-7.0.0.jar
[2024-09-21 10:20:09.122]:         extracting C:\Program Files\NetBeans-16\netbeans\platform\modules\ext\batik-util-1.14.jar
[2024-09-21 10:20:09.124]:         extracting C:\Program Files\NetBeans-16\netbeans\platform\modules\ext\jcommander-1.78.jar
[2024-09-21 10:20:09.126]:         extracting C:\Program Files\NetBeans-16\netbeans\platform\modules\ext\batik-anim-1.14.jar
[2024-09-21 10:20:09.129]:         extracting C:\Program Files\NetBeans-16\netbeans\platform\modules\org-netbeans-api-io.jar
[2024-09-21 10:20:09.131]:         extracting C:\Program Files\NetBeans-16\netbeans\platform\lib\org-openide-util-lookup.jar
[2024-09-21 10:20:09.135]:         extracting C:\Program Files\NetBeans-16\netbeans\extide\modules\gradle\nb-tooling.gradle
[2024-09-21 10:20:09.136]:         extracting C:\Program Files\NetBeans-16\netbeans\harness\modules\org-netbeans-insane.jar
[2024-09-21 10:20:09.138]:         extracting C:\Program Files\NetBeans-16\netbeans\harness\nbi\stub\ext\infra\build\engine
[2024-09-21 10:20:09.138]:         extracting C:\Program Files\NetBeans-16\netbeans\harness\nbi\stub\ext\engine\manifest.mf
[2024-09-21 10:20:09.138]:         extracting C:\Program Files\NetBeans-16\netbeans\ide\modules\org-netbeans-modules-db.jar
[2024-09-21 10:20:09.144]:         extracting C:\Program Files\NetBeans-16\netbeans\ide\modules\org-netbeans-api-xml-ui.jar
[2024-09-21 10:20:09.146]:         extracting C:\Program Files\NetBeans-16\netbeans\ide\modules\org-apache-xml-resolver.jar
[2024-09-21 10:20:09.149]:         extracting C:\Program Files\NetBeans-16\netbeans\ide\modules\org-netbeans-libs-ini4j.jar
[2024-09-21 10:20:09.150]:         extracting C:\Program Files\NetBeans-16\netbeans\ide\modules\org-netbeans-libs-tomlj.jar
[2024-09-21 10:20:09.151]:         extracting C:\Program Files\NetBeans-16\netbeans\ide\modules\org-apache-commons-lang.jar
[2024-09-21 10:20:09.153]:         extracting C:\Program Files\NetBeans-16\netbeans\ide\modules\ext\antlr-runtime-3.5.2.jar
[2024-09-21 10:20:09.154]:         extracting C:\Program Files\NetBeans-16\netbeans\ide\modules\org-eclipse-equinox-app.jar
[2024-09-21 10:20:09.156]:         extracting C:\Program Files\NetBeans-16\netbeans\ide\update_tracking\com-google-gson.xml
[2024-09-21 10:20:09.156]:         extracting C:\Program Files\NetBeans-16\netbeans\ide\update_tracking\com-jcraft-jsch.xml
[2024-09-21 10:20:09.157]:         extracting C:\Program Files\NetBeans-16\netbeans\ide\bin\nativeexecution\MacOSX-x86\stat
[2024-09-21 10:20:09.158]:         extracting C:\Program Files\NetBeans-16\netbeans\ide\bin\nativeexecution\Windows-x86\pty
[2024-09-21 10:20:09.158]:         extracting C:\Program Files\NetBeans-16\netbeans\ide\bin\nativeexecution\SunOS-x86\privp
[2024-09-21 10:20:09.160]:         extracting C:\Program Files\NetBeans-16\netbeans\ide\config\Modules\com-google-guava.xml
[2024-09-21 10:20:09.161]:         extracting C:\Program Files\NetBeans-16\netbeans\ide\config\Modules\com-jcraft-jzlib.xml
[2024-09-21 10:20:09.161]:         extracting C:\Program Files\NetBeans-16\netbeans\ide\config\Modules\org-eclipse-jgit.xml
[2024-09-21 10:20:09.162]:         extracting C:\Program Files\NetBeans-16\netbeans\platform\modules\org-openide-compat.jar
[2024-09-21 10:20:09.165]:         extracting C:\Program Files\NetBeans-16\netbeans\platform\modules\net-java-html-boot.jar
[2024-09-21 10:20:09.166]:         extracting C:\Program Files\NetBeans-16\netbeans\platform\modules\net-java-html-json.jar
[2024-09-21 10:20:09.167]:         extracting C:\Program Files\NetBeans-16\netbeans\platform\modules\ext\batik-css-1.14.jar
[2024-09-21 10:20:09.170]:         extracting C:\Program Files\NetBeans-16\netbeans\platform\modules\ext\batik-gvt-1.14.jar
[2024-09-21 10:20:09.171]:         extracting C:\Program Files\NetBeans-16\netbeans\platform\modules\ext\batik-dom-1.14.jar
[2024-09-21 10:20:09.174]:         extracting C:\Program Files\NetBeans-16\netbeans\platform\modules\ext\batik-ext-1.14.jar
[2024-09-21 10:20:09.174]:         extracting C:\Program Files\NetBeans-16\netbeans\platform\modules\ext\batik-xml-1.14.jar
[2024-09-21 10:20:09.175]:         extracting C:\Program Files\NetBeans-16\netbeans\platform\core\org-netbeans-libs-asm.jar
[2024-09-21 10:20:09.177]:         extracting C:\Program Files\NetBeans-16\netbeans\platform\docs\testng-6.13.1-javadoc.jar
[2024-09-21 10:20:09.183]:         extracting C:\Program Files\NetBeans-16\netbeans\extide\ant\etc\junit-frames-xalan1.xsl
[2024-09-21 10:20:09.185]:         extracting C:\Program Files\NetBeans-16\netbeans\extide\ant\lib\ant-commons-logging.jar
[2024-09-21 10:20:09.186]:         extracting C:\Program Files\NetBeans-16\netbeans\extide\ant\lib\ant-apache-resolver.jar
[2024-09-21 10:20:09.187]:         extracting C:\Program Files\NetBeans-16\netbeans\harness\nbi\.common\product.properties
[2024-09-21 10:20:09.188]:         extracting C:\Program Files\NetBeans-16\netbeans\harness\nbi\stub\ext\engine\src\native
[2024-09-21 10:20:09.188]:         extracting C:\Program Files\NetBeans-16\netbeans\ide\modules\org-netbeans-libs-jaxb.jar
[2024-09-21 10:20:09.190]:         extracting C:\Program Files\NetBeans-16\netbeans\ide\modules\ext\truffle-api-20.3.0.jar
[2024-09-21 10:20:09.213]:         extracting C:\Program Files\NetBeans-16\netbeans\ide\modules\ext\postgresql-42.2.16.jar
[2024-09-21 10:20:09.218]:         extracting C:\Program Files\NetBeans-16\netbeans\ide\bin\nativeexecution\Linux-x86\stat
[2024-09-21 10:20:09.219]:         extracting C:\Program Files\NetBeans-16\netbeans\ide\bin\nativeexecution\Linux-sparc_64
[2024-09-21 10:20:09.219]:         extracting C:\Program Files\NetBeans-16\netbeans\ide\bin\nativeexecution\MacOSX-x86\pty
[2024-09-21 10:20:09.220]:         extracting C:\Program Files\NetBeans-16\netbeans\ide\bin\nativeexecution\SunOS-sparc_64
[2024-09-21 10:20:09.220]:         extracting C:\Program Files\NetBeans-16\netbeans\ide\bin\nativeexecution\SunOS-x86\stat
[2024-09-21 10:20:09.221]:         extracting C:\Program Files\NetBeans-16\netbeans\ide\bin\nativeexecution\Windows-x86_64
[2024-09-21 10:20:09.221]:         extracting C:\Program Files\NetBeans-16\netbeans\ide\config\Modules\com-google-gson.xml
[2024-09-21 10:20:09.222]:         extracting C:\Program Files\NetBeans-16\netbeans\ide\config\Modules\com-jcraft-jsch.xml
[2024-09-21 10:20:09.224]:         extracting C:\Program Files\NetBeans-16\netbeans\platform\modules\org-openide-nodes.jar
[2024-09-21 10:20:09.227]:         extracting C:\Program Files\NetBeans-16\netbeans\platform\modules\org-netbeans-core.jar
[2024-09-21 10:20:09.231]:         extracting C:\Program Files\NetBeans-16\netbeans\platform\modules\net-java-html-geo.jar
[2024-09-21 10:20:09.233]:         extracting C:\Program Files\NetBeans-16\netbeans\platform\modules\ext\testng-6.14.3.jar
[2024-09-21 10:20:09.240]:         extracting C:\Program Files\NetBeans-16\netbeans\platform\docs\junit-4.13.2-sources.jar
[2024-09-21 10:20:09.243]:         extracting C:\Program Files\NetBeans-16\netbeans\platform\docs\junit-4.13.2-javadoc.jar
[2024-09-21 10:20:09.254]:         extracting C:\Program Files\NetBeans-16\netbeans\harness\modules\ext\nbi-ant-tasks.jar
[2024-09-21 10:20:09.257]:         extracting C:\Program Files\NetBeans-16\netbeans\harness\modules\ext\jemmy-2.3.1.1.jar
[2024-09-21 10:20:09.266]:         extracting C:\Program Files\NetBeans-16\netbeans\harness\nbi\.common\common.properties
[2024-09-21 10:20:09.268]:         extracting C:\Program Files\NetBeans-16\netbeans\harness\nbi\.common\engine.properties
[2024-09-21 10:20:09.269]:         extracting C:\Program Files\NetBeans-16\netbeans\harness\nbi\stub\ext\engine\build.xml
[2024-09-21 10:20:09.271]:         extracting C:\Program Files\NetBeans-16\netbeans\harness\nbi\stub\ext\engine\nbproject
[2024-09-21 10:20:09.271]:         extracting C:\Program Files\NetBeans-16\netbeans\ide\modules\org-netbeans-libs-git.jar
[2024-09-21 10:20:09.279]:         extracting C:\Program Files\NetBeans-16\netbeans\ide\modules\org-eclipse-core-jobs.jar
[2024-09-21 10:20:09.282]:         extracting C:\Program Files\NetBeans-16\netbeans\ide\modules\ext\freemarker-2.3.30.jar
[2024-09-21 10:20:09.293]:         extracting C:\Program Files\NetBeans-16\netbeans\ide\modules\ext\json-simple-1.1.1.jar
[2024-09-21 10:20:09.295]:         extracting C:\Program Files\NetBeans-16\netbeans\ide\modules\ext\jaxb\api\jaxb-api.jar
[2024-09-21 10:20:09.304]:         extracting C:\Program Files\NetBeans-16\netbeans\ide\modules\ext\lucene-core-3.6.2.jar
[2024-09-21 10:20:09.313]:         extracting C:\Program Files\NetBeans-16\netbeans\ide\modules\ext\commons-net-3.8.0.jar
[2024-09-21 10:20:09.317]:         extracting C:\Program Files\NetBeans-16\netbeans\ide\modules\ext\fastexcel-0.10.15.jar
[2024-09-21 10:20:09.323]:         extracting C:\Program Files\NetBeans-16\netbeans\ide\modules\org-netbeans-core-ide.jar
[2024-09-21 10:20:09.330]:         extracting C:\Program Files\NetBeans-16\netbeans\ide\bin\nativeexecution\MacOSX-x86_64
[2024-09-21 10:20:09.331]:         extracting C:\Program Files\NetBeans-16\netbeans\ide\bin\nativeexecution\Linux-x86\pty
[2024-09-21 10:20:09.332]:         extracting C:\Program Files\NetBeans-16\netbeans\ide\bin\nativeexecution\Linux-aarch64
[2024-09-21 10:20:09.332]:         extracting C:\Program Files\NetBeans-16\netbeans\ide\bin\nativeexecution\SunOS-x86\pty
[2024-09-21 10:20:09.333]:         extracting C:\Program Files\NetBeans-16\netbeans\platform\modules\org-openide-text.jar
[2024-09-21 10:20:09.336]:         extracting C:\Program Files\NetBeans-16\netbeans\platform\modules\ext\junit-4.13.2.jar
[2024-09-21 10:20:09.338]:         extracting C:\Program Files\NetBeans-16\netbeans\extide\ant\lib\ant-apache-regexp.jar
[2024-09-21 10:20:09.339]:         extracting C:\Program Files\NetBeans-16\netbeans\extide\ant\lib\ant-apache-xalan2.jar
[2024-09-21 10:20:09.340]:         extracting C:\Program Files\NetBeans-16\netbeans\licenses\Apache-2.0-XML-Commons-APIs
[2024-09-21 10:20:09.341]:         extracting C:\Program Files\NetBeans-16\netbeans\harness\nbi\.common\group.properties
[2024-09-21 10:20:09.342]:         extracting C:\Program Files\NetBeans-16\netbeans\harness\nbi\stub\ext\engine\src\data
[2024-09-21 10:20:09.342]:         extracting C:\Program Files\NetBeans-16\netbeans\ide\modules\org-netbeans-api-lsp.jar
[2024-09-21 10:20:09.344]:         extracting C:\Program Files\NetBeans-16\netbeans\ide\modules\org-eclipse-core-net.jar
[2024-09-21 10:20:09.345]:         extracting C:\Program Files\NetBeans-16\netbeans\ide\modules\ext\snakeyaml-engine.jar
[2024-09-21 10:20:09.348]:         extracting C:\Program Files\NetBeans-16\netbeans\ide\modules\ext\org-netbeans-tax.jar
[2024-09-21 10:20:09.351]:         extracting C:\Program Files\NetBeans-16\netbeans\ide\modules\ext\flexmark-0.50.36.jar
[2024-09-21 10:20:09.354]:         extracting C:\Program Files\NetBeans-16\netbeans\ide\modules\ext\graal-sdk-20.3.0.jar
[2024-09-21 10:20:09.356]:         extracting C:\Program Files\NetBeans-16\netbeans\ide\modules\org-netbeans-api-xml.jar
[2024-09-21 10:20:09.357]:         extracting C:\Program Files\NetBeans-16\netbeans\ide\bin\nativeexecution\SunOS-x86_64
[2024-09-21 10:20:09.358]:         extracting C:\Program Files\NetBeans-16\netbeans\ide\bin\nativeexecution\Linux-x86_64
[2024-09-21 10:20:09.358]:         extracting C:\Program Files\NetBeans-16\netbeans\nb\modules\ext\locale\updater_nb.jar
[2024-09-21 10:20:09.359]:         extracting C:\Program Files\NetBeans-16\netbeans\nb\docs\SwingInteropDescription.html
[2024-09-21 10:20:09.361]:         extracting C:\Program Files\NetBeans-16\netbeans\platform\modules\org-openide-awt.jar
[2024-09-21 10:20:09.366]:         extracting C:\Program Files\NetBeans-16\netbeans\platform\modules\ext\flatlaf-2.6.jar
[2024-09-21 10:20:09.370]:         extracting C:\Program Files\NetBeans-16\netbeans\platform\lib\org-openide-modules.jar
[2024-09-21 10:20:09.372]:         extracting C:\Program Files\NetBeans-16\netbeans\platform\lib\org-openide-util-ui.jar
[2024-09-21 10:20:09.375]:         extracting C:\Program Files\NetBeans-16\netbeans\extide\modules\gradle\daemon-loader
[2024-09-21 10:20:09.375]:         extracting C:\Program Files\NetBeans-16\netbeans\extide\ant\lib\ant-apache-log4j.jar
[2024-09-21 10:20:09.376]:         extracting C:\Program Files\NetBeans-16\netbeans\harness\nbi\stub\ext\engine\src\org
[2024-09-21 10:20:09.376]:         extracting C:\Program Files\NetBeans-16\netbeans\ide\modules\ext\jaxb\activation.jar
[2024-09-21 10:20:09.377]:         extracting C:\Program Files\NetBeans-16\netbeans\ide\modules\ext\commons-csv-1.8.jar
[2024-09-21 10:20:09.378]:         extracting C:\Program Files\NetBeans-16\netbeans\ide\modules\ext\jcodings-1.0.18.jar
[2024-09-21 10:20:09.386]:         extracting C:\Program Files\NetBeans-16\netbeans\ide\update_tracking\slf4j-jdk14.xml
[2024-09-21 10:20:09.387]:         extracting C:\Program Files\NetBeans-16\netbeans\ide\bin\nativeexecution\Windows-x86
[2024-09-21 10:20:09.387]:         extracting C:\Program Files\NetBeans-16\netbeans\ide\bin\nativeexecution\hostinfo.sh
[2024-09-21 10:20:09.389]:         extracting C:\Program Files\NetBeans-16\netbeans\nb\docs\GUIExamplesDescription.html
[2024-09-21 10:20:09.390]:         extracting C:\Program Files\NetBeans-16\netbeans\platform\modules\org-openide-io.jar
[2024-09-21 10:20:09.391]:         extracting C:\Program Files\NetBeans-16\netbeans\platform\modules\ext\jna-5.12.1.jar
[2024-09-21 10:20:09.400]:         extracting C:\Program Files\NetBeans-16\netbeans\extide\ant\bin\complete-ant-cmd.pl
[2024-09-21 10:20:09.402]:         extracting C:\Program Files\NetBeans-16\netbeans\extide\ant\etc\coverage-frames.xsl
[2024-09-21 10:20:09.404]:         extracting C:\Program Files\NetBeans-16\netbeans\extide\ant\etc\mmetrics-frames.xsl
[2024-09-21 10:20:09.406]:         extracting C:\Program Files\NetBeans-16\netbeans\extide\ant\lib\ant-commons-net.jar
[2024-09-21 10:20:09.407]:         extracting C:\Program Files\NetBeans-16\netbeans\extide\ant\lib\ant-apache-bcel.jar
[2024-09-21 10:20:09.408]:         extracting C:\Program Files\NetBeans-16\netbeans\licenses\MIT-cpp-textmate-grammars
[2024-09-21 10:20:09.409]:         extracting C:\Program Files\NetBeans-16\netbeans\harness\modules\ext\nbi-engine.jar
[2024-09-21 10:20:09.415]:         extracting C:\Program Files\NetBeans-16\netbeans\harness\docs\jemmy-2.3.1.1-src.zip
[2024-09-21 10:20:09.418]:         extracting C:\Program Files\NetBeans-16\netbeans\harness\docs\jemmy-2.3.1.1-doc.zip
[2024-09-21 10:20:09.426]:         extracting C:\Program Files\NetBeans-16\netbeans\ide\modules\ext\jaxb\jaxb-impl.jar
[2024-09-21 10:20:09.431]:         extracting C:\Program Files\NetBeans-16\netbeans\ide\modules\ext\adapter-javahl.jar
[2024-09-21 10:20:09.434]:         extracting C:\Program Files\NetBeans-16\netbeans\ide\bin\nativeexecution\MacOSX-x86
[2024-09-21 10:20:09.434]:         extracting C:\Program Files\NetBeans-16\netbeans\ide\config\Modules\slf4j-jdk14.xml
[2024-09-21 10:20:09.434]:         extracting C:\Program Files\NetBeans-16\netbeans\platform\modules\net-java-html.jar
[2024-09-21 10:20:09.436]:         extracting C:\Program Files\NetBeans-16\netbeans\platform\modules\lib\riscv64\linux
[2024-09-21 10:20:09.436]:         extracting C:\Program Files\NetBeans-16\netbeans\platform\modules\lib\aarch64\linux
[2024-09-21 10:20:09.436]:         extracting C:\Program Files\NetBeans-16\netbeans\extide\ant\etc\jdepend-frames.xsl
[2024-09-21 10:20:09.436]:         extracting C:\Program Files\NetBeans-16\netbeans\extide\ant\etc\junit-noframes.xsl
[2024-09-21 10:20:09.437]:         extracting C:\Program Files\NetBeans-16\netbeans\extide\ant\lib\ant-apache-bsf.jar
[2024-09-21 10:20:09.438]:         extracting C:\Program Files\NetBeans-16\netbeans\extide\ant\lib\ant-apache-oro.jar
[2024-09-21 10:20:09.439]:         extracting C:\Program Files\NetBeans-16\netbeans\harness\nbi\stub\build.properties
[2024-09-21 10:20:09.440]:         extracting C:\Program Files\NetBeans-16\netbeans\ide\modules\org-openidex-util.jar
[2024-09-21 10:20:09.442]:         extracting C:\Program Files\NetBeans-16\netbeans\ide\modules\org-apache-xmlrpc.jar
[2024-09-21 10:20:09.444]:         extracting C:\Program Files\NetBeans-16\netbeans\ide\modules\ext\jaxb\jaxb-xjc.jar
[2024-09-21 10:20:09.455]:         extracting C:\Program Files\NetBeans-16\netbeans\ide\modules\ext\derbysampledb.zip
[2024-09-21 10:20:09.459]:         extracting C:\Program Files\NetBeans-16\netbeans\ide\modules\ext\ValidationAPI.jar
[2024-09-21 10:20:09.464]:         extracting C:\Program Files\NetBeans-16\netbeans\ide\update_tracking\slf4j-api.xml
[2024-09-21 10:20:09.468]:         extracting C:\Program Files\NetBeans-16\netbeans\ide\bin\nativeexecution\Linux-x86
[2024-09-21 10:20:09.468]:         extracting C:\Program Files\NetBeans-16\netbeans\ide\bin\nativeexecution\SunOS-x86
[2024-09-21 10:20:09.469]:         extracting C:\Program Files\NetBeans-16\netbeans\nb\core\org-netbeans-upgrader.jar
[2024-09-21 10:20:09.473]:         extracting C:\Program Files\NetBeans-16\netbeans\platform\core\asm-commons-9.3.jar
[2024-09-21 10:20:09.478]:         extracting C:\Program Files\NetBeans-16\netbeans\platform\lib\org-openide-util.jar
[2024-09-21 10:20:09.485]:         extracting C:\Program Files\NetBeans-16\netbeans\extide\ant\etc\ant-bootstrap.jar
[2024-09-21 10:20:09.490]:         extracting C:\Program Files\NetBeans-16\netbeans\extide\ant\etc\maudit-frames.xsl
[2024-09-21 10:20:09.491]:         extracting C:\Program Files\NetBeans-16\netbeans\harness\nbi\stub\tmpl.properties
[2024-09-21 10:20:09.497]:         extracting C:\Program Files\NetBeans-16\netbeans\harness\nbi\stub\ext\infra\build
[2024-09-21 10:20:09.497]:         extracting C:\Program Files\NetBeans-16\netbeans\harness\etc\applicationIcon.icns
[2024-09-21 10:20:09.509]:         extracting C:\Program Files\NetBeans-16\netbeans\harness\launchers\pre7_app_w.exe
[2024-09-21 10:20:09.519]:         extracting C:\Program Files\NetBeans-16\netbeans\ide\modules\com-jcraft-jzlib.jar
[2024-09-21 10:20:09.522]:         extracting C:\Program Files\NetBeans-16\netbeans\ide\modules\com-google-guava.jar
[2024-09-21 10:20:09.538]:         extracting C:\Program Files\NetBeans-16\netbeans\ide\modules\org-eclipse-jgit.jar
[2024-09-21 10:20:09.549]:         extracting C:\Program Files\NetBeans-16\netbeans\ide\modules\lib\extbrowser64.dll
[2024-09-21 10:20:09.552]:         extracting C:\Program Files\NetBeans-16\netbeans\ide\modules\ext\jsoup-1.11.3.jar
[2024-09-21 10:20:09.561]:         extracting C:\Program Files\NetBeans-16\netbeans\ide\modules\ext\adapter-base.jar
[2024-09-21 10:20:09.565]:         extracting C:\Program Files\NetBeans-16\netbeans\ide\modules\ext\log4j-1.2.15.jar
[2024-09-21 10:20:09.568]:         extracting C:\Program Files\NetBeans-16\netbeans\ide\modules\ext\resolver-1.2.jar
[2024-09-21 10:20:09.573]:         extracting C:\Program Files\NetBeans-16\netbeans\ide\modules\ext\html5-parser.jar
[2024-09-21 10:20:09.575]:         extracting C:\Program Files\NetBeans-16\netbeans\ide\modules\ext\xerces-2.8.0.jar
[2024-09-21 10:20:09.583]:         extracting C:\Program Files\NetBeans-16\netbeans\ide\modules\ext\opczip-1.2.0.jar
[2024-09-21 10:20:09.584]:         extracting C:\Program Files\NetBeans-16\netbeans\ide\bin\nativeexecution\dorun.sh
[2024-09-21 10:20:09.586]:         extracting C:\Program Files\NetBeans-16\netbeans\ide\config\Modules\slf4j-api.xml
[2024-09-21 10:20:09.587]:         extracting C:\Program Files\NetBeans-16\netbeans\platform\modules\lib\amd64\linux
[2024-09-21 10:20:09.587]:         extracting C:\Program Files\NetBeans-16\netbeans\platform\modules\ext\updater.jar
[2024-09-21 10:20:09.592]:         extracting C:\Program Files\NetBeans-16\netbeans\extide\ant\etc\junit-frames.xsl
[2024-09-21 10:20:09.594]:         extracting C:\Program Files\NetBeans-16\netbeans\extide\ant\lib\ant-javamail.jar
[2024-09-21 10:20:09.597]:         extracting C:\Program Files\NetBeans-16\netbeans\extide\ant\lib\ant-launcher.jar
[2024-09-21 10:20:09.599]:         extracting C:\Program Files\NetBeans-16\netbeans\extide\ant\lib\ant-testutil.jar
[2024-09-21 10:20:09.600]:         extracting C:\Program Files\NetBeans-16\netbeans\licenses\Apache-2.0-typescript2
[2024-09-21 10:20:09.601]:         extracting C:\Program Files\NetBeans-16\netbeans\harness\nbi\.common\product.xml
[2024-09-21 10:20:09.602]:         extracting C:\Program Files\NetBeans-16\netbeans\harness\nbi\stub\ext\components
[2024-09-21 10:20:09.602]:         extracting C:\Program Files\NetBeans-16\netbeans\harness\nbi\stub\ext\engine\src
[2024-09-21 10:20:09.602]:         extracting C:\Program Files\NetBeans-16\netbeans\ide\modules\com-jcraft-jsch.jar
[2024-09-21 10:20:09.606]:         extracting C:\Program Files\NetBeans-16\netbeans\ide\modules\com-google-gson.jar
[2024-09-21 10:20:09.608]:         extracting C:\Program Files\NetBeans-16\netbeans\ide\modules\ext\icu4j-4_4_2.jar
[2024-09-21 10:20:09.634]:         extracting C:\Program Files\NetBeans-16\netbeans\ide\modules\ext\joni-2.1.11.jar
[2024-09-21 10:20:09.637]:         extracting C:\Program Files\NetBeans-16\netbeans\ide\modules\ext\servlet-2.2.jar
[2024-09-21 10:20:09.638]:         extracting C:\Program Files\NetBeans-16\netbeans\ide\modules\ext\ini4j-0.5.1.jar
[2024-09-21 10:20:09.641]:         extracting C:\Program Files\NetBeans-16\netbeans\nb\docs\images\banner-right.png
[2024-09-21 10:20:09.642]:         extracting C:\Program Files\NetBeans-16\netbeans\platform\modules\lib\i386\linux
[2024-09-21 10:20:09.642]:         extracting C:\Program Files\NetBeans-16\netbeans\extide\ant\lib\ant-jdepend.jar
[2024-09-21 10:20:09.644]:         extracting C:\Program Files\NetBeans-16\netbeans\extide\ant\lib\ant-netrexx.jar
[2024-09-21 10:20:09.645]:         extracting C:\Program Files\NetBeans-16\netbeans\licenses\CDDL-1.1-MIT-jaxb-xjc
[2024-09-21 10:20:09.646]:         extracting C:\Program Files\NetBeans-16\netbeans\licenses\Apache-2.0+MIT-Bindex
[2024-09-21 10:20:09.647]:         extracting C:\Program Files\NetBeans-16\netbeans\licenses\Apache-2.0-freemarker
[2024-09-21 10:20:09.648]:         extracting C:\Program Files\NetBeans-16\netbeans\licenses\Apache-2.0+MIT+testng
[2024-09-21 10:20:09.649]:         extracting C:\Program Files\NetBeans-16\netbeans\harness\jnlp\jnlp-launcher.jar
[2024-09-21 10:20:09.651]:         extracting C:\Program Files\NetBeans-16\netbeans\harness\nbi\.common\common.xml
[2024-09-21 10:20:09.652]:         extracting C:\Program Files\NetBeans-16\netbeans\harness\nbi\.common\engine.xml
[2024-09-21 10:20:09.653]:         extracting C:\Program Files\NetBeans-16\netbeans\harness\launchers\pre7_app.exe
[2024-09-21 10:20:09.654]:         extracting C:\Program Files\NetBeans-16\netbeans\ide\modules\lib\extbrowser.dll
[2024-09-21 10:20:09.655]:         extracting C:\Program Files\NetBeans-16\netbeans\ide\modules\ext\langdetect.jar
[2024-09-21 10:20:09.657]:         extracting C:\Program Files\NetBeans-16\netbeans\ide\modules\ext\galimatias.jar
[2024-09-21 10:20:09.658]:         extracting C:\Program Files\NetBeans-16\netbeans\ide\update_tracking\bcpkix.xml
[2024-09-21 10:20:09.659]:         extracting C:\Program Files\NetBeans-16\netbeans\ide\update_tracking\bcprov.xml
[2024-09-21 10:20:09.660]:         extracting C:\Program Files\NetBeans-16\netbeans\ide\update_tracking\bcutil.xml
[2024-09-21 10:20:09.661]:         extracting C:\Program Files\NetBeans-16\netbeans\nb\docs\images\banner-left.png
[2024-09-21 10:20:09.661]:         extracting C:\Program Files\NetBeans-16\netbeans\platform\core\asm-tree-9.3.jar
[2024-09-21 10:20:09.662]:         extracting C:\Program Files\NetBeans-16\netbeans\platform\config\ModuleAutoDeps
[2024-09-21 10:20:09.663]:         extracting C:\Program Files\NetBeans-16\netbeans\extide\ant\lib\ant-junit4.jar
[2024-09-21 10:20:09.664]:         extracting C:\Program Files\NetBeans-16\netbeans\licenses\Apache-2.0+BSD-INRIA
[2024-09-21 10:20:09.665]:         extracting C:\Program Files\NetBeans-16\netbeans\licenses\EPL-v10-with-commons
[2024-09-21 10:20:09.665]:         extracting C:\Program Files\NetBeans-16\netbeans\harness\antlib\bindex-2.2.jar
[2024-09-21 10:20:09.667]:         extracting C:\Program Files\NetBeans-16\netbeans\harness\nbi\.common\group.xml
[2024-09-21 10:20:09.668]:         extracting C:\Program Files\NetBeans-16\netbeans\harness\nbi\stub\template.xml
[2024-09-21 10:20:09.669]:         extracting C:\Program Files\NetBeans-16\netbeans\ide\modules\lib\riscv64\linux
[2024-09-21 10:20:09.669]:         extracting C:\Program Files\NetBeans-16\netbeans\ide\modules\lib\aarch64\linux
[2024-09-21 10:20:09.669]:         extracting C:\Program Files\NetBeans-16\netbeans\ide\modules\ext\winp-1.28.jar
[2024-09-21 10:20:09.671]:         extracting C:\Program Files\NetBeans-16\netbeans\ide\modules\ext\webserver.jar
[2024-09-21 10:20:09.675]:         extracting C:\Program Files\NetBeans-16\netbeans\ide\modules\ext\salvation.jar
[2024-09-21 10:20:09.677]:         extracting C:\Program Files\NetBeans-16\netbeans\ide\modules\ext\validator.jar
[2024-09-21 10:20:09.689]:         extracting C:\Program Files\NetBeans-16\netbeans\ide\config\Modules\bcpkix.xml
[2024-09-21 10:20:09.690]:         extracting C:\Program Files\NetBeans-16\netbeans\ide\config\Modules\bcprov.xml
[2024-09-21 10:20:09.691]:         extracting C:\Program Files\NetBeans-16\netbeans\ide\config\Modules\bcutil.xml
[2024-09-21 10:20:09.692]:         extracting C:\Program Files\NetBeans-16\netbeans\ide\docs\org\netbeans\modules
[2024-09-21 10:20:09.692]:         extracting C:\Program Files\NetBeans-16\netbeans\nb\docs\images\down-right.png
[2024-09-21 10:20:09.693]:         extracting C:\Program Files\NetBeans-16\netbeans\nb\docs\images\background.png
[2024-09-21 10:20:09.695]:         extracting C:\Program Files\NetBeans-16\netbeans\extide\ant\etc\changelog.xsl
[2024-09-21 10:20:09.695]:         extracting C:\Program Files\NetBeans-16\netbeans\extide\ant\lib\ant-junit.jar
[2024-09-21 10:20:09.698]:         extracting C:\Program Files\NetBeans-16\netbeans\extide\ant\lib\ant-antlr.jar
[2024-09-21 10:20:09.698]:         extracting C:\Program Files\NetBeans-16\netbeans\extide\ant\lib\ant-swing.jar
[2024-09-21 10:20:09.700]:         extracting C:\Program Files\NetBeans-16\netbeans\licenses\EPL-v10-eclipselink
[2024-09-21 10:20:09.701]:         extracting C:\Program Files\NetBeans-16\netbeans\ide\modules\ext\isorelax.jar
[2024-09-21 10:20:09.703]:         extracting C:\Program Files\NetBeans-16\netbeans\ide\update_tracking\bcpg.xml
[2024-09-21 10:20:09.704]:         extracting C:\Program Files\NetBeans-16\netbeans\nb\docs\images\down-left.png
[2024-09-21 10:20:09.705]:         extracting C:\Program Files\NetBeans-16\netbeans\platform\modules\lib\riscv64
[2024-09-21 10:20:09.705]:         extracting C:\Program Files\NetBeans-16\netbeans\platform\modules\lib\aarch64
[2024-09-21 10:20:09.706]:         extracting C:\Program Files\NetBeans-16\netbeans\extide\ant\nblib\bridge.jar
[2024-09-21 10:20:09.709]:         extracting C:\Program Files\NetBeans-16\netbeans\extide\ant\lib\ant-jsch.jar
[2024-09-21 10:20:09.710]:         extracting C:\Program Files\NetBeans-16\netbeans\licenses\Apache-2.0-spring4
[2024-09-21 10:20:09.711]:         extracting C:\Program Files\NetBeans-16\netbeans\licenses\BSD-antlr4-grammar
[2024-09-21 10:20:09.712]:         extracting C:\Program Files\NetBeans-16\netbeans\licenses\Apache-2.0-spring3
[2024-09-21 10:20:09.713]:         extracting C:\Program Files\NetBeans-16\netbeans\licenses\BSD-antlr-runtime4
[2024-09-21 10:20:09.714]:         extracting C:\Program Files\NetBeans-16\netbeans\licenses\BSD-antlr-runtime3
[2024-09-21 10:20:09.715]:         extracting C:\Program Files\NetBeans-16\netbeans\licenses\Apache-2.0-spring5
[2024-09-21 10:20:09.716]:         extracting C:\Program Files\NetBeans-16\netbeans\harness\no-testcoverage.xml
[2024-09-21 10:20:09.717]:         extracting C:\Program Files\NetBeans-16\netbeans\harness\nbi\stub\ext\engine
[2024-09-21 10:20:09.717]:         extracting C:\Program Files\NetBeans-16\netbeans\harness\launchers\app64.exe
[2024-09-21 10:20:09.719]:         extracting C:\Program Files\NetBeans-16\netbeans\ide\modules\slf4j-jdk14.jar
[2024-09-21 10:20:09.721]:         extracting C:\Program Files\NetBeans-16\netbeans\ide\modules\lib\amd64\linux
[2024-09-21 10:20:09.721]:         extracting C:\Program Files\NetBeans-16\netbeans\ide\config\Modules\bcpg.xml
[2024-09-21 10:20:09.722]:         extracting C:\Program Files\NetBeans-16\netbeans\nb\docs\images\up-right.png
[2024-09-21 10:20:09.723]:         extracting C:\Program Files\NetBeans-16\netbeans\platform\modules\lib\x86_64
[2024-09-21 10:20:09.723]:         extracting C:\Program Files\NetBeans-16\netbeans\platform\core\core-base.jar
[2024-09-21 10:20:09.725]:         extracting C:\Program Files\NetBeans-16\netbeans\extide\ant\etc\jdepend.xsl
[2024-09-21 10:20:09.727]:         extracting C:\Program Files\NetBeans-16\netbeans\extide\ant\etc\tagdiff.xsl
[2024-09-21 10:20:09.727]:         extracting C:\Program Files\NetBeans-16\netbeans\extide\ant\lib\ant-jmf.jar
[2024-09-21 10:20:09.729]:         extracting C:\Program Files\NetBeans-16\netbeans\extide\ant\lib\ant-jai.jar
[2024-09-21 10:20:09.731]:         extracting C:\Program Files\NetBeans-16\netbeans\licenses\Apache-2.0-groovy
[2024-09-21 10:20:09.732]:         extracting C:\Program Files\NetBeans-16\netbeans\licenses\Apache-2.0-lucene
[2024-09-21 10:20:09.737]:         extracting C:\Program Files\NetBeans-16\netbeans\licenses\EPL-v10-with-osgi
[2024-09-21 10:20:09.737]:         extracting C:\Program Files\NetBeans-16\netbeans\harness\nbi\stub\build.xml
[2024-09-21 10:20:09.739]:         extracting C:\Program Files\NetBeans-16\netbeans\harness\nbi\stub\ext\infra
[2024-09-21 10:20:09.739]:         extracting C:\Program Files\NetBeans-16\netbeans\ide\modules\ext\javahl.jar
[2024-09-21 10:20:09.741]:         extracting C:\Program Files\NetBeans-16\netbeans\nb\core\locale\core_nb.jar
[2024-09-21 10:20:09.744]:         extracting C:\Program Files\NetBeans-16\netbeans\nb\docs\images\up-left.png
[2024-09-21 10:20:09.744]:         extracting C:\Program Files\NetBeans-16\netbeans\nb\docs\images\circle3.gif
[2024-09-21 10:20:09.745]:         extracting C:\Program Files\NetBeans-16\netbeans\nb\docs\images\circle6.gif
[2024-09-21 10:20:09.746]:         extracting C:\Program Files\NetBeans-16\netbeans\nb\docs\images\circle2.gif
[2024-09-21 10:20:09.747]:         extracting C:\Program Files\NetBeans-16\netbeans\nb\docs\images\circle5.gif
[2024-09-21 10:20:09.748]:         extracting C:\Program Files\NetBeans-16\netbeans\nb\docs\images\circle1.gif
[2024-09-21 10:20:09.748]:         extracting C:\Program Files\NetBeans-16\netbeans\nb\docs\images\circle4.gif
[2024-09-21 10:20:09.750]:         extracting C:\Program Files\NetBeans-16\netbeans\platform\modules\lib\amd64
[2024-09-21 10:20:09.751]:         extracting C:\Program Files\NetBeans-16\netbeans\extide\ant\bin\antenv.cmd
[2024-09-21 10:20:09.752]:         extracting C:\Program Files\NetBeans-16\netbeans\extide\ant\bin\envset.cmd
[2024-09-21 10:20:09.754]:         extracting C:\Program Files\NetBeans-16\netbeans\extide\ant\bin\antRun.bat
[2024-09-21 10:20:09.755]:         extracting C:\Program Files\NetBeans-16\netbeans\extide\ant\etc\checkstyle
[2024-09-21 10:20:09.755]:         extracting C:\Program Files\NetBeans-16\netbeans\extide\ant\lib\ant-xz.jar
[2024-09-21 10:20:09.756]:         extracting C:\Program Files\NetBeans-16\netbeans\licenses\MIT-html5-parser
[2024-09-21 10:20:09.757]:         extracting C:\Program Files\NetBeans-16\netbeans\licenses\MIT-java-grammar
[2024-09-21 10:20:09.758]:         extracting C:\Program Files\NetBeans-16\netbeans\licenses\MIT-bouncycastle
[2024-09-21 10:20:09.758]:         extracting C:\Program Files\NetBeans-16\netbeans\licenses\BSD-css3-grammar
[2024-09-21 10:20:09.759]:         extracting C:\Program Files\NetBeans-16\netbeans\harness\launchers\app.exe
[2024-09-21 10:20:09.761]:         extracting C:\Program Files\NetBeans-16\netbeans\ide\modules\slf4j-api.jar
[2024-09-21 10:20:09.762]:         extracting C:\Program Files\NetBeans-16\netbeans\ide\modules\ext\tomlj.jar
[2024-09-21 10:20:09.764]:         extracting C:\Program Files\NetBeans-16\netbeans\ide\config\ModuleAutoDeps
[2024-09-21 10:20:09.764]:         extracting C:\Program Files\NetBeans-16\netbeans\ide\docs\jaxb-api-doc.jar
[2024-09-21 10:20:09.768]:         extracting C:\Program Files\NetBeans-16\netbeans\nb\docs\images\spacer.png
[2024-09-21 10:20:09.768]:         extracting C:\Program Files\NetBeans-16\netbeans\platform\modules\lib\i386
[2024-09-21 10:20:09.769]:         extracting C:\Program Files\NetBeans-16\netbeans\platform\core\asm-9.3.jar
[2024-09-21 10:20:09.771]:         extracting C:\Program Files\NetBeans-16\netbeans\platform\lib\nbexec64.dll
[2024-09-21 10:20:09.773]:         extracting C:\Program Files\NetBeans-16\netbeans\platform\lib\nbexec64.exe
[2024-09-21 10:20:09.775]:         extracting C:\Program Files\NetBeans-16\netbeans\extide\ant\bin\runrc.cmd
[2024-09-21 10:20:09.775]:         extracting C:\Program Files\NetBeans-16\netbeans\extide\ant\bin\runant.py
[2024-09-21 10:20:09.777]:         extracting C:\Program Files\NetBeans-16\netbeans\extide\ant\bin\antRun.pl
[2024-09-21 10:20:09.777]:         extracting C:\Program Files\NetBeans-16\netbeans\extide\ant\bin\runant.pl
[2024-09-21 10:20:09.778]:         extracting C:\Program Files\NetBeans-16\netbeans\licenses\BSD-antlr-icons
[2024-09-21 10:20:09.779]:         extracting C:\Program Files\NetBeans-16\netbeans\licenses\MIT-nocopyright
[2024-09-21 10:20:09.780]:         extracting C:\Program Files\NetBeans-16\netbeans\harness\launchers\app.sh
[2024-09-21 10:20:09.781]:         extracting C:\Program Files\NetBeans-16\netbeans\ide\modules\ext\jaxb\api
[2024-09-21 10:20:09.782]:         extracting C:\Program Files\NetBeans-16\netbeans\ide\modules\ext\jing.jar
[2024-09-21 10:20:09.786]:         extracting C:\Program Files\NetBeans-16\netbeans\platform\modules\lib\x86
[2024-09-21 10:20:09.786]:         extracting C:\Program Files\NetBeans-16\netbeans\platform\update_tracking
[2024-09-21 10:20:09.786]:         extracting C:\Program Files\NetBeans-16\netbeans\licenses\BSD-postgresql
[2024-09-21 10:20:09.787]:         extracting C:\Program Files\NetBeans-16\netbeans\licenses\MIT-galimatias
[2024-09-21 10:20:09.788]:         extracting C:\Program Files\NetBeans-16\netbeans\licenses\UPL-Apache-2.0
[2024-09-21 10:20:09.789]:         extracting C:\Program Files\NetBeans-16\netbeans\licenses\Apache-2.0-ant
[2024-09-21 10:20:09.790]:         extracting C:\Program Files\NetBeans-16\netbeans\harness\update_tracking
[2024-09-21 10:20:09.790]:         extracting C:\Program Files\NetBeans-16\netbeans\ide\modules\lib\riscv64
[2024-09-21 10:20:09.790]:         extracting C:\Program Files\NetBeans-16\netbeans\ide\modules\lib\aarch64
[2024-09-21 10:20:09.791]:         extracting C:\Program Files\NetBeans-16\netbeans\ide\modules\ext\iri.jar
[2024-09-21 10:20:09.794]:         extracting C:\Program Files\NetBeans-16\netbeans\ide\modules\ext\ddl.jar
[2024-09-21 10:20:09.796]:         extracting C:\Program Files\NetBeans-16\netbeans\ide\bin\nativeexecution
[2024-09-21 10:20:09.796]:         extracting C:\Program Files\NetBeans-16\netbeans\ide\docs\css21-spec.zip
[2024-09-21 10:20:09.801]:         extracting C:\Program Files\NetBeans-16\netbeans\cpplite\update_tracking
[2024-09-21 10:20:09.801]:         extracting C:\Program Files\NetBeans-16\netbeans\nb\docs\images\blue.png
[2024-09-21 10:20:09.802]:         extracting C:\Program Files\NetBeans-16\netbeans\platform\config\Modules
[2024-09-21 10:20:09.802]:         extracting C:\Program Files\NetBeans-16\netbeans\platform\lib\nbexec.dll
[2024-09-21 10:20:09.805]:         extracting C:\Program Files\NetBeans-16\netbeans\platform\lib\nbexec.exe
[2024-09-21 10:20:09.807]:         extracting C:\Program Files\NetBeans-16\netbeans\extide\update_tracking
[2024-09-21 10:20:09.807]:         extracting C:\Program Files\NetBeans-16\netbeans\extide\ant\bin\ant.bat
[2024-09-21 10:20:09.808]:         extracting C:\Program Files\NetBeans-16\netbeans\extide\ant\bin\lcp.bat
[2024-09-21 10:20:09.808]:         extracting C:\Program Files\NetBeans-16\netbeans\extide\ant\bin\ant.cmd
[2024-09-21 10:20:09.809]:         extracting C:\Program Files\NetBeans-16\netbeans\extide\ant\etc\log.xsl
[2024-09-21 10:20:09.810]:         extracting C:\Program Files\NetBeans-16\netbeans\extide\ant\lib\ant.jar
[2024-09-21 10:20:09.822]:         extracting C:\Program Files\NetBeans-16\netbeans\licenses\Maven-EPL-v10
[2024-09-21 10:20:09.823]:         extracting C:\Program Files\NetBeans-16\netbeans\licenses\BSD-stax2-api
[2024-09-21 10:20:09.827]:         extracting C:\Program Files\NetBeans-16\netbeans\licenses\MIT-validator
[2024-09-21 10:20:09.827]:         extracting C:\Program Files\NetBeans-16\netbeans\harness\config\Modules
[2024-09-21 10:20:09.828]:         extracting C:\Program Files\NetBeans-16\netbeans\harness\etc\Info.plist
[2024-09-21 10:20:09.830]:         extracting C:\Program Files\NetBeans-16\netbeans\ide\modules\bcutil.jar
[2024-09-21 10:20:09.834]:         extracting C:\Program Files\NetBeans-16\netbeans\ide\modules\lib\x86_64
[2024-09-21 10:20:09.834]:         extracting C:\Program Files\NetBeans-16\netbeans\ide\modules\bcprov.jar
[2024-09-21 10:20:09.860]:         extracting C:\Program Files\NetBeans-16\netbeans\ide\modules\bcpkix.jar
[2024-09-21 10:20:09.869]:         extracting C:\Program Files\NetBeans-16\netbeans\ide\docs\css3-spec.zip
[2024-09-21 10:20:09.903]:         extracting C:\Program Files\NetBeans-16\netbeans\ide\docs\html-4.01.zip
[2024-09-21 10:20:09.905]:         extracting C:\Program Files\NetBeans-16\netbeans\cpplite\config\Modules
[2024-09-21 10:20:09.906]:         extracting C:\Program Files\NetBeans-16\netbeans\platform\.lastModified
[2024-09-21 10:20:09.906]:         extracting C:\Program Files\NetBeans-16\netbeans\platform\core\core.jar
[2024-09-21 10:20:09.912]:         extracting C:\Program Files\NetBeans-16\netbeans\extide\modules\gradle
[2024-09-21 10:20:09.912]:         extracting C:\Program Files\NetBeans-16\netbeans\extide\config\Modules
[2024-09-21 10:20:09.912]:         extracting C:\Program Files\NetBeans-16\netbeans\extide\ant\bin\antRun
[2024-09-21 10:20:09.913]:         extracting C:\Program Files\NetBeans-16\netbeans\licenses\MIT-markdown
[2024-09-21 10:20:09.926]:         extracting C:\Program Files\NetBeans-16\netbeans\licenses\BSD-hamcrest
[2024-09-21 10:20:09.928]:         extracting C:\Program Files\NetBeans-16\netbeans\licenses\CDDL-1.0+1.1
[2024-09-21 10:20:09.931]:         extracting C:\Program Files\NetBeans-16\netbeans\licenses\MIT-isorelax
[2024-09-21 10:20:09.936]:         extracting C:\Program Files\NetBeans-16\netbeans\licenses\MIT-dd-plist
[2024-09-21 10:20:09.942]:         extracting C:\Program Files\NetBeans-16\netbeans\licenses\BSD-flexmark
[2024-09-21 10:20:09.943]:         extracting C:\Program Files\NetBeans-16\netbeans\harness\.lastModified
[2024-09-21 10:20:09.945]:         extracting C:\Program Files\NetBeans-16\netbeans\etc\netbeans.clusters
[2024-09-21 10:20:09.950]:         extracting C:\Program Files\NetBeans-16\netbeans\ide\modules\lib\amd64
[2024-09-21 10:20:09.950]:         extracting C:\Program Files\NetBeans-16\netbeans\ide\docs\html5doc.zip
[2024-09-21 10:20:09.955]:         extracting C:\Program Files\NetBeans-16\netbeans\ide\docs\org\netbeans
[2024-09-21 10:20:09.956]:         extracting C:\Program Files\NetBeans-16\netbeans\cpplite\.lastModified
[2024-09-21 10:20:09.959]:         extracting C:\Program Files\NetBeans-16\netbeans\nb\modules\ext\locale
[2024-09-21 10:20:09.960]:         extracting C:\Program Files\NetBeans-16\netbeans\platform\lib\boot.jar
[2024-09-21 10:20:09.963]:         extracting C:\Program Files\NetBeans-16\netbeans\extide\.lastModified
[2024-09-21 10:20:09.975]:         extracting C:\Program Files\NetBeans-16\netbeans\licenses\EDL-1.0-jaf
[2024-09-21 10:20:09.979]:         extracting C:\Program Files\NetBeans-16\netbeans\licenses\MIT-checker
[2024-09-21 10:20:09.980]:         extracting C:\Program Files\NetBeans-16\netbeans\licenses\Gradle-icon
[2024-09-21 10:20:09.985]:         extracting C:\Program Files\NetBeans-16\netbeans\licenses\MIT-phpstan
[2024-09-21 10:20:09.985]:         extracting C:\Program Files\NetBeans-16\netbeans\harness\nbi\stub\ext
[2024-09-21 10:20:09.986]:         extracting C:\Program Files\NetBeans-16\netbeans\harness\etc\app.conf
[2024-09-21 10:20:09.989]:         extracting C:\Program Files\NetBeans-16\netbeans\ide\modules\bcpg.jar
[2024-09-21 10:20:09.991]:         extracting C:\Program Files\NetBeans-16\netbeans\ide\modules\ext\jaxb
[2024-09-21 10:20:09.992]:         extracting C:\Program Files\NetBeans-16\netbeans\nb\shortcuts_mac.pdf
[2024-09-21 10:20:09.996]:         extracting C:\Program Files\NetBeans-16\netbeans\nb\docs\netbeans.css
[2024-09-21 10:20:09.999]:         extracting C:\Program Files\NetBeans-16\netbeans\platform\modules\lib
[2024-09-21 10:20:09.999]:         extracting C:\Program Files\NetBeans-16\netbeans\platform\modules\ext
[2024-09-21 10:20:10.000]:         extracting C:\Program Files\NetBeans-16\netbeans\platform\VERSION.txt
[2024-09-21 10:20:10.000]:         extracting C:\Program Files\NetBeans-16\netbeans\licenses\Apache-2.0
[2024-09-21 10:20:10.001]:         extracting C:\Program Files\NetBeans-16\netbeans\licenses\MIT-vscode
[2024-09-21 10:20:10.002]:         extracting C:\Program Files\NetBeans-16\netbeans\licenses\Apache-1.1
[2024-09-21 10:20:10.003]:         extracting C:\Program Files\NetBeans-16\netbeans\harness\modules\ext
[2024-09-21 10:20:10.003]:         extracting C:\Program Files\NetBeans-16\netbeans\harness\nbi\.common
[2024-09-21 10:20:10.003]:         extracting C:\Program Files\NetBeans-16\netbeans\etc\netbeans.import
[2024-09-21 10:20:10.004]:         extracting C:\Program Files\NetBeans-16\netbeans\ide\update_tracking
[2024-09-21 10:20:10.004]:         extracting C:\Program Files\NetBeans-16\netbeans\cpplite\modules\ext
[2024-09-21 10:20:10.004]:         extracting C:\Program Files\NetBeans-16\netbeans\cpplite\VERSION.txt
[2024-09-21 10:20:10.006]:         extracting C:\Program Files\NetBeans-16\netbeans\platform\lib\nbexec
[2024-09-21 10:20:10.007]:         extracting C:\Program Files\NetBeans-16\netbeans\extide\ant\bin\ant
[2024-09-21 10:20:10.008]:         extracting C:\Program Files\NetBeans-16\netbeans\extide\VERSION.txt
[2024-09-21 10:20:10.008]:         extracting C:\Program Files\NetBeans-16\netbeans\bin\netbeans64.exe
[2024-09-21 10:20:10.010]:         extracting C:\Program Files\NetBeans-16\netbeans\licenses\BSD-SCOWL
[2024-09-21 10:20:10.012]:         extracting C:\Program Files\NetBeans-16\netbeans\licenses\WSDL-2004
[2024-09-21 10:20:10.013]:         extracting C:\Program Files\NetBeans-16\netbeans\licenses\BSD-INRIA
[2024-09-21 10:20:10.014]:         extracting C:\Program Files\NetBeans-16\netbeans\licenses\CC-BY-3.0
[2024-09-21 10:20:10.015]:         extracting C:\Program Files\NetBeans-16\netbeans\licenses\MIT-jruby
[2024-09-21 10:20:10.015]:         extracting C:\Program Files\NetBeans-16\netbeans\licenses\MIT-jsoup
[2024-09-21 10:20:10.017]:         extracting C:\Program Files\NetBeans-16\netbeans\licenses\MIT-icu4j
[2024-09-21 10:20:10.018]:         extracting C:\Program Files\NetBeans-16\netbeans\licenses\MIT-slf4j
[2024-09-21 10:20:10.019]:         extracting C:\Program Files\NetBeans-16\netbeans\licenses\BSD-jzlib
[2024-09-21 10:20:10.019]:         extracting C:\Program Files\NetBeans-16\netbeans\harness\common.xml
[2024-09-21 10:20:10.020]:         extracting C:\Program Files\NetBeans-16\netbeans\ide\config\Modules
[2024-09-21 10:20:10.020]:         extracting C:\Program Files\NetBeans-16\netbeans\nb\update_tracking
[2024-09-21 10:20:10.020]:         extracting C:\Program Files\NetBeans-16\netbeans\licenses\BSD-jsch
[2024-09-21 10:20:10.021]:         extracting C:\Program Files\NetBeans-16\netbeans\licenses\MIT-winp
[2024-09-21 10:20:10.021]:         extracting C:\Program Files\NetBeans-16\netbeans\licenses\CDDL-1.0
[2024-09-21 10:20:10.022]:         extracting C:\Program Files\NetBeans-16\netbeans\licenses\HTML5DOC
[2024-09-21 10:20:10.024]:         extracting C:\Program Files\NetBeans-16\netbeans\licenses\BSD-JDOM
[2024-09-21 10:20:10.024]:         extracting C:\Program Files\NetBeans-16\netbeans\licenses\CDDL-1.1
[2024-09-21 10:20:10.027]:         extracting C:\Program Files\NetBeans-16\netbeans\licenses\GPL-2-CP
[2024-09-21 10:20:10.027]:         extracting C:\Program Files\NetBeans-16\netbeans\licenses\BSD-jing
[2024-09-21 10:20:10.028]:         extracting C:\Program Files\NetBeans-16\netbeans\harness\tasks.jar
[2024-09-21 10:20:10.033]:         extracting C:\Program Files\NetBeans-16\netbeans\harness\build.xml
[2024-09-21 10:20:10.034]:         extracting C:\Program Files\NetBeans-16\netbeans\harness\suite.xml
[2024-09-21 10:20:10.035]:         extracting C:\Program Files\NetBeans-16\netbeans\harness\launchers
[2024-09-21 10:20:10.035]:         extracting C:\Program Files\NetBeans-16\netbeans\etc\netbeans.conf
[2024-09-21 10:20:10.036]:         extracting C:\Program Files\NetBeans-16\netbeans\ide\.lastModified
[2024-09-21 10:20:10.037]:         extracting C:\Program Files\NetBeans-16\netbeans\nb\modules\locale
[2024-09-21 10:20:10.037]:         extracting C:\Program Files\NetBeans-16\netbeans\nb\config\Modules
[2024-09-21 10:20:10.037]:         extracting C:\Program Files\NetBeans-16\netbeans\extide\ant\nblib
[2024-09-21 10:20:10.038]:         extracting C:\Program Files\NetBeans-16\netbeans\bin\netbeans.exe
[2024-09-21 10:20:10.040]:         extracting C:\Program Files\NetBeans-16\netbeans\licenses\CC0-v10
[2024-09-21 10:20:10.040]:         extracting C:\Program Files\NetBeans-16\netbeans\licenses\EPL-v20
[2024-09-21 10:20:10.041]:         extracting C:\Program Files\NetBeans-16\netbeans\licenses\BSD-iri
[2024-09-21 10:20:10.041]:         extracting C:\Program Files\NetBeans-16\netbeans\licenses\ANTLR-2
[2024-09-21 10:20:10.042]:         extracting C:\Program Files\NetBeans-16\netbeans\licenses\EDL-1.0
[2024-09-21 10:20:10.043]:         extracting C:\Program Files\NetBeans-16\netbeans\licenses\EPL-v10
[2024-09-21 10:20:10.044]:         extracting C:\Program Files\NetBeans-16\netbeans\licenses\JavaCUP
[2024-09-21 10:20:10.045]:         extracting C:\Program Files\NetBeans-16\netbeans\harness\osgi.xml
[2024-09-21 10:20:10.046]:         extracting C:\Program Files\NetBeans-16\netbeans\harness\jnlp.xml
[2024-09-21 10:20:10.048]:         extracting C:\Program Files\NetBeans-16\netbeans\harness\nbi\stub
[2024-09-21 10:20:10.048]:         extracting C:\Program Files\NetBeans-16\netbeans\ide\modules\docs
[2024-09-21 10:20:10.049]:         extracting C:\Program Files\NetBeans-16\netbeans\ide\modules\dict
[2024-09-21 10:20:10.049]:         extracting C:\Program Files\NetBeans-16\netbeans\nb\.lastModified
[2024-09-21 10:20:10.049]:         extracting C:\Program Files\NetBeans-16\netbeans\nb\netbeans.icns
[2024-09-21 10:20:10.051]:         extracting C:\Program Files\NetBeans-16\netbeans\nb\shortcuts.pdf
[2024-09-21 10:20:10.052]:         extracting C:\Program Files\NetBeans-16\netbeans\platform\modules
[2024-09-21 10:20:10.053]:         extracting C:\Program Files\NetBeans-16\netbeans\licenses\Gradle
[2024-09-21 10:20:10.054]:         extracting C:\Program Files\NetBeans-16\netbeans\harness\modules
[2024-09-21 10:20:10.054]:         extracting C:\Program Files\NetBeans-16\netbeans\harness\run.xml
[2024-09-21 10:20:10.055]:         extracting C:\Program Files\NetBeans-16\netbeans\harness\jdk.xml
[2024-09-21 10:20:10.056]:         extracting C:\Program Files\NetBeans-16\netbeans\ide\modules\lib
[2024-09-21 10:20:10.057]:         extracting C:\Program Files\NetBeans-16\netbeans\ide\modules\ext
[2024-09-21 10:20:10.057]:         extracting C:\Program Files\NetBeans-16\netbeans\ide\VERSION.txt
[2024-09-21 10:20:10.057]:         extracting C:\Program Files\NetBeans-16\netbeans\cpplite\modules
[2024-09-21 10:20:10.057]:         extracting C:\Program Files\NetBeans-16\netbeans\nb\netbeans.png
[2024-09-21 10:20:10.059]:         extracting C:\Program Files\NetBeans-16\netbeans\platform\config
[2024-09-21 10:20:10.059]:         extracting C:\Program Files\NetBeans-16\netbeans\extide\modules
[2024-09-21 10:20:10.060]:         extracting C:\Program Files\NetBeans-16\netbeans\extide\ant\bin
[2024-09-21 10:20:10.060]:         extracting C:\Program Files\NetBeans-16\netbeans\extide\ant\etc
[2024-09-21 10:20:10.060]:         extracting C:\Program Files\NetBeans-16\netbeans\extide\ant\lib
[2024-09-21 10:20:10.060]:         extracting C:\Program Files\NetBeans-16\netbeans\harness\config
[2024-09-21 10:20:10.061]:         extracting C:\Program Files\NetBeans-16\netbeans\harness\antlib
[2024-09-21 10:20:10.061]:         extracting C:\Program Files\NetBeans-16\netbeans\harness\README
[2024-09-21 10:20:10.062]:         extracting C:\Program Files\NetBeans-16\netbeans\cpplite\config
[2024-09-21 10:20:10.063]:         extracting C:\Program Files\NetBeans-16\netbeans\nb\modules\ext
[2024-09-21 10:20:10.063]:         extracting C:\Program Files\NetBeans-16\netbeans\nb\core\ide.ks
[2024-09-21 10:20:10.064]:         extracting C:\Program Files\NetBeans-16\netbeans\nb\core\locale
[2024-09-21 10:20:10.066]:         extracting C:\Program Files\NetBeans-16\netbeans\nb\docs\images
[2024-09-21 10:20:10.066]:         extracting C:\Program Files\NetBeans-16\netbeans\nb\VERSION.txt
[2024-09-21 10:20:10.067]:         extracting C:\Program Files\NetBeans-16\netbeans\extide\config
[2024-09-21 10:20:10.067]:         extracting C:\Program Files\NetBeans-16\netbeans\licenses\OSGi
[2024-09-21 10:20:10.068]:         extracting C:\Program Files\NetBeans-16\netbeans\licenses\W3C2
[2024-09-21 10:20:10.069]:         extracting C:\Program Files\NetBeans-16\netbeans\nb\build_info
[2024-09-21 10:20:10.070]:         extracting C:\Program Files\NetBeans-16\netbeans\platform\core
[2024-09-21 10:20:10.070]:         extracting C:\Program Files\NetBeans-16\netbeans\platform\docs
[2024-09-21 10:20:10.070]:         extracting C:\Program Files\NetBeans-16\netbeans\netbeans.css
[2024-09-21 10:20:10.071]:         extracting C:\Program Files\NetBeans-16\netbeans\bin\netbeans
[2024-09-21 10:20:10.072]:         extracting C:\Program Files\NetBeans-16\netbeans\licenses\W3C
[2024-09-21 10:20:10.073]:         extracting C:\Program Files\NetBeans-16\netbeans\licenses\UPL
[2024-09-21 10:20:10.073]:         extracting C:\Program Files\NetBeans-16\netbeans\licenses\MIT
[2024-09-21 10:20:10.075]:         extracting C:\Program Files\NetBeans-16\netbeans\harness\jnlp
[2024-09-21 10:20:10.075]:         extracting C:\Program Files\NetBeans-16\netbeans\harness\docs
[2024-09-21 10:20:10.075]:         extracting C:\Program Files\NetBeans-16\netbeans\ide\docs\org
[2024-09-21 10:20:10.075]:         extracting C:\Program Files\NetBeans-16\netbeans\DEPENDENCIES
[2024-09-21 10:20:10.076]:         extracting C:\Program Files\NetBeans-16\netbeans\platform\lib
[2024-09-21 10:20:10.077]:         extracting C:\Program Files\NetBeans-16\netbeans\README.html
[2024-09-21 10:20:10.077]:         extracting C:\Program Files\NetBeans-16\netbeans\harness\nbi
[2024-09-21 10:20:10.078]:         extracting C:\Program Files\NetBeans-16\netbeans\harness\etc
[2024-09-21 10:20:10.078]:         extracting C:\Program Files\NetBeans-16\netbeans\ide\modules
[2024-09-21 10:20:10.078]:         extracting C:\Program Files\NetBeans-16\netbeans\extide\ant
[2024-09-21 10:20:10.078]:         extracting C:\Program Files\NetBeans-16\netbeans\ide\config
[2024-09-21 10:20:10.078]:         extracting C:\Program Files\NetBeans-16\netbeans\nb\modules
[2024-09-21 10:20:10.078]:         extracting C:\Program Files\NetBeans-16\netbeans\nb\config
[2024-09-21 10:20:10.078]:         extracting C:\Program Files\NetBeans-16\netbeans\licenses
[2024-09-21 10:20:10.078]:         extracting C:\Program Files\NetBeans-16\netbeans\ide\docs
[2024-09-21 10:20:10.079]:         extracting C:\Program Files\NetBeans-16\netbeans\platform
[2024-09-21 10:20:10.079]:         extracting C:\Program Files\NetBeans-16\netbeans\harness
[2024-09-21 10:20:10.079]:         extracting C:\Program Files\NetBeans-16\netbeans\ide\bin
[2024-09-21 10:20:10.079]:         extracting C:\Program Files\NetBeans-16\netbeans\cpplite
[2024-09-21 10:20:10.079]:         extracting C:\Program Files\NetBeans-16\netbeans\LICENSE
[2024-09-21 10:20:10.080]:         extracting C:\Program Files\NetBeans-16\netbeans\nb\core
[2024-09-21 10:20:10.081]:         extracting C:\Program Files\NetBeans-16\netbeans\nb\docs
[2024-09-21 10:20:10.081]:         extracting C:\Program Files\NetBeans-16\netbeans\extide
[2024-09-21 10:20:10.081]:         extracting C:\Program Files\NetBeans-16\netbeans\NOTICE
[2024-09-21 10:20:10.082]:         extracting C:\Program Files\NetBeans-16\netbeans\bin
[2024-09-21 10:20:10.082]:         extracting C:\Program Files\NetBeans-16\netbeans\etc
[2024-09-21 10:20:10.082]:         extracting C:\Program Files\NetBeans-16\netbeans\ide
[2024-09-21 10:20:10.084]:         extracting C:\Program Files\NetBeans-16\netbeans\nb
[2024-09-21 10:20:10.084]:         extracting C:\Program Files\NetBeans-16\netbeans
[2024-09-21 10:20:10.092]:         deleting file: C:\Users\monal\.nbi\tmp\data,1.jar
[2024-09-21 10:20:10.103]:         ... saving legal artifacts if required
[2024-09-21 10:20:10.103]:         ... running installation logic
[2024-09-21 10:20:10.103]:         NameResolver - to parse C:\Program Files\NetBeans-16
[2024-09-21 10:20:10.106]:         Using the following JDK for NetBeans configuration : 
[2024-09-21 10:20:10.106]:         ... path    : C:\Program Files\Java\jdk-11
[2024-09-21 10:20:10.106]:         ... version : 11.0.24
[2024-09-21 10:20:10.106]:         ... vendor  : Oracle Corporation
[2024-09-21 10:20:10.106]:         ... arch    : x64
[2024-09-21 10:20:10.106]:         ... final   : true
[2024-09-21 10:20:10.112]:         Modifying netbeans.conf for NetBeans installed at C:\Program Files\NetBeans-16 by adding cluster "platform"
[2024-09-21 10:20:10.113]:         ... initial list of clusters : 
[2024-09-21 10:20:10.113]:             # Licensed to the Apache Software Foundation (ASF) under one
[2024-09-21 10:20:10.113]:             # or more contributor license agreements.  See the NOTICE file
[2024-09-21 10:20:10.113]:             # distributed with this work for additional information
[2024-09-21 10:20:10.113]:             # regarding copyright ownership.  The ASF licenses this file
[2024-09-21 10:20:10.113]:             # to you under the Apache License, Version 2.0 (the
[2024-09-21 10:20:10.113]:             # "License"); you may not use this file except in compliance
[2024-09-21 10:20:10.113]:             # with the License.  You may obtain a copy of the License at
[2024-09-21 10:20:10.113]:             #
[2024-09-21 10:20:10.113]:             #   http://www.apache.org/licenses/LICENSE-2.0
[2024-09-21 10:20:10.113]:             #
[2024-09-21 10:20:10.113]:             # Unless required by applicable law or agreed to in writing,
[2024-09-21 10:20:10.113]:             # software distributed under the License is distributed on an
[2024-09-21 10:20:10.113]:             # "AS IS" BASIS, WITHOUT WARRANTIES OR CONDITIONS OF ANY
[2024-09-21 10:20:10.113]:             # KIND, either express or implied.  See the License for the
[2024-09-21 10:20:10.113]:             # specific language governing permissions and limitations
[2024-09-21 10:20:10.113]:             # under the License.
[2024-09-21 10:20:10.113]:             
[2024-09-21 10:20:10.113]:             # platform cluster first
[2024-09-21 10:20:10.113]:             platform
[2024-09-21 10:20:10.114]:             # application cluster second
[2024-09-21 10:20:10.114]:             nb
[2024-09-21 10:20:10.114]:             # ergonomics cluster if present
[2024-09-21 10:20:10.114]:             ergonomics
[2024-09-21 10:20:10.114]:             # and now the rest
[2024-09-21 10:20:10.114]:             ide
[2024-09-21 10:20:10.114]:             extide
[2024-09-21 10:20:10.114]:             java
[2024-09-21 10:20:10.114]:             apisupport
[2024-09-21 10:20:10.114]:             webcommon
[2024-09-21 10:20:10.114]:             websvccommon
[2024-09-21 10:20:10.114]:             enterprise
[2024-09-21 10:20:10.114]:             mobility
[2024-09-21 10:20:10.114]:             profiler
[2024-09-21 10:20:10.114]:             python
[2024-09-21 10:20:10.114]:             php
[2024-09-21 10:20:10.114]:             identity
[2024-09-21 10:20:10.114]:             harness
[2024-09-21 10:20:10.114]:             cnd
[2024-09-21 10:20:10.114]:             cndext
[2024-09-21 10:20:10.114]:             cpplite
[2024-09-21 10:20:10.114]:             dlight
[2024-09-21 10:20:10.114]:             groovy
[2024-09-21 10:20:10.114]:             extra
[2024-09-21 10:20:10.114]:             javacard
[2024-09-21 10:20:10.114]:             javafx
[2024-09-21 10:20:10.114]:         ... requested cluster already exist, do nothing
[2024-09-21 10:20:10.114]:         Modifying netbeans.conf for NetBeans installed at C:\Program Files\NetBeans-16 by adding cluster "nb"
[2024-09-21 10:20:10.115]:         ... initial list of clusters : 
[2024-09-21 10:20:10.115]:             # Licensed to the Apache Software Foundation (ASF) under one
[2024-09-21 10:20:10.115]:             # or more contributor license agreements.  See the NOTICE file
[2024-09-21 10:20:10.115]:             # distributed with this work for additional information
[2024-09-21 10:20:10.115]:             # regarding copyright ownership.  The ASF licenses this file
[2024-09-21 10:20:10.121]:             # to you under the Apache License, Version 2.0 (the
[2024-09-21 10:20:10.121]:             # "License"); you may not use this file except in compliance
[2024-09-21 10:20:10.121]:             # with the License.  You may obtain a copy of the License at
[2024-09-21 10:20:10.121]:             #
[2024-09-21 10:20:10.121]:             #   http://www.apache.org/licenses/LICENSE-2.0
[2024-09-21 10:20:10.121]:             #
[2024-09-21 10:20:10.121]:             # Unless required by applicable law or agreed to in writing,
[2024-09-21 10:20:10.121]:             # software distributed under the License is distributed on an
[2024-09-21 10:20:10.121]:             # "AS IS" BASIS, WITHOUT WARRANTIES OR CONDITIONS OF ANY
[2024-09-21 10:20:10.121]:             # KIND, either express or implied.  See the License for the
[2024-09-21 10:20:10.121]:             # specific language governing permissions and limitations
[2024-09-21 10:20:10.121]:             # under the License.
[2024-09-21 10:20:10.121]:             
[2024-09-21 10:20:10.121]:             # platform cluster first
[2024-09-21 10:20:10.121]:             platform
[2024-09-21 10:20:10.121]:             # application cluster second
[2024-09-21 10:20:10.121]:             nb
[2024-09-21 10:20:10.121]:             # ergonomics cluster if present
[2024-09-21 10:20:10.121]:             ergonomics
[2024-09-21 10:20:10.121]:             # and now the rest
[2024-09-21 10:20:10.121]:             ide
[2024-09-21 10:20:10.121]:             extide
[2024-09-21 10:20:10.121]:             java
[2024-09-21 10:20:10.121]:             apisupport
[2024-09-21 10:20:10.121]:             webcommon
[2024-09-21 10:20:10.121]:             websvccommon
[2024-09-21 10:20:10.121]:             enterprise
[2024-09-21 10:20:10.121]:             mobility
[2024-09-21 10:20:10.121]:             profiler
[2024-09-21 10:20:10.121]:             python
[2024-09-21 10:20:10.121]:             php
[2024-09-21 10:20:10.121]:             identity
[2024-09-21 10:20:10.121]:             harness
[2024-09-21 10:20:10.121]:             cnd
[2024-09-21 10:20:10.121]:             cndext
[2024-09-21 10:20:10.121]:             cpplite
[2024-09-21 10:20:10.121]:             dlight
[2024-09-21 10:20:10.121]:             groovy
[2024-09-21 10:20:10.121]:             extra
[2024-09-21 10:20:10.121]:             javacard
[2024-09-21 10:20:10.121]:             javafx
[2024-09-21 10:20:10.121]:         ... requested cluster already exist, do nothing
[2024-09-21 10:20:10.121]:         Modifying netbeans.conf for NetBeans installed at C:\Program Files\NetBeans-16 by adding cluster "ide"
[2024-09-21 10:20:10.123]:         ... initial list of clusters : 
[2024-09-21 10:20:10.123]:             # Licensed to the Apache Software Foundation (ASF) under one
[2024-09-21 10:20:10.123]:             # or more contributor license agreements.  See the NOTICE file
[2024-09-21 10:20:10.123]:             # distributed with this work for additional information
[2024-09-21 10:20:10.123]:             # regarding copyright ownership.  The ASF licenses this file
[2024-09-21 10:20:10.123]:             # to you under the Apache License, Version 2.0 (the
[2024-09-21 10:20:10.123]:             # "License"); you may not use this file except in compliance
[2024-09-21 10:20:10.123]:             # with the License.  You may obtain a copy of the License at
[2024-09-21 10:20:10.123]:             #
[2024-09-21 10:20:10.123]:             #   http://www.apache.org/licenses/LICENSE-2.0
[2024-09-21 10:20:10.123]:             #
[2024-09-21 10:20:10.123]:             # Unless required by applicable law or agreed to in writing,
[2024-09-21 10:20:10.123]:             # software distributed under the License is distributed on an
[2024-09-21 10:20:10.123]:             # "AS IS" BASIS, WITHOUT WARRANTIES OR CONDITIONS OF ANY
[2024-09-21 10:20:10.123]:             # KIND, either express or implied.  See the License for the
[2024-09-21 10:20:10.123]:             # specific language governing permissions and limitations
[2024-09-21 10:20:10.137]:             # under the License.
[2024-09-21 10:20:10.137]:             
[2024-09-21 10:20:10.137]:             # platform cluster first
[2024-09-21 10:20:10.137]:             platform
[2024-09-21 10:20:10.137]:             # application cluster second
[2024-09-21 10:20:10.137]:             nb
[2024-09-21 10:20:10.137]:             # ergonomics cluster if present
[2024-09-21 10:20:10.137]:             ergonomics
[2024-09-21 10:20:10.137]:             # and now the rest
[2024-09-21 10:20:10.137]:             ide
[2024-09-21 10:20:10.137]:             extide
[2024-09-21 10:20:10.137]:             java
[2024-09-21 10:20:10.137]:             apisupport
[2024-09-21 10:20:10.137]:             webcommon
[2024-09-21 10:20:10.137]:             websvccommon
[2024-09-21 10:20:10.137]:             enterprise
[2024-09-21 10:20:10.137]:             mobility
[2024-09-21 10:20:10.137]:             profiler
[2024-09-21 10:20:10.137]:             python
[2024-09-21 10:20:10.137]:             php
[2024-09-21 10:20:10.137]:             identity
[2024-09-21 10:20:10.137]:             harness
[2024-09-21 10:20:10.137]:             cnd
[2024-09-21 10:20:10.137]:             cndext
[2024-09-21 10:20:10.137]:             cpplite
[2024-09-21 10:20:10.137]:             dlight
[2024-09-21 10:20:10.137]:             groovy
[2024-09-21 10:20:10.137]:             extra
[2024-09-21 10:20:10.137]:             javacard
[2024-09-21 10:20:10.137]:             javafx
[2024-09-21 10:20:10.137]:         ... requested cluster already exist, do nothing
[2024-09-21 10:20:10.138]:             child = bin
[2024-09-21 10:20:10.139]:             child = cpplite
[2024-09-21 10:20:10.139]:             child = DEPENDENCIES
[2024-09-21 10:20:10.139]:             child = etc
[2024-09-21 10:20:10.139]:             child = extide
[2024-09-21 10:20:10.140]:             child = harness
[2024-09-21 10:20:10.140]:             child = ide
[2024-09-21 10:20:10.140]:             child = LICENSE
[2024-09-21 10:20:10.140]:             child = licenses
[2024-09-21 10:20:10.140]:             child = nb
[2024-09-21 10:20:10.141]:             child = bin
[2024-09-21 10:20:10.141]:             child = cpplite
[2024-09-21 10:20:10.141]:             child = DEPENDENCIES
[2024-09-21 10:20:10.141]:             child = etc
[2024-09-21 10:20:10.141]:             child = extide
[2024-09-21 10:20:10.141]:             child = harness
[2024-09-21 10:20:10.142]:             child = ide
[2024-09-21 10:20:10.142]:             child = LICENSE
[2024-09-21 10:20:10.142]:             child = licenses
[2024-09-21 10:20:10.142]:             child = nb
[2024-09-21 10:20:10.143]:         creating the desktop shortcut for NetBeans IDE
[2024-09-21 10:20:10.143]:             ... current user is an administrator -- creating the shortcut for all users
[2024-09-21 10:20:10.235]:         ... done
[2024-09-21 10:20:10.235]:         creating the start menu shortcut for NetBeans IDE
[2024-09-21 10:20:10.235]:             ... current user is an administrator -- creating the shortcut for all users
[2024-09-21 10:20:10.244]:         ... done
[2024-09-21 10:20:10.246]:         ... loading registry from resource:data/registry.xml
[2024-09-21 10:20:10.268]:         entering -- org.netbeans.installer.product.Registry.loadProductRegistry():981
[2024-09-21 10:20:10.268]:         validating previous installations
[2024-09-21 10:20:10.268]:         ... validating installations finished
[2024-09-21 10:20:10.268]:         exiting -- org.netbeans.installer.product.Registry.loadProductRegistry():981
[2024-09-21 10:20:10.270]:             child = bin
[2024-09-21 10:20:10.270]:             child = cpplite
[2024-09-21 10:20:10.270]:             child = DEPENDENCIES
[2024-09-21 10:20:10.270]:             child = etc
[2024-09-21 10:20:10.270]:             child = extide
[2024-09-21 10:20:10.270]:             child = harness
[2024-09-21 10:20:10.271]:             child = ide
[2024-09-21 10:20:10.271]:             child = LICENSE
[2024-09-21 10:20:10.271]:             child = licenses
[2024-09-21 10:20:10.271]:             child = nb
[2024-09-21 10:20:10.271]:         ... register in system, create uninstaller, etc
[2024-09-21 10:20:10.271]:         NameResolver - to parse C:\Program Files\NetBeans-16
[2024-09-21 10:20:10.272]:         NameResolver - to parse C:\Program Files\NetBeans-16
[2024-09-21 10:20:10.273]:         NameResolver - to parse C:\Program Files\NetBeans-16
[2024-09-21 10:20:10.273]:         creating uninstaller...
[2024-09-21 10:20:10.273]:         cache engine data locally to run uninstall in the future
[2024-09-21 10:20:10.273]:             NBI Engine URL for Installer.Class = jar:file:/C:/Users/monal/AppData/Local/Temp/NBI82164.tmp/bundle.jar!/org/netbeans/installer/Installer.class
[2024-09-21 10:20:10.273]:             URL Path = file:/C:/Users/monal/AppData/Local/Temp/NBI82164.tmp/bundle.jar!/org/netbeans/installer/Installer.class
[2024-09-21 10:20:10.273]:             ... running engine as a .jar file
[2024-09-21 10:20:10.273]:             ... classloader says that jar file is on the disk
[2024-09-21 10:20:10.275]:             ... checking if it runs from cached engine
[2024-09-21 10:20:10.275]:             ... false
[2024-09-21 10:20:10.275]:             ... starting copying engine content to the new jar file
[2024-09-21 10:20:10.296]:             ... total entries : 531
[2024-09-21 10:20:10.559]:             ... adding content list and some other stuff
[2024-09-21 10:20:10.799]:             Installer Engine has been cached to C:\Program Files\NetBeans-16\uninstall.jar
[2024-09-21 10:20:10.799]:         ... finished caching engine data
[2024-09-21 10:20:10.800]:         Create native launcher for windows-x64
[2024-09-21 10:20:10.802]:             Checking EXE launcher parameters...
[2024-09-21 10:20:10.802]:             Checking bundled jars...
[2024-09-21 10:20:10.802]:             Checking JVMs...
[2024-09-21 10:20:10.802]:             Checking output file name...
[2024-09-21 10:20:10.802]:             ... output is defined, adding extension
[2024-09-21 10:20:10.802]:             ... out file : C:\Program Files\NetBeans-16\uninstall.exe
[2024-09-21 10:20:10.802]:             Check i18n...
[2024-09-21 10:20:10.802]:             ... i18n properties were not set. using default from resources
[2024-09-21 10:20:10.802]:             ... loading i18n properties using prefix "native/launcher/windows/i18n/" with base name "launcher"
[2024-09-21 10:20:10.803]:             ... total engine resources: 531
[2024-09-21 10:20:10.803]:             ... total i18n resources: 1
[2024-09-21 10:20:10.804]:             Checking main class...
[2024-09-21 10:20:10.805]:             Checking testJVM file...
[2024-09-21 10:20:10.805]:             Checking testJVM class...
[2024-09-21 10:20:10.805]:             Checking compatible java properties...
[2024-09-21 10:20:11.488]:             Adding i18n...
[2024-09-21 10:20:11.490]:             JVM Arguments: -Xmx256m -Xms64m -Dnbi.local.directory.path=C:\Users\monal\.nbi
[2024-09-21 10:20:11.490]:             App Arguments: --target nb-all 16.0.0.221119.0 --force-uninstall
[2024-09-21 10:20:11.490]:             Main Class : org.netbeans.installer.Installer
[2024-09-21 10:20:11.490]:             TestJVM Class : TestJDK
[2024-09-21 10:20:11.490]:             Total compatible java properties : 1
[2024-09-21 10:20:11.490]:                 ... adding compatible jvm [0] : <min version=1.8.0.0.0>
[2024-09-21 10:20:11.491]:             Adding JVM external locations and bundled files
[2024-09-21 10:20:11.491]:             ... overall number of files : 1
[2024-09-21 10:20:11.491]:                 adding file C:\Program Files\Java\jdk-11
[2024-09-21 10:20:11.491]:             Adding bundled and external jars
[2024-09-21 10:20:11.491]:             ... overall number of files : 1
[2024-09-21 10:20:11.491]:                 adding file C:\Program Files\NetBeans-16\uninstall.jar
[2024-09-21 10:20:11.494]:             Adding other resources
[2024-09-21 10:20:11.494]:             ... overall number of files : 0
[2024-09-21 10:20:11.494]:         [launcher] Time : 0.692 seconds
[2024-09-21 10:20:11.494]:         deleting file: C:\Program Files\NetBeans-16\uninstall.jar
[2024-09-21 10:20:11.494]:         adding new Add or Remove Programs entry with id [nbi-nb-all-16.0.0.221119.0]
[2024-09-21 10:20:11.495]:         Set 'DisplayName' = [Apache NetBeans IDE 16]
[2024-09-21 10:20:11.495]:         Set 'DisplayIcon' = [C:\Program Files\NetBeans-16\netbeans\bin\netbeans.exe]
[2024-09-21 10:20:11.495]:         Set 'InstallLocation' = [C:\Program Files\NetBeans-16]
[2024-09-21 10:20:11.495]:         Set 'NoModify' = [1]
[2024-09-21 10:20:11.495]:         Set 'UninstallString' = ["C:\Program Files\NetBeans-16\uninstall.exe"]
[2024-09-21 10:20:11.496]:         setting 6 values
[2024-09-21 10:20:11.496]:         URLUpdateInfo = https://netbeans.apache.org/downloads/index.html
[2024-09-21 10:20:11.496]:         Type is String. Set REG_SZ value
[2024-09-21 10:20:11.496]:         Readme = C:\Program Files\NetBeans-16\readme.html
[2024-09-21 10:20:11.496]:         Type is String. Set REG_SZ value
[2024-09-21 10:20:11.496]:         URLInfoAbout = https://netbeans.apache.org
[2024-09-21 10:20:11.496]:         Type is String. Set REG_SZ value
[2024-09-21 10:20:11.496]:         HelpLink = https://netbeans.apache.org/help/index.html
[2024-09-21 10:20:11.496]:         Type is String. Set REG_SZ value
[2024-09-21 10:20:11.496]:         Publisher = Apache NetBeans
[2024-09-21 10:20:11.496]:         Type is String. Set REG_SZ value
[2024-09-21 10:20:11.496]:         DisplayVersion = 16
[2024-09-21 10:20:11.496]:         Type is String. Set REG_SZ value
[2024-09-21 10:20:11.496]:         ... save installation files list
[2024-09-21 10:20:11.650]:     ... finished installation of Base IDE(nb-all/16.0.0.221119.0)
[2024-09-21 10:20:11.865]:     NameResolver - to parse Installing {0}...
[2024-09-21 10:20:11.865]:     Start installation of Extended IDE(nb-extide/16.0.0.221119.0)
[2024-09-21 10:20:11.865]:         NameResolver - to parse C:\Program Files\NetBeans-16
[2024-09-21 10:20:11.865]:         NameResolver - to parse C:\Program Files\NetBeans-16
[2024-09-21 10:20:11.866]:         NameResolver - to parse C:\Program Files\NetBeans-16
[2024-09-21 10:20:11.866]:         NameResolver - to parse C:\Program Files\NetBeans-16
[2024-09-21 10:20:11.866]:         ... extracting files from the data archives
[2024-09-21 10:20:11.866]:         NameResolver - to parse C:\Program Files\NetBeans-16
[2024-09-21 10:20:11.870]:         deleting file: C:\Users\monal\AppData\Local\Temp\nbi-6285649004967680486.tmp
[2024-09-21 10:20:11.870]:         extracting C:\Program Files\NetBeans-16\netbeans\websvccommon\update_tracking\org-netbeans-modules-websvc-jaxwsmodelapi.xml
[2024-09-21 10:20:11.873]:         extracting C:\Program Files\NetBeans-16\netbeans\websvccommon\update_tracking\org-netbeans-modules-websvc-saas-codegen.xml
[2024-09-21 10:20:11.874]:         extracting C:\Program Files\NetBeans-16\netbeans\websvccommon\config\Modules\org-netbeans-modules-websvc-jaxwsmodelapi.xml
[2024-09-21 10:20:11.875]:         extracting C:\Program Files\NetBeans-16\netbeans\websvccommon\config\Modules\org-netbeans-modules-websvc-saas-codegen.xml
[2024-09-21 10:20:11.875]:         extracting C:\Program Files\NetBeans-16\netbeans\websvccommon\update_tracking\org-netbeans-modules-websvc-saas-api.xml
[2024-09-21 10:20:11.877]:         extracting C:\Program Files\NetBeans-16\netbeans\websvccommon\update_tracking\org-netbeans-modules-websvc-saas-kit.xml
[2024-09-21 10:20:11.878]:         extracting C:\Program Files\NetBeans-16\netbeans\websvccommon\update_tracking\org-netbeans-modules-websvc-saas-ui.xml
[2024-09-21 10:20:11.878]:         extracting C:\Program Files\NetBeans-16\netbeans\websvccommon\config\Modules\org-netbeans-modules-websvc-saas-api.xml
[2024-09-21 10:20:11.879]:         extracting C:\Program Files\NetBeans-16\netbeans\websvccommon\config\Modules\org-netbeans-modules-websvc-saas-kit.xml
[2024-09-21 10:20:11.880]:         extracting C:\Program Files\NetBeans-16\netbeans\websvccommon\config\Modules\org-netbeans-modules-websvc-saas-ui.xml
[2024-09-21 10:20:11.880]:         extracting C:\Program Files\NetBeans-16\netbeans\websvccommon\modules\org-netbeans-modules-websvc-jaxwsmodelapi.jar
[2024-09-21 10:20:11.885]:         extracting C:\Program Files\NetBeans-16\netbeans\websvccommon\modules\org-netbeans-modules-websvc-saas-codegen.jar
[2024-09-21 10:20:11.889]:         extracting C:\Program Files\NetBeans-16\netbeans\websvccommon\modules\org-netbeans-modules-websvc-saas-kit.jar
[2024-09-21 10:20:11.891]:         extracting C:\Program Files\NetBeans-16\netbeans\websvccommon\modules\org-netbeans-modules-websvc-saas-api.jar
[2024-09-21 10:20:11.894]:         extracting C:\Program Files\NetBeans-16\netbeans\websvccommon\modules\org-netbeans-modules-websvc-saas-ui.jar
[2024-09-21 10:20:11.897]:         extracting C:\Program Files\NetBeans-16\netbeans\websvccommon\modules\ext\build-jaxb.xml
[2024-09-21 10:20:11.898]:         extracting C:\Program Files\NetBeans-16\netbeans\websvccommon\update_tracking
[2024-09-21 10:20:11.898]:         extracting C:\Program Files\NetBeans-16\netbeans\websvccommon\config\Modules
[2024-09-21 10:20:11.898]:         extracting C:\Program Files\NetBeans-16\netbeans\websvccommon\.lastModified
[2024-09-21 10:20:11.899]:         extracting C:\Program Files\NetBeans-16\netbeans\websvccommon\modules\ext
[2024-09-21 10:20:11.899]:         extracting C:\Program Files\NetBeans-16\netbeans\websvccommon\VERSION.txt
[2024-09-21 10:20:11.899]:         extracting C:\Program Files\NetBeans-16\netbeans\websvccommon\modules
[2024-09-21 10:20:11.900]:         extracting C:\Program Files\NetBeans-16\netbeans\websvccommon\config
[2024-09-21 10:20:11.900]:         extracting C:\Program Files\NetBeans-16\netbeans\websvccommon
[2024-09-21 10:20:11.900]:         extracting C:\Program Files\NetBeans-16\netbeans
[2024-09-21 10:20:11.900]:         deleting file: C:\Users\monal\.nbi\tmp\data,1.jar.0
[2024-09-21 10:20:11.901]:         ... saving legal artifacts if required
[2024-09-21 10:20:11.901]:         ... running installation logic
[2024-09-21 10:20:11.901]:         NameResolver - to parse C:\Program Files\NetBeans-16
[2024-09-21 10:20:11.901]:         NameResolver - to parse C:\Program Files\NetBeans-16
[2024-09-21 10:20:11.901]:         Modifying netbeans.conf for NetBeans installed at C:\Program Files\NetBeans-16 by adding cluster "extide"
[2024-09-21 10:20:11.902]:         ... initial list of clusters : 
[2024-09-21 10:20:11.902]:             # Licensed to the Apache Software Foundation (ASF) under one
[2024-09-21 10:20:11.902]:             # or more contributor license agreements.  See the NOTICE file
[2024-09-21 10:20:11.902]:             # distributed with this work for additional information
[2024-09-21 10:20:11.902]:             # regarding copyright ownership.  The ASF licenses this file
[2024-09-21 10:20:11.902]:             # to you under the Apache License, Version 2.0 (the
[2024-09-21 10:20:11.902]:             # "License"); you may not use this file except in compliance
[2024-09-21 10:20:11.902]:             # with the License.  You may obtain a copy of the License at
[2024-09-21 10:20:11.902]:             #
[2024-09-21 10:20:11.902]:             #   http://www.apache.org/licenses/LICENSE-2.0
[2024-09-21 10:20:11.902]:             #
[2024-09-21 10:20:11.902]:             # Unless required by applicable law or agreed to in writing,
[2024-09-21 10:20:11.902]:             # software distributed under the License is distributed on an
[2024-09-21 10:20:11.902]:             # "AS IS" BASIS, WITHOUT WARRANTIES OR CONDITIONS OF ANY
[2024-09-21 10:20:11.902]:             # KIND, either express or implied.  See the License for the
[2024-09-21 10:20:11.902]:             # specific language governing permissions and limitations
[2024-09-21 10:20:11.902]:             # under the License.
[2024-09-21 10:20:11.902]:             
[2024-09-21 10:20:11.902]:             # platform cluster first
[2024-09-21 10:20:11.902]:             platform
[2024-09-21 10:20:11.902]:             # application cluster second
[2024-09-21 10:20:11.902]:             nb
[2024-09-21 10:20:11.902]:             # ergonomics cluster if present
[2024-09-21 10:20:11.902]:             ergonomics
[2024-09-21 10:20:11.902]:             # and now the rest
[2024-09-21 10:20:11.902]:             ide
[2024-09-21 10:20:11.902]:             extide
[2024-09-21 10:20:11.902]:             java
[2024-09-21 10:20:11.902]:             apisupport
[2024-09-21 10:20:11.902]:             webcommon
[2024-09-21 10:20:11.902]:             websvccommon
[2024-09-21 10:20:11.902]:             enterprise
[2024-09-21 10:20:11.902]:             mobility
[2024-09-21 10:20:11.902]:             profiler
[2024-09-21 10:20:11.902]:             python
[2024-09-21 10:20:11.902]:             php
[2024-09-21 10:20:11.911]:             identity
[2024-09-21 10:20:11.911]:             harness
[2024-09-21 10:20:11.911]:             cnd
[2024-09-21 10:20:11.911]:             cndext
[2024-09-21 10:20:11.911]:             cpplite
[2024-09-21 10:20:11.911]:             dlight
[2024-09-21 10:20:11.911]:             groovy
[2024-09-21 10:20:11.911]:             extra
[2024-09-21 10:20:11.911]:             javacard
[2024-09-21 10:20:11.911]:             javafx
[2024-09-21 10:20:11.911]:         ... requested cluster already exist, do nothing
[2024-09-21 10:20:11.911]:         Modifying netbeans.conf for NetBeans installed at C:\Program Files\NetBeans-16 by adding cluster "websvccommon"
[2024-09-21 10:20:11.913]:         ... initial list of clusters : 
[2024-09-21 10:20:11.913]:             # Licensed to the Apache Software Foundation (ASF) under one
[2024-09-21 10:20:11.913]:             # or more contributor license agreements.  See the NOTICE file
[2024-09-21 10:20:11.913]:             # distributed with this work for additional information
[2024-09-21 10:20:11.913]:             # regarding copyright ownership.  The ASF licenses this file
[2024-09-21 10:20:11.913]:             # to you under the Apache License, Version 2.0 (the
[2024-09-21 10:20:11.913]:             # "License"); you may not use this file except in compliance
[2024-09-21 10:20:11.913]:             # with the License.  You may obtain a copy of the License at
[2024-09-21 10:20:11.913]:             #
[2024-09-21 10:20:11.913]:             #   http://www.apache.org/licenses/LICENSE-2.0
[2024-09-21 10:20:11.913]:             #
[2024-09-21 10:20:11.913]:             # Unless required by applicable law or agreed to in writing,
[2024-09-21 10:20:11.913]:             # software distributed under the License is distributed on an
[2024-09-21 10:20:11.913]:             # "AS IS" BASIS, WITHOUT WARRANTIES OR CONDITIONS OF ANY
[2024-09-21 10:20:11.913]:             # KIND, either express or implied.  See the License for the
[2024-09-21 10:20:11.913]:             # specific language governing permissions and limitations
[2024-09-21 10:20:11.913]:             # under the License.
[2024-09-21 10:20:11.913]:             
[2024-09-21 10:20:11.913]:             # platform cluster first
[2024-09-21 10:20:11.913]:             platform
[2024-09-21 10:20:11.913]:             # application cluster second
[2024-09-21 10:20:11.913]:             nb
[2024-09-21 10:20:11.913]:             # ergonomics cluster if present
[2024-09-21 10:20:11.913]:             ergonomics
[2024-09-21 10:20:11.914]:             # and now the rest
[2024-09-21 10:20:11.914]:             ide
[2024-09-21 10:20:11.914]:             extide
[2024-09-21 10:20:11.914]:             java
[2024-09-21 10:20:11.914]:             apisupport
[2024-09-21 10:20:11.914]:             webcommon
[2024-09-21 10:20:11.914]:             websvccommon
[2024-09-21 10:20:11.914]:             enterprise
[2024-09-21 10:20:11.914]:             mobility
[2024-09-21 10:20:11.914]:             profiler
[2024-09-21 10:20:11.914]:             python
[2024-09-21 10:20:11.914]:             php
[2024-09-21 10:20:11.914]:             identity
[2024-09-21 10:20:11.914]:             harness
[2024-09-21 10:20:11.914]:             cnd
[2024-09-21 10:20:11.914]:             cndext
[2024-09-21 10:20:11.914]:             cpplite
[2024-09-21 10:20:11.914]:             dlight
[2024-09-21 10:20:11.914]:             groovy
[2024-09-21 10:20:11.914]:             extra
[2024-09-21 10:20:11.914]:             javacard
[2024-09-21 10:20:11.914]:             javafx
[2024-09-21 10:20:11.914]:         ... requested cluster already exist, do nothing
[2024-09-21 10:20:11.915]:             child = bin
[2024-09-21 10:20:11.915]:             child = cpplite
[2024-09-21 10:20:11.915]:             child = DEPENDENCIES
[2024-09-21 10:20:11.915]:             child = etc
[2024-09-21 10:20:11.915]:             child = extide
[2024-09-21 10:20:11.915]:             child = harness
[2024-09-21 10:20:11.915]:             child = ide
[2024-09-21 10:20:11.927]:             child = LICENSE
[2024-09-21 10:20:11.927]:             child = licenses
[2024-09-21 10:20:11.927]:             child = nb
[2024-09-21 10:20:11.928]:         ... register in system, create uninstaller, etc
[2024-09-21 10:20:11.928]:         ... save installation files list
[2024-09-21 10:20:11.933]:     ... finished installation of Extended IDE(nb-extide/16.0.0.221119.0)
[2024-09-21 10:20:12.145]:     NameResolver - to parse Installing {0}...
[2024-09-21 10:20:12.145]:     Start installation of HTML5/JavaScript(nb-webcommon/16.0.0.221119.0)
[2024-09-21 10:20:12.145]:         NameResolver - to parse C:\Program Files\NetBeans-16
[2024-09-21 10:20:12.145]:         NameResolver - to parse C:\Program Files\NetBeans-16
[2024-09-21 10:20:12.147]:         NameResolver - to parse C:\Program Files\NetBeans-16
[2024-09-21 10:20:12.147]:         NameResolver - to parse C:\Program Files\NetBeans-16
[2024-09-21 10:20:12.147]:         ... extracting files from the data archives
[2024-09-21 10:20:12.147]:         NameResolver - to parse C:\Program Files\NetBeans-16
[2024-09-21 10:20:12.157]:         deleting file: C:\Users\monal\AppData\Local\Temp\nbi-10419249493042966991.tmp
[2024-09-21 10:20:12.158]:         extracting C:\Program Files\NetBeans-16\netbeans\webcommon\typescript-lsp\node_modules\typescript\loc\lcl\ESN\TypeScriptLanguageService\Microsoft.CodeAnalysis.TypeScript.EditorFeatures.dll.lcl
[2024-09-21 10:20:12.163]:         extracting C:\Program Files\NetBeans-16\netbeans\webcommon\typescript-lsp\node_modules\typescript\loc\lcl\DEU\TypeScriptLanguageService\Microsoft.CodeAnalysis.TypeScript.EditorFeatures.dll.lcl
[2024-09-21 10:20:12.165]:         extracting C:\Program Files\NetBeans-16\netbeans\webcommon\typescript-lsp\node_modules\typescript\loc\lcl\RUS\TypeScriptLanguageService\Microsoft.CodeAnalysis.TypeScript.EditorFeatures.dll.lcl
[2024-09-21 10:20:12.166]:         extracting C:\Program Files\NetBeans-16\netbeans\webcommon\typescript-lsp\node_modules\typescript\loc\lcl\CSY\TypeScriptLanguageService\Microsoft.CodeAnalysis.TypeScript.EditorFeatures.dll.lcl
[2024-09-21 10:20:12.168]:         extracting C:\Program Files\NetBeans-16\netbeans\webcommon\typescript-lsp\node_modules\typescript\loc\lcl\TRK\TypeScriptLanguageService\Microsoft.CodeAnalysis.TypeScript.EditorFeatures.dll.lcl
[2024-09-21 10:20:12.169]:         extracting C:\Program Files\NetBeans-16\netbeans\webcommon\typescript-lsp\node_modules\typescript\loc\lcl\CHT\TypeScriptLanguageService\Microsoft.CodeAnalysis.TypeScript.EditorFeatures.dll.lcl
[2024-09-21 10:20:12.171]:         extracting C:\Program Files\NetBeans-16\netbeans\webcommon\typescript-lsp\node_modules\typescript\loc\lcl\PTB\TypeScriptLanguageService\Microsoft.CodeAnalysis.TypeScript.EditorFeatures.dll.lcl
[2024-09-21 10:20:12.174]:         extracting C:\Program Files\NetBeans-16\netbeans\webcommon\typescript-lsp\node_modules\typescript\loc\lcl\ITA\TypeScriptLanguageService\Microsoft.CodeAnalysis.TypeScript.EditorFeatures.dll.lcl
[2024-09-21 10:20:12.175]:         extracting C:\Program Files\NetBeans-16\netbeans\webcommon\typescript-lsp\node_modules\typescript\loc\lcl\CHS\TypeScriptLanguageService\Microsoft.CodeAnalysis.TypeScript.EditorFeatures.dll.lcl
[2024-09-21 10:20:12.177]:         extracting C:\Program Files\NetBeans-16\netbeans\webcommon\typescript-lsp\node_modules\typescript\loc\lcl\KOR\TypeScriptLanguageService\Microsoft.CodeAnalysis.TypeScript.EditorFeatures.dll.lcl
[2024-09-21 10:20:12.180]:         extracting C:\Program Files\NetBeans-16\netbeans\webcommon\typescript-lsp\node_modules\typescript\loc\lcl\PLK\TypeScriptLanguageService\Microsoft.CodeAnalysis.TypeScript.EditorFeatures.dll.lcl
[2024-09-21 10:20:12.182]:         extracting C:\Program Files\NetBeans-16\netbeans\webcommon\typescript-lsp\node_modules\typescript\loc\lcl\JPN\TypeScriptLanguageService\Microsoft.CodeAnalysis.TypeScript.EditorFeatures.dll.lcl
[2024-09-21 10:20:12.183]:         extracting C:\Program Files\NetBeans-16\netbeans\webcommon\typescript-lsp\node_modules\typescript\loc\lcl\FRA\TypeScriptLanguageService\Microsoft.CodeAnalysis.TypeScript.EditorFeatures.dll.lcl
[2024-09-21 10:20:12.185]:         extracting C:\Program Files\NetBeans-16\netbeans\webcommon\typescript-lsp\node_modules\typescript\loc\lcl\ESN\TypeScriptDebugEngine\TypeScriptDebugEngine.dll.lcl
[2024-09-21 10:20:12.187]:         extracting C:\Program Files\NetBeans-16\netbeans\webcommon\typescript-lsp\node_modules\typescript\loc\lcl\DEU\TypeScriptDebugEngine\TypeScriptDebugEngine.dll.lcl
[2024-09-21 10:20:12.188]:         extracting C:\Program Files\NetBeans-16\netbeans\webcommon\typescript-lsp\node_modules\typescript\loc\lcl\RUS\TypeScriptDebugEngine\TypeScriptDebugEngine.dll.lcl
[2024-09-21 10:20:12.189]:         extracting C:\Program Files\NetBeans-16\netbeans\webcommon\typescript-lsp\node_modules\typescript\loc\lcl\CSY\TypeScriptDebugEngine\TypeScriptDebugEngine.dll.lcl
[2024-09-21 10:20:12.191]:         extracting C:\Program Files\NetBeans-16\netbeans\webcommon\typescript-lsp\node_modules\typescript\loc\lcl\TRK\TypeScriptDebugEngine\TypeScriptDebugEngine.dll.lcl
[2024-09-21 10:20:12.191]:         extracting C:\Program Files\NetBeans-16\netbeans\webcommon\typescript-lsp\node_modules\typescript\loc\lcl\CHT\TypeScriptDebugEngine\TypeScriptDebugEngine.dll.lcl
[2024-09-21 10:20:12.192]:         extracting C:\Program Files\NetBeans-16\netbeans\webcommon\typescript-lsp\node_modules\typescript\loc\lcl\PTB\TypeScriptDebugEngine\TypeScriptDebugEngine.dll.lcl
[2024-09-21 10:20:12.193]:         extracting C:\Program Files\NetBeans-16\netbeans\webcommon\typescript-lsp\node_modules\typescript\loc\lcl\ITA\TypeScriptDebugEngine\TypeScriptDebugEngine.dll.lcl
[2024-09-21 10:20:12.194]:         extracting C:\Program Files\NetBeans-16\netbeans\webcommon\typescript-lsp\node_modules\typescript\loc\lcl\CHS\TypeScriptDebugEngine\TypeScriptDebugEngine.dll.lcl
[2024-09-21 10:20:12.196]:         extracting C:\Program Files\NetBeans-16\netbeans\webcommon\typescript-lsp\node_modules\typescript\loc\lcl\KOR\TypeScriptDebugEngine\TypeScriptDebugEngine.dll.lcl
[2024-09-21 10:20:12.197]:         extracting C:\Program Files\NetBeans-16\netbeans\webcommon\typescript-lsp\node_modules\typescript\loc\lcl\PLK\TypeScriptDebugEngine\TypeScriptDebugEngine.dll.lcl
[2024-09-21 10:20:12.198]:         extracting C:\Program Files\NetBeans-16\netbeans\webcommon\typescript-lsp\node_modules\typescript\loc\lcl\JPN\TypeScriptDebugEngine\TypeScriptDebugEngine.dll.lcl
[2024-09-21 10:20:12.199]:         extracting C:\Program Files\NetBeans-16\netbeans\webcommon\typescript-lsp\node_modules\typescript\loc\lcl\FRA\TypeScriptDebugEngine\TypeScriptDebugEngine.dll.lcl
[2024-09-21 10:20:12.200]:         extracting C:\Program Files\NetBeans-16\netbeans\webcommon\typescript-lsp\node_modules\vscode-languageserver-protocol\lib\common\protocol.linkedEditingRange.d.ts
[2024-09-21 10:20:12.202]:         extracting C:\Program Files\NetBeans-16\netbeans\webcommon\typescript-lsp\node_modules\vscode-languageserver-protocol\lib\common\protocol.linkedEditingRange.js
[2024-09-21 10:20:12.203]:         extracting C:\Program Files\NetBeans-16\netbeans\webcommon\typescript-lsp\node_modules\vscode-languageserver-protocol\lib\common\protocol.workspaceFolders.d.ts
[2024-09-21 10:20:12.205]:         extracting C:\Program Files\NetBeans-16\netbeans\webcommon\typescript-lsp\node_modules\vscode-languageserver-protocol\lib\common\protocol.implementation.d.ts
[2024-09-21 10:20:12.205]:         extracting C:\Program Files\NetBeans-16\netbeans\webcommon\typescript-lsp\node_modules\vscode-languageserver-protocol\lib\common\protocol.semanticTokens.d.ts
[2024-09-21 10:20:12.206]:         extracting C:\Program Files\NetBeans-16\netbeans\webcommon\typescript-lsp\node_modules\vscode-languageserver-protocol\lib\common\protocol.selectionRange.d.ts
[2024-09-21 10:20:12.207]:         extracting C:\Program Files\NetBeans-16\netbeans\webcommon\typescript-lsp\node_modules\vscode-languageserver-protocol\lib\common\protocol.fileOperations.d.ts
[2024-09-21 10:20:12.208]:         extracting C:\Program Files\NetBeans-16\netbeans\webcommon\typescript-lsp\node_modules\vscode-languageserver-protocol\lib\common\protocol.typeDefinition.d.ts
[2024-09-21 10:20:12.209]:         extracting C:\Program Files\NetBeans-16\netbeans\webcommon\typescript-lsp\node_modules\vscode-languageserver-protocol\lib\common\protocol.workspaceFolders.js
[2024-09-21 10:20:12.210]:         extracting C:\Program Files\NetBeans-16\netbeans\webcommon\typescript-lsp\node_modules\vscode-languageserver-protocol\lib\common\protocol.colorProvider.d.ts
[2024-09-21 10:20:12.211]:         extracting C:\Program Files\NetBeans-16\netbeans\webcommon\typescript-lsp\node_modules\vscode-languageserver-protocol\lib\common\protocol.configuration.d.ts
[2024-09-21 10:20:12.212]:         extracting C:\Program Files\NetBeans-16\netbeans\webcommon\typescript-lsp\node_modules\vscode-languageserver-protocol\lib\common\protocol.callHierarchy.d.ts
[2024-09-21 10:20:12.213]:         extracting C:\Program Files\NetBeans-16\netbeans\webcommon\typescript-lsp\node_modules\vscode-languageserver-protocol\lib\common\protocol.fileOperations.js
[2024-09-21 10:20:12.214]:         extracting C:\Program Files\NetBeans-16\netbeans\webcommon\typescript-lsp\node_modules\vscode-languageserver-protocol\lib\common\protocol.selectionRange.js
[2024-09-21 10:20:12.214]:         extracting C:\Program Files\NetBeans-16\netbeans\webcommon\typescript-lsp\node_modules\vscode-languageserver-protocol\lib\common\protocol.implementation.js
[2024-09-21 10:20:12.215]:         extracting C:\Program Files\NetBeans-16\netbeans\webcommon\typescript-lsp\node_modules\vscode-languageserver-protocol\lib\common\protocol.showDocument.d.ts
[2024-09-21 10:20:12.216]:         extracting C:\Program Files\NetBeans-16\netbeans\webcommon\typescript-lsp\node_modules\vscode-languageserver-protocol\lib\common\protocol.typeDefinition.js
[2024-09-21 10:20:12.217]:         extracting C:\Program Files\NetBeans-16\netbeans\webcommon\typescript-lsp\node_modules\vscode-languageserver-protocol\lib\common\protocol.foldingRange.d.ts
[2024-09-21 10:20:12.217]:         extracting C:\Program Files\NetBeans-16\netbeans\webcommon\typescript-lsp\node_modules\vscode-languageserver-protocol\lib\common\protocol.semanticTokens.js
[2024-09-21 10:20:12.219]:         extracting C:\Program Files\NetBeans-16\netbeans\webcommon\typescript-lsp\node_modules\typescript-language-server\lib\lsp-protocol.calls.proposed.d.ts.map
[2024-09-21 10:20:12.221]:         extracting C:\Program Files\NetBeans-16\netbeans\webcommon\typescript-lsp\node_modules\typescript\loc\lcl\ESN\Targets\TypeScriptProjectProperties.xaml.lcl
[2024-09-21 10:20:12.222]:         extracting C:\Program Files\NetBeans-16\netbeans\webcommon\typescript-lsp\node_modules\typescript\loc\lcl\DEU\Targets\TypeScriptProjectProperties.xaml.lcl
[2024-09-21 10:20:12.223]:         extracting C:\Program Files\NetBeans-16\netbeans\webcommon\typescript-lsp\node_modules\typescript\loc\lcl\RUS\Targets\TypeScriptProjectProperties.xaml.lcl
[2024-09-21 10:20:12.225]:         extracting C:\Program Files\NetBeans-16\netbeans\webcommon\typescript-lsp\node_modules\typescript\loc\lcl\CSY\Targets\TypeScriptProjectProperties.xaml.lcl
[2024-09-21 10:20:12.226]:         extracting C:\Program Files\NetBeans-16\netbeans\webcommon\typescript-lsp\node_modules\typescript\loc\lcl\TRK\Targets\TypeScriptProjectProperties.xaml.lcl
[2024-09-21 10:20:12.227]:         extracting C:\Program Files\NetBeans-16\netbeans\webcommon\typescript-lsp\node_modules\typescript\loc\lcl\CHT\Targets\TypeScriptProjectProperties.xaml.lcl
[2024-09-21 10:20:12.229]:         extracting C:\Program Files\NetBeans-16\netbeans\webcommon\typescript-lsp\node_modules\typescript\loc\lcl\PTB\Targets\TypeScriptProjectProperties.xaml.lcl
[2024-09-21 10:20:12.230]:         extracting C:\Program Files\NetBeans-16\netbeans\webcommon\typescript-lsp\node_modules\typescript\loc\lcl\ITA\Targets\TypeScriptProjectProperties.xaml.lcl
[2024-09-21 10:20:12.231]:         extracting C:\Program Files\NetBeans-16\netbeans\webcommon\typescript-lsp\node_modules\typescript\loc\lcl\CHS\Targets\TypeScriptProjectProperties.xaml.lcl
[2024-09-21 10:20:12.232]:         extracting C:\Program Files\NetBeans-16\netbeans\webcommon\typescript-lsp\node_modules\typescript\loc\lcl\KOR\Targets\TypeScriptProjectProperties.xaml.lcl
[2024-09-21 10:20:12.233]:         extracting C:\Program Files\NetBeans-16\netbeans\webcommon\typescript-lsp\node_modules\typescript\loc\lcl\PLK\Targets\TypeScriptProjectProperties.xaml.lcl
[2024-09-21 10:20:12.234]:         extracting C:\Program Files\NetBeans-16\netbeans\webcommon\typescript-lsp\node_modules\typescript\loc\lcl\JPN\Targets\TypeScriptProjectProperties.xaml.lcl
[2024-09-21 10:20:12.235]:         extracting C:\Program Files\NetBeans-16\netbeans\webcommon\typescript-lsp\node_modules\typescript\loc\lcl\FRA\Targets\TypeScriptProjectProperties.xaml.lcl
[2024-09-21 10:20:12.236]:         extracting C:\Program Files\NetBeans-16\netbeans\webcommon\typescript-lsp\node_modules\vscode-languageserver-protocol\lib\common\protocol.callHierarchy.js
[2024-09-21 10:20:12.237]:         extracting C:\Program Files\NetBeans-16\netbeans\webcommon\typescript-lsp\node_modules\vscode-languageserver-protocol\lib\common\protocol.colorProvider.js
[2024-09-21 10:20:12.238]:         extracting C:\Program Files\NetBeans-16\netbeans\webcommon\typescript-lsp\node_modules\vscode-languageserver-protocol\lib\common\protocol.declaration.d.ts
[2024-09-21 10:20:12.239]:         extracting C:\Program Files\NetBeans-16\netbeans\webcommon\typescript-lsp\node_modules\vscode-languageserver-protocol\lib\common\protocol.configuration.js
[2024-09-21 10:20:12.239]:         extracting C:\Program Files\NetBeans-16\netbeans\webcommon\typescript-lsp\node_modules\vscode-languageserver-protocol\lib\common\protocol.showDocument.js
[2024-09-21 10:20:12.241]:         extracting C:\Program Files\NetBeans-16\netbeans\webcommon\typescript-lsp\node_modules\vscode-languageserver-protocol\lib\common\protocol.foldingRange.js
[2024-09-21 10:20:12.242]:         extracting C:\Program Files\NetBeans-16\netbeans\webcommon\typescript-lsp\node_modules\typescript-language-server\lib\lsp-protocol.calls.proposed.js.map
[2024-09-21 10:20:12.242]:         extracting C:\Program Files\NetBeans-16\netbeans\webcommon\typescript-lsp\node_modules\vscode-languageserver-protocol\lib\common\protocol.declaration.js
[2024-09-21 10:20:12.243]:         extracting C:\Program Files\NetBeans-16\netbeans\webcommon\typescript-lsp\node_modules\vscode-languageserver-protocol\lib\common\protocol.progress.d.ts
[2024-09-21 10:20:12.244]:         extracting C:\Program Files\NetBeans-16\netbeans\webcommon\typescript-lsp\node_modules\typescript-language-server\lib\lsp-protocol.calls.proposed.d.ts
[2024-09-21 10:20:12.245]:         extracting C:\Program Files\NetBeans-16\netbeans\webcommon\typescript-lsp\node_modules\typescript\loc\lcl\ESN\TypeScriptTasks\TypeScript.Tasks.dll.lcl
[2024-09-21 10:20:12.246]:         extracting C:\Program Files\NetBeans-16\netbeans\webcommon\typescript-lsp\node_modules\typescript\loc\lcl\DEU\TypeScriptTasks\TypeScript.Tasks.dll.lcl
[2024-09-21 10:20:12.249]:         extracting C:\Program Files\NetBeans-16\netbeans\webcommon\typescript-lsp\node_modules\typescript\loc\lcl\RUS\TypeScriptTasks\TypeScript.Tasks.dll.lcl
[2024-09-21 10:20:12.250]:         extracting C:\Program Files\NetBeans-16\netbeans\webcommon\typescript-lsp\node_modules\typescript\loc\lcl\CSY\TypeScriptTasks\TypeScript.Tasks.dll.lcl
[2024-09-21 10:20:12.251]:         extracting C:\Program Files\NetBeans-16\netbeans\webcommon\typescript-lsp\node_modules\typescript\loc\lcl\TRK\TypeScriptTasks\TypeScript.Tasks.dll.lcl
[2024-09-21 10:20:12.252]:         extracting C:\Program Files\NetBeans-16\netbeans\webcommon\typescript-lsp\node_modules\typescript\loc\lcl\CHT\TypeScriptTasks\TypeScript.Tasks.dll.lcl
[2024-09-21 10:20:12.253]:         extracting C:\Program Files\NetBeans-16\netbeans\webcommon\typescript-lsp\node_modules\typescript\loc\lcl\PTB\TypeScriptTasks\TypeScript.Tasks.dll.lcl
[2024-09-21 10:20:12.257]:         extracting C:\Program Files\NetBeans-16\netbeans\webcommon\typescript-lsp\node_modules\typescript\loc\lcl\ITA\TypeScriptTasks\TypeScript.Tasks.dll.lcl
[2024-09-21 10:20:12.258]:         extracting C:\Program Files\NetBeans-16\netbeans\webcommon\typescript-lsp\node_modules\typescript\loc\lcl\CHS\TypeScriptTasks\TypeScript.Tasks.dll.lcl
[2024-09-21 10:20:12.260]:         extracting C:\Program Files\NetBeans-16\netbeans\webcommon\typescript-lsp\node_modules\typescript\loc\lcl\KOR\TypeScriptTasks\TypeScript.Tasks.dll.lcl
[2024-09-21 10:20:12.261]:         extracting C:\Program Files\NetBeans-16\netbeans\webcommon\typescript-lsp\node_modules\typescript\loc\lcl\PLK\TypeScriptTasks\TypeScript.Tasks.dll.lcl
[2024-09-21 10:20:12.263]:         extracting C:\Program Files\NetBeans-16\netbeans\webcommon\typescript-lsp\node_modules\typescript\loc\lcl\JPN\TypeScriptTasks\TypeScript.Tasks.dll.lcl
[2024-09-21 10:20:12.264]:         extracting C:\Program Files\NetBeans-16\netbeans\webcommon\typescript-lsp\node_modules\typescript\loc\lcl\FRA\TypeScriptTasks\TypeScript.Tasks.dll.lcl
[2024-09-21 10:20:12.266]:         extracting C:\Program Files\NetBeans-16\netbeans\webcommon\typescript-lsp\node_modules\vscode-languageserver-protocol\lib\common\protocol.moniker.d.ts
[2024-09-21 10:20:12.267]:         extracting C:\Program Files\NetBeans-16\netbeans\webcommon\typescript-lsp\node_modules\vscode-languageserver-protocol\lib\common\protocol.progress.js
[2024-09-21 10:20:12.267]:         extracting C:\Program Files\NetBeans-16\netbeans\webcommon\typescript-lsp\node_modules\typescript-language-server\lib\modules-resolver.spec.d.ts.map
[2024-09-21 10:20:12.269]:         extracting C:\Program Files\NetBeans-16\netbeans\webcommon\typescript-lsp\node_modules\typescript-language-server\lib\lsp-protocol.calls.proposed.js
[2024-09-21 10:20:12.270]:         extracting C:\Program Files\NetBeans-16\netbeans\webcommon\typescript-lsp\node_modules\vscode-languageserver-protocol\lib\common\protocol.moniker.js
[2024-09-21 10:20:12.270]:         extracting C:\Program Files\NetBeans-16\netbeans\webcommon\typescript-lsp\node_modules\typescript-language-server\lib\protocol-translation.d.ts.map
[2024-09-21 10:20:12.271]:         extracting C:\Program Files\NetBeans-16\netbeans\webcommon\typescript-lsp\node_modules\typescript-language-server\lib\file-lsp-server.spec.d.ts.map
[2024-09-21 10:20:12.272]:         extracting C:\Program Files\NetBeans-16\netbeans\webcommon\typescript-lsp\node_modules\typescript-language-server\lib\modules-resolver.spec.js.map
[2024-09-21 10:20:12.272]:         extracting C:\Program Files\NetBeans-16\netbeans\webcommon\typescript-lsp\node_modules\typescript-language-server\lib\protocol-translation.js.map
[2024-09-21 10:20:12.273]:         extracting C:\Program Files\NetBeans-16\netbeans\webcommon\typescript-lsp\node_modules\typescript-language-server\lib\file-lsp-server.spec.js.map
[2024-09-21 10:20:12.273]:         extracting C:\Program Files\NetBeans-16\netbeans\webcommon\typescript-lsp\node_modules\typescript\loc\lcl\ESN\Targets\ProjectItemsSchema.xaml.lcl
[2024-09-21 10:20:12.275]:         extracting C:\Program Files\NetBeans-16\netbeans\webcommon\typescript-lsp\node_modules\typescript\loc\lcl\DEU\Targets\ProjectItemsSchema.xaml.lcl
[2024-09-21 10:20:12.276]:         extracting C:\Program Files\NetBeans-16\netbeans\webcommon\typescript-lsp\node_modules\typescript\loc\lcl\RUS\Targets\ProjectItemsSchema.xaml.lcl
[2024-09-21 10:20:12.277]:         extracting C:\Program Files\NetBeans-16\netbeans\webcommon\typescript-lsp\node_modules\typescript\loc\lcl\CSY\Targets\ProjectItemsSchema.xaml.lcl
[2024-09-21 10:20:12.277]:         extracting C:\Program Files\NetBeans-16\netbeans\webcommon\typescript-lsp\node_modules\typescript\loc\lcl\TRK\Targets\ProjectItemsSchema.xaml.lcl
[2024-09-21 10:20:12.278]:         extracting C:\Program Files\NetBeans-16\netbeans\webcommon\typescript-lsp\node_modules\typescript\loc\lcl\CHT\Targets\ProjectItemsSchema.xaml.lcl
[2024-09-21 10:20:12.278]:         extracting C:\Program Files\NetBeans-16\netbeans\webcommon\typescript-lsp\node_modules\typescript\loc\lcl\PTB\Targets\ProjectItemsSchema.xaml.lcl
[2024-09-21 10:20:12.280]:         extracting C:\Program Files\NetBeans-16\netbeans\webcommon\typescript-lsp\node_modules\typescript\loc\lcl\ITA\Targets\ProjectItemsSchema.xaml.lcl
[2024-09-21 10:20:12.280]:         extracting C:\Program Files\NetBeans-16\netbeans\webcommon\typescript-lsp\node_modules\typescript\loc\lcl\CHS\Targets\ProjectItemsSchema.xaml.lcl
[2024-09-21 10:20:12.281]:         extracting C:\Program Files\NetBeans-16\netbeans\webcommon\typescript-lsp\node_modules\typescript\loc\lcl\KOR\Targets\ProjectItemsSchema.xaml.lcl
[2024-09-21 10:20:12.281]:         extracting C:\Program Files\NetBeans-16\netbeans\webcommon\typescript-lsp\node_modules\typescript\loc\lcl\PLK\Targets\ProjectItemsSchema.xaml.lcl
[2024-09-21 10:20:12.282]:         extracting C:\Program Files\NetBeans-16\netbeans\webcommon\typescript-lsp\node_modules\typescript\loc\lcl\JPN\Targets\ProjectItemsSchema.xaml.lcl
[2024-09-21 10:20:12.283]:         extracting C:\Program Files\NetBeans-16\netbeans\webcommon\typescript-lsp\node_modules\typescript\loc\lcl\FRA\Targets\ProjectItemsSchema.xaml.lcl
[2024-09-21 10:20:12.283]:         extracting C:\Program Files\NetBeans-16\netbeans\webcommon\typescript-lsp\node_modules\typescript-language-server\lib\tsp-command-types.d.ts.map
[2024-09-21 10:20:12.284]:         extracting C:\Program Files\NetBeans-16\netbeans\webcommon\typescript-lsp\node_modules\typescript-language-server\lib\modules-resolver.spec.d.ts
[2024-09-21 10:20:12.285]:         extracting C:\Program Files\NetBeans-16\netbeans\webcommon\typescript-lsp\node_modules\typescript\loc\lcl\ESN\Targets\TypeScriptCompile.xaml.lcl
[2024-09-21 10:20:12.286]:         extracting C:\Program Files\NetBeans-16\netbeans\webcommon\typescript-lsp\node_modules\typescript\loc\lcl\DEU\Targets\TypeScriptCompile.xaml.lcl
[2024-09-21 10:20:12.287]:         extracting C:\Program Files\NetBeans-16\netbeans\webcommon\typescript-lsp\node_modules\typescript\loc\lcl\RUS\Targets\TypeScriptCompile.xaml.lcl
[2024-09-21 10:20:12.288]:         extracting C:\Program Files\NetBeans-16\netbeans\webcommon\typescript-lsp\node_modules\typescript\loc\lcl\CSY\Targets\TypeScriptCompile.xaml.lcl
[2024-09-21 10:20:12.288]:         extracting C:\Program Files\NetBeans-16\netbeans\webcommon\typescript-lsp\node_modules\typescript\loc\lcl\TRK\Targets\TypeScriptCompile.xaml.lcl
[2024-09-21 10:20:12.289]:         extracting C:\Program Files\NetBeans-16\netbeans\webcommon\typescript-lsp\node_modules\typescript\loc\lcl\CHT\Targets\TypeScriptCompile.xaml.lcl
[2024-09-21 10:20:12.291]:         extracting C:\Program Files\NetBeans-16\netbeans\webcommon\typescript-lsp\node_modules\typescript\loc\lcl\PTB\Targets\TypeScriptCompile.xaml.lcl
[2024-09-21 10:20:12.291]:         extracting C:\Program Files\NetBeans-16\netbeans\webcommon\typescript-lsp\node_modules\typescript\loc\lcl\ITA\Targets\TypeScriptCompile.xaml.lcl
[2024-09-21 10:20:12.292]:         extracting C:\Program Files\NetBeans-16\netbeans\webcommon\typescript-lsp\node_modules\typescript\loc\lcl\CHS\Targets\TypeScriptCompile.xaml.lcl
[2024-09-21 10:20:12.292]:         extracting C:\Program Files\NetBeans-16\netbeans\webcommon\typescript-lsp\node_modules\typescript\loc\lcl\KOR\Targets\TypeScriptCompile.xaml.lcl
[2024-09-21 10:20:12.294]:         extracting C:\Program Files\NetBeans-16\netbeans\webcommon\typescript-lsp\node_modules\typescript\loc\lcl\PLK\Targets\TypeScriptCompile.xaml.lcl
[2024-09-21 10:20:12.294]:         extracting C:\Program Files\NetBeans-16\netbeans\webcommon\typescript-lsp\node_modules\typescript\loc\lcl\JPN\Targets\TypeScriptCompile.xaml.lcl
[2024-09-21 10:20:12.295]:         extracting C:\Program Files\NetBeans-16\netbeans\webcommon\typescript-lsp\node_modules\typescript\loc\lcl\FRA\Targets\TypeScriptCompile.xaml.lcl
[2024-09-21 10:20:12.296]:         extracting C:\Program Files\NetBeans-16\netbeans\webcommon\typescript-lsp\node_modules\vscode-languageserver-protocol\lib\common\connection.d.ts
[2024-09-21 10:20:12.297]:         extracting C:\Program Files\NetBeans-16\netbeans\webcommon\typescript-lsp\node_modules\typescript-language-server\lib\protocol-translation.d.ts
[2024-09-21 10:20:12.297]:         extracting C:\Program Files\NetBeans-16\netbeans\webcommon\typescript-lsp\node_modules\typescript-language-server\lib\file-lsp-server.spec.d.ts
[2024-09-21 10:20:12.298]:         extracting C:\Program Files\NetBeans-16\netbeans\webcommon\typescript-lsp\node_modules\typescript-language-server\lib\modules-resolver.d.ts.map
[2024-09-21 10:20:12.298]:         extracting C:\Program Files\NetBeans-16\netbeans\webcommon\typescript-lsp\node_modules\typescript-language-server\lib\diagnostic-queue.d.ts.map
[2024-09-21 10:20:12.300]:         extracting C:\Program Files\NetBeans-16\netbeans\webcommon\typescript-lsp\node_modules\typescript-language-server\lib\organize-imports.d.ts.map
[2024-09-21 10:20:12.300]:         extracting C:\Program Files\NetBeans-16\netbeans\webcommon\typescript-lsp\node_modules\typescript-language-server\lib\lsp-server.spec.d.ts.map
[2024-09-21 10:20:12.302]:         extracting C:\Program Files\NetBeans-16\netbeans\webcommon\typescript-lsp\node_modules\typescript-language-server\lib\modules-resolver.spec.js
[2024-09-21 10:20:12.303]:         extracting C:\Program Files\NetBeans-16\netbeans\webcommon\typescript-lsp\node_modules\typescript-language-server\lib\tsp-client.spec.d.ts.map
[2024-09-21 10:20:12.304]:         extracting C:\Program Files\NetBeans-16\netbeans\webcommon\typescript-lsp\node_modules\typescript-language-server\lib\tsp-command-types.js.map
[2024-09-21 10:20:12.304]:         extracting C:\Program Files\NetBeans-16\netbeans\webcommon\typescript-lsp\node_modules\typescript-language-server\lib\document-symbol.d.ts.map
[2024-09-21 10:20:12.305]:         extracting C:\Program Files\NetBeans-16\netbeans\webcommon\typescript-lsp\node_modules\vscode-languageserver-protocol\lib\common\connection.js
[2024-09-21 10:20:12.306]:         extracting C:\Program Files\NetBeans-16\netbeans\webcommon\typescript-lsp\node_modules\vscode-languageserver-protocol\lib\common\messages.d.ts
[2024-09-21 10:20:12.307]:         extracting C:\Program Files\NetBeans-16\netbeans\webcommon\typescript-lsp\node_modules\vscode-languageserver-protocol\lib\common\utils\is.d.ts
[2024-09-21 10:20:12.308]:         extracting C:\Program Files\NetBeans-16\netbeans\webcommon\typescript-lsp\node_modules\vscode-languageserver-protocol\lib\common\protocol.d.ts
[2024-09-21 10:20:12.309]:         extracting C:\Program Files\NetBeans-16\netbeans\webcommon\typescript-lsp\node_modules\typescript-language-server\lib\diagnostic-queue.js.map
[2024-09-21 10:20:12.310]:         extracting C:\Program Files\NetBeans-16\netbeans\webcommon\typescript-lsp\node_modules\typescript-language-server\lib\modules-resolver.js.map
[2024-09-21 10:20:12.311]:         extracting C:\Program Files\NetBeans-16\netbeans\webcommon\typescript-lsp\node_modules\typescript-language-server\lib\lsp-connection.d.ts.map
[2024-09-21 10:20:12.312]:         extracting C:\Program Files\NetBeans-16\netbeans\webcommon\typescript-lsp\node_modules\typescript-language-server\lib\organize-imports.js.map
[2024-09-21 10:20:12.312]:         extracting C:\Program Files\NetBeans-16\netbeans\webcommon\typescript-lsp\node_modules\typescript-language-server\lib\protocol-translation.js
[2024-09-21 10:20:12.314]:         extracting C:\Program Files\NetBeans-16\netbeans\webcommon\typescript-lsp\node_modules\typescript-language-server\lib\file-lsp-server.spec.js
[2024-09-21 10:20:12.315]:         extracting C:\Program Files\NetBeans-16\netbeans\webcommon\typescript-lsp\node_modules\typescript\lib\zh-cn\diagnosticMessages.generated.json
[2024-09-21 10:20:12.318]:         extracting C:\Program Files\NetBeans-16\netbeans\webcommon\typescript-lsp\node_modules\typescript\lib\pt-br\diagnosticMessages.generated.json
[2024-09-21 10:20:12.320]:         extracting C:\Program Files\NetBeans-16\netbeans\webcommon\typescript-lsp\node_modules\typescript\lib\zh-tw\diagnosticMessages.generated.json
[2024-09-21 10:20:12.321]:         extracting C:\Program Files\NetBeans-16\netbeans\webcommon\typescript-lsp\node_modules\typescript-language-server\lib\document-symbol.js.map
[2024-09-21 10:20:12.323]:         extracting C:\Program Files\NetBeans-16\netbeans\webcommon\typescript-lsp\node_modules\typescript-language-server\lib\lsp-server.spec.js.map
[2024-09-21 10:20:12.323]:         extracting C:\Program Files\NetBeans-16\netbeans\webcommon\typescript-lsp\node_modules\typescript-language-server\lib\tsp-command-types.d.ts
[2024-09-21 10:20:12.324]:         extracting C:\Program Files\NetBeans-16\netbeans\webcommon\typescript-lsp\node_modules\typescript-language-server\lib\tsp-client.spec.js.map
[2024-09-21 10:20:12.325]:         extracting C:\Program Files\NetBeans-16\netbeans\webcommon\typescript-lsp\node_modules\vscode-languageserver-protocol\lib\common\protocol.js
[2024-09-21 10:20:12.325]:         extracting C:\Program Files\NetBeans-16\netbeans\webcommon\typescript-lsp\node_modules\vscode-languageserver-protocol\lib\common\utils\is.js
[2024-09-21 10:20:12.326]:         extracting C:\Program Files\NetBeans-16\netbeans\webcommon\typescript-lsp\node_modules\vscode-languageserver-protocol\lib\common\messages.js
[2024-09-21 10:20:12.328]:         extracting C:\Program Files\NetBeans-16\netbeans\webcommon\typescript-lsp\node_modules\typescript-language-server\lib\lsp-connection.js.map
[2024-09-21 10:20:12.328]:         extracting C:\Program Files\NetBeans-16\netbeans\webcommon\typescript-lsp\node_modules\typescript-language-server\lib\organize-imports.d.ts
[2024-09-21 10:20:12.329]:         extracting C:\Program Files\NetBeans-16\netbeans\webcommon\typescript-lsp\node_modules\typescript-language-server\lib\modules-resolver.d.ts
[2024-09-21 10:20:12.330]:         extracting C:\Program Files\NetBeans-16\netbeans\webcommon\typescript-lsp\node_modules\typescript-language-server\lib\diagnostic-queue.d.ts
[2024-09-21 10:20:12.330]:         extracting C:\Program Files\NetBeans-16\netbeans\webcommon\typescript-lsp\node_modules\vscode-languageserver-protocol\thirdpartynotices.txt
[2024-09-21 10:20:12.331]:         extracting C:\Program Files\NetBeans-16\netbeans\webcommon\typescript-lsp\node_modules\vscode-languageserver-protocol\lib\browser\main.d.ts
[2024-09-21 10:20:12.333]:         extracting C:\Program Files\NetBeans-16\netbeans\webcommon\typescript-lsp\node_modules\vscode-languageserver\bin\installServerIntoExtension
[2024-09-21 10:20:12.335]:         extracting C:\Program Files\NetBeans-16\netbeans\webcommon\typescript-lsp\node_modules\typescript-language-server\lib\tsp-command-types.js
[2024-09-21 10:20:12.336]:         extracting C:\Program Files\NetBeans-16\netbeans\webcommon\typescript-lsp\node_modules\typescript-language-server\lib\tsp-client.spec.d.ts
[2024-09-21 10:20:12.337]:         extracting C:\Program Files\NetBeans-16\netbeans\webcommon\typescript-lsp\node_modules\typescript-language-server\lib\document-symbol.d.ts
[2024-09-21 10:20:12.338]:         extracting C:\Program Files\NetBeans-16\netbeans\webcommon\typescript-lsp\node_modules\typescript-language-server\lib\ts-protocol.d.ts.map
[2024-09-21 10:20:12.338]:         extracting C:\Program Files\NetBeans-16\netbeans\webcommon\typescript-lsp\node_modules\typescript-language-server\lib\lsp-server.spec.d.ts
[2024-09-21 10:20:12.339]:         extracting C:\Program Files\NetBeans-16\netbeans\webcommon\typescript-lsp\node_modules\typescript\lib\es\diagnosticMessages.generated.json
[2024-09-21 10:20:12.340]:         extracting C:\Program Files\NetBeans-16\netbeans\webcommon\typescript-lsp\node_modules\typescript\lib\tr\diagnosticMessages.generated.json
[2024-09-21 10:20:12.344]:         extracting C:\Program Files\NetBeans-16\netbeans\webcommon\typescript-lsp\node_modules\typescript\lib\fr\diagnosticMessages.generated.json
[2024-09-21 10:20:12.345]:         extracting C:\Program Files\NetBeans-16\netbeans\webcommon\typescript-lsp\node_modules\typescript\lib\ru\diagnosticMessages.generated.json
[2024-09-21 10:20:12.347]:         extracting C:\Program Files\NetBeans-16\netbeans\webcommon\typescript-lsp\node_modules\typescript\lib\ja\diagnosticMessages.generated.json
[2024-09-21 10:20:12.349]:         extracting C:\Program Files\NetBeans-16\netbeans\webcommon\typescript-lsp\node_modules\typescript\lib\pl\diagnosticMessages.generated.json
[2024-09-21 10:20:12.351]:         extracting C:\Program Files\NetBeans-16\netbeans\webcommon\typescript-lsp\node_modules\typescript\lib\it\diagnosticMessages.generated.json
[2024-09-21 10:20:12.353]:         extracting C:\Program Files\NetBeans-16\netbeans\webcommon\typescript-lsp\node_modules\typescript\lib\ko\diagnosticMessages.generated.json
[2024-09-21 10:20:12.355]:         extracting C:\Program Files\NetBeans-16\netbeans\webcommon\typescript-lsp\node_modules\typescript\lib\cs\diagnosticMessages.generated.json
[2024-09-21 10:20:12.356]:         extracting C:\Program Files\NetBeans-16\netbeans\webcommon\typescript-lsp\node_modules\typescript\lib\de\diagnosticMessages.generated.json
[2024-09-21 10:20:12.358]:         extracting C:\Program Files\NetBeans-16\netbeans\webcommon\typescript-lsp\node_modules\typescript-language-server\lib\test-utils.d.ts.map
[2024-09-21 10:20:12.359]:         extracting C:\Program Files\NetBeans-16\netbeans\webcommon\typescript-lsp\node_modules\typescript-language-server\lib\completion.d.ts.map
[2024-09-21 10:20:12.359]:         extracting C:\Program Files\NetBeans-16\netbeans\webcommon\typescript-lsp\node_modules\typescript-language-server\lib\tsp-client.d.ts.map
[2024-09-21 10:20:12.360]:         extracting C:\Program Files\NetBeans-16\netbeans\webcommon\typescript-lsp\node_modules\typescript-language-server\lib\diagnostic-queue.js
[2024-09-21 10:20:12.360]:         extracting C:\Program Files\NetBeans-16\netbeans\webcommon\typescript-lsp\node_modules\typescript-language-server\lib\organize-imports.js
[2024-09-21 10:20:12.361]:         extracting C:\Program Files\NetBeans-16\netbeans\webcommon\typescript-lsp\node_modules\typescript-language-server\lib\lsp-connection.d.ts
[2024-09-21 10:20:12.363]:         extracting C:\Program Files\NetBeans-16\netbeans\webcommon\typescript-lsp\node_modules\typescript-language-server\lib\lsp-client.d.ts.map
[2024-09-21 10:20:12.363]:         extracting C:\Program Files\NetBeans-16\netbeans\webcommon\typescript-lsp\node_modules\typescript-language-server\lib\modules-resolver.js
[2024-09-21 10:20:12.364]:         extracting C:\Program Files\NetBeans-16\netbeans\webcommon\typescript-lsp\node_modules\typescript-language-server\lib\lsp-server.d.ts.map
[2024-09-21 10:20:12.365]:         extracting C:\Program Files\NetBeans-16\netbeans\webcommon\typescript-lsp\node_modules\vscode-languageserver-protocol\lib\browser\main.js
[2024-09-21 10:20:12.366]:         extracting C:\Program Files\NetBeans-16\netbeans\webcommon\typescript-lsp\node_modules\vscode-languageserver-protocol\lib\common\api.d.ts
[2024-09-21 10:20:12.367]:         extracting C:\Program Files\NetBeans-16\netbeans\webcommon\typescript-lsp\node_modules\typescript-language-server\lib\lsp-server.spec.js
[2024-09-21 10:20:12.368]:         extracting C:\Program Files\NetBeans-16\netbeans\webcommon\typescript-lsp\node_modules\typescript-language-server\lib\document-symbol.js
[2024-09-21 10:20:12.368]:         extracting C:\Program Files\NetBeans-16\netbeans\webcommon\typescript-lsp\node_modules\typescript-language-server\lib\tsp-client.spec.js
[2024-09-21 10:20:12.369]:         extracting C:\Program Files\NetBeans-16\netbeans\webcommon\typescript-lsp\node_modules\typescript-language-server\lib\ts-protocol.js.map
[2024-09-21 10:20:12.370]:         extracting C:\Program Files\NetBeans-16\netbeans\webcommon\typescript-lsp\node_modules\vscode-languageserver-protocol\lib\node\main.d.ts
[2024-09-21 10:20:12.371]:         extracting C:\Program Files\NetBeans-16\netbeans\webcommon\typescript-lsp\node_modules\typescript-language-server\lib\lsp-client.js.map
[2024-09-21 10:20:12.376]:         extracting C:\Program Files\NetBeans-16\netbeans\webcommon\typescript-lsp\node_modules\typescript-language-server\lib\completion.js.map
[2024-09-21 10:20:12.379]:         extracting C:\Program Files\NetBeans-16\netbeans\webcommon\typescript-lsp\node_modules\typescript-language-server\lib\lsp-connection.js
[2024-09-21 10:20:12.380]:         extracting C:\Program Files\NetBeans-16\netbeans\webcommon\typescript-lsp\node_modules\typescript-language-server\lib\refactor.d.ts.map
[2024-09-21 10:20:12.380]:         extracting C:\Program Files\NetBeans-16\netbeans\webcommon\typescript-lsp\node_modules\typescript-language-server\lib\quickfix.d.ts.map
[2024-09-21 10:20:12.381]:         extracting C:\Program Files\NetBeans-16\netbeans\webcommon\typescript-lsp\node_modules\typescript-language-server\lib\document.d.ts.map
[2024-09-21 10:20:12.382]:         extracting C:\Program Files\NetBeans-16\netbeans\webcommon\typescript-lsp\node_modules\typescript-language-server\lib\lsp-server.js.map
[2024-09-21 10:20:12.383]:         extracting C:\Program Files\NetBeans-16\netbeans\webcommon\typescript-lsp\node_modules\typescript-language-server\lib\test-utils.js.map
[2024-09-21 10:20:12.384]:         extracting C:\Program Files\NetBeans-16\netbeans\webcommon\typescript-lsp\node_modules\typescript-language-server\lib\tsp-client.js.map
[2024-09-21 10:20:12.384]:         extracting C:\Program Files\NetBeans-16\netbeans\webcommon\typescript-lsp\node_modules\typescript-language-server\lib\commands.d.ts.map
[2024-09-21 10:20:12.386]:         extracting C:\Program Files\NetBeans-16\netbeans\webcommon\typescript-lsp\node_modules\typescript\loc\lcl\ESN\TypeScriptLanguageService
[2024-09-21 10:20:12.386]:         extracting C:\Program Files\NetBeans-16\netbeans\webcommon\typescript-lsp\node_modules\typescript\loc\lcl\DEU\TypeScriptLanguageService
[2024-09-21 10:20:12.386]:         extracting C:\Program Files\NetBeans-16\netbeans\webcommon\typescript-lsp\node_modules\typescript\loc\lcl\RUS\TypeScriptLanguageService
[2024-09-21 10:20:12.386]:         extracting C:\Program Files\NetBeans-16\netbeans\webcommon\typescript-lsp\node_modules\typescript\loc\lcl\CSY\TypeScriptLanguageService
[2024-09-21 10:20:12.387]:         extracting C:\Program Files\NetBeans-16\netbeans\webcommon\typescript-lsp\node_modules\typescript\loc\lcl\TRK\TypeScriptLanguageService
[2024-09-21 10:20:12.387]:         extracting C:\Program Files\NetBeans-16\netbeans\webcommon\typescript-lsp\node_modules\typescript\loc\lcl\CHT\TypeScriptLanguageService
[2024-09-21 10:20:12.387]:         extracting C:\Program Files\NetBeans-16\netbeans\webcommon\typescript-lsp\node_modules\typescript\loc\lcl\PTB\TypeScriptLanguageService
[2024-09-21 10:20:12.387]:         extracting C:\Program Files\NetBeans-16\netbeans\webcommon\typescript-lsp\node_modules\typescript\loc\lcl\ITA\TypeScriptLanguageService
[2024-09-21 10:20:12.387]:         extracting C:\Program Files\NetBeans-16\netbeans\webcommon\typescript-lsp\node_modules\typescript\loc\lcl\CHS\TypeScriptLanguageService
[2024-09-21 10:20:12.387]:         extracting C:\Program Files\NetBeans-16\netbeans\webcommon\typescript-lsp\node_modules\typescript\loc\lcl\KOR\TypeScriptLanguageService
[2024-09-21 10:20:12.387]:         extracting C:\Program Files\NetBeans-16\netbeans\webcommon\typescript-lsp\node_modules\typescript\loc\lcl\PLK\TypeScriptLanguageService
[2024-09-21 10:20:12.388]:         extracting C:\Program Files\NetBeans-16\netbeans\webcommon\typescript-lsp\node_modules\typescript\loc\lcl\JPN\TypeScriptLanguageService
[2024-09-21 10:20:12.388]:         extracting C:\Program Files\NetBeans-16\netbeans\webcommon\typescript-lsp\node_modules\typescript\loc\lcl\FRA\TypeScriptLanguageService
[2024-09-21 10:20:12.388]:         extracting C:\Program Files\NetBeans-16\netbeans\webcommon\typescript-lsp\node_modules\vscode-languageserver-protocol\lib\common\api.js
[2024-09-21 10:20:12.389]:         extracting C:\Program Files\NetBeans-16\netbeans\webcommon\typescript-lsp\node_modules\vscode-languageserver\lib\proposed.progress.d.ts
[2024-09-21 10:20:12.393]:         extracting C:\Program Files\NetBeans-16\netbeans\webcommon\typescript-lsp\node_modules\typescript-language-server\lib\ts-protocol.d.ts
[2024-09-21 10:20:12.394]:         extracting C:\Program Files\NetBeans-16\netbeans\webcommon\typescript-lsp\node_modules\typescript\lib\lib.webworker.importscripts.d.ts
[2024-09-21 10:20:12.395]:         extracting C:\Program Files\NetBeans-16\netbeans\webcommon\typescript-lsp\node_modules\typescript\lib\lib.es2020.symbol.wellknown.d.ts
[2024-09-21 10:20:12.395]:         extracting C:\Program Files\NetBeans-16\netbeans\webcommon\typescript-lsp\node_modules\typescript\lib\lib.es2015.symbol.wellknown.d.ts
[2024-09-21 10:20:12.396]:         extracting C:\Program Files\NetBeans-16\netbeans\webcommon\typescript-lsp\node_modules\vscode-languageserver-protocol\lib\node\main.js
[2024-09-21 10:20:12.398]:         extracting C:\Program Files\NetBeans-16\netbeans\webcommon\typescript-lsp\node_modules\vscode-languageserver-protocol\lib\common\utils
[2024-09-21 10:20:12.398]:         extracting C:\Program Files\NetBeans-16\netbeans\webcommon\typescript-lsp\node_modules\vscode-languageserver\lib\workspaceFolders.d.ts
[2024-09-21 10:20:12.399]:         extracting C:\Program Files\NetBeans-16\netbeans\webcommon\typescript-lsp\node_modules\typescript-language-server\lib\lsp-client.d.ts
[2024-09-21 10:20:12.400]:         extracting C:\Program Files\NetBeans-16\netbeans\webcommon\typescript-lsp\node_modules\typescript-language-server\lib\refactor.js.map
[2024-09-21 10:20:12.400]:         extracting C:\Program Files\NetBeans-16\netbeans\webcommon\typescript-lsp\node_modules\typescript-language-server\lib\tsp-client.d.ts
[2024-09-21 10:20:12.401]:         extracting C:\Program Files\NetBeans-16\netbeans\webcommon\typescript-lsp\node_modules\typescript-language-server\lib\logger.d.ts.map
[2024-09-21 10:20:12.402]:         extracting C:\Program Files\NetBeans-16\netbeans\webcommon\typescript-lsp\node_modules\typescript-language-server\lib\lsp-server.d.ts
[2024-09-21 10:20:12.402]:         extracting C:\Program Files\NetBeans-16\netbeans\webcommon\typescript-lsp\node_modules\typescript-language-server\lib\test-utils.d.ts
[2024-09-21 10:20:12.404]:         extracting C:\Program Files\NetBeans-16\netbeans\webcommon\typescript-lsp\node_modules\typescript-language-server\lib\completion.d.ts
[2024-09-21 10:20:12.404]:         extracting C:\Program Files\NetBeans-16\netbeans\webcommon\typescript-lsp\node_modules\typescript-language-server\lib\quickfix.js.map
[2024-09-21 10:20:12.405]:         extracting C:\Program Files\NetBeans-16\netbeans\webcommon\typescript-lsp\node_modules\typescript-language-server\lib\document.js.map
[2024-09-21 10:20:12.406]:         extracting C:\Program Files\NetBeans-16\netbeans\webcommon\typescript-lsp\node_modules\typescript-language-server\lib\commands.js.map
[2024-09-21 10:20:12.406]:         extracting C:\Program Files\NetBeans-16\netbeans\webcommon\typescript-lsp\node_modules\vscode-textbuffer\lib\test\piecetree.test.d.ts
[2024-09-21 10:20:12.408]:         extracting C:\Program Files\NetBeans-16\netbeans\webcommon\typescript-lsp\node_modules\vscode-languageserver\lib\proposed.progress.js
[2024-09-21 10:20:12.409]:         extracting C:\Program Files\NetBeans-16\netbeans\webcommon\typescript-lsp\node_modules\typescript-language-server\lib\calls.d.ts.map
[2024-09-21 10:20:12.411]:         extracting C:\Program Files\NetBeans-16\netbeans\webcommon\typescript-lsp\node_modules\typescript-language-server\lib\ts-protocol.js
[2024-09-21 10:20:12.412]:         extracting C:\Program Files\NetBeans-16\netbeans\webcommon\typescript-lsp\node_modules\typescript-language-server\lib\utils.d.ts.map
[2024-09-21 10:20:12.413]:         extracting C:\Program Files\NetBeans-16\netbeans\webcommon\typescript-lsp\node_modules\typescript-language-server\lib\hover.d.ts.map
[2024-09-21 10:20:12.413]:         extracting C:\Program Files\NetBeans-16\netbeans\webcommon\typescript-lsp\node_modules\vscode-languageserver-types\lib\umd\main.d.ts
[2024-09-21 10:20:12.415]:         extracting C:\Program Files\NetBeans-16\netbeans\webcommon\typescript-lsp\node_modules\vscode-languageserver-types\lib\esm\main.d.ts
[2024-09-21 10:20:12.418]:         extracting C:\Program Files\NetBeans-16\netbeans\webcommon\typescript-lsp\node_modules\typescript\lib\lib.es2018.asyncgenerator.d.ts
[2024-09-21 10:20:12.418]:         extracting C:\Program Files\NetBeans-16\netbeans\webcommon\typescript-lsp\node_modules\vscode-languageserver\lib\workspaceFolders.js
[2024-09-21 10:20:12.419]:         extracting C:\Program Files\NetBeans-16\netbeans\webcommon\typescript-lsp\node_modules\typescript-language-server\lib\completion.js
[2024-09-21 10:20:12.420]:         extracting C:\Program Files\NetBeans-16\netbeans\webcommon\typescript-lsp\node_modules\typescript-language-server\lib\tsp-client.js
[2024-09-21 10:20:12.421]:         extracting C:\Program Files\NetBeans-16\netbeans\webcommon\typescript-lsp\node_modules\typescript-language-server\lib\document.d.ts
[2024-09-21 10:20:12.421]:         extracting C:\Program Files\NetBeans-16\netbeans\webcommon\typescript-lsp\node_modules\typescript-language-server\lib\commands.d.ts
[2024-09-21 10:20:12.422]:         extracting C:\Program Files\NetBeans-16\netbeans\webcommon\typescript-lsp\node_modules\typescript-language-server\lib\lsp-server.js
[2024-09-21 10:20:12.423]:         extracting C:\Program Files\NetBeans-16\netbeans\webcommon\typescript-lsp\node_modules\typescript-language-server\lib\quickfix.d.ts
[2024-09-21 10:20:12.424]:         extracting C:\Program Files\NetBeans-16\netbeans\webcommon\typescript-lsp\node_modules\typescript-language-server\lib\test-utils.js
[2024-09-21 10:20:12.425]:         extracting C:\Program Files\NetBeans-16\netbeans\webcommon\typescript-lsp\node_modules\typescript-language-server\lib\lsp-client.js
[2024-09-21 10:20:12.426]:         extracting C:\Program Files\NetBeans-16\netbeans\webcommon\typescript-lsp\node_modules\typescript-language-server\lib\logger.js.map
[2024-09-21 10:20:12.426]:         extracting C:\Program Files\NetBeans-16\netbeans\webcommon\typescript-lsp\node_modules\typescript-language-server\lib\refactor.d.ts
[2024-09-21 10:20:12.427]:         extracting C:\Program Files\NetBeans-16\netbeans\webcommon\typescript-lsp\node_modules\command-exists\test\non-executable-script.js
[2024-09-21 10:20:12.429]:         extracting C:\Program Files\NetBeans-16\netbeans\webcommon\typescript-lsp\node_modules\vscode-textbuffer\src\test\piecetree.test.ts
[2024-09-21 10:20:12.431]:         extracting C:\Program Files\NetBeans-16\netbeans\webcommon\typescript-lsp\node_modules\vscode-textbuffer\lib\test\piecetree.test.js
[2024-09-21 10:20:12.431]:         extracting C:\Program Files\NetBeans-16\netbeans\webcommon\typescript-lsp\node_modules\typescript\loc\lcl\ESN\TypeScriptDebugEngine
[2024-09-21 10:20:12.431]:         extracting C:\Program Files\NetBeans-16\netbeans\webcommon\typescript-lsp\node_modules\typescript\loc\lcl\DEU\TypeScriptDebugEngine
[2024-09-21 10:20:12.431]:         extracting C:\Program Files\NetBeans-16\netbeans\webcommon\typescript-lsp\node_modules\typescript\loc\lcl\RUS\TypeScriptDebugEngine
[2024-09-21 10:20:12.432]:         extracting C:\Program Files\NetBeans-16\netbeans\webcommon\typescript-lsp\node_modules\typescript\loc\lcl\CSY\TypeScriptDebugEngine
[2024-09-21 10:20:12.432]:         extracting C:\Program Files\NetBeans-16\netbeans\webcommon\typescript-lsp\node_modules\typescript\loc\lcl\TRK\TypeScriptDebugEngine
[2024-09-21 10:20:12.432]:         extracting C:\Program Files\NetBeans-16\netbeans\webcommon\typescript-lsp\node_modules\typescript\loc\lcl\CHT\TypeScriptDebugEngine
[2024-09-21 10:20:12.432]:         extracting C:\Program Files\NetBeans-16\netbeans\webcommon\typescript-lsp\node_modules\typescript\loc\lcl\PTB\TypeScriptDebugEngine
[2024-09-21 10:20:12.432]:         extracting C:\Program Files\NetBeans-16\netbeans\webcommon\typescript-lsp\node_modules\typescript\loc\lcl\ITA\TypeScriptDebugEngine
[2024-09-21 10:20:12.432]:         extracting C:\Program Files\NetBeans-16\netbeans\webcommon\typescript-lsp\node_modules\typescript\loc\lcl\CHS\TypeScriptDebugEngine
[2024-09-21 10:20:12.432]:         extracting C:\Program Files\NetBeans-16\netbeans\webcommon\typescript-lsp\node_modules\typescript\loc\lcl\KOR\TypeScriptDebugEngine
[2024-09-21 10:20:12.434]:         extracting C:\Program Files\NetBeans-16\netbeans\webcommon\typescript-lsp\node_modules\typescript\loc\lcl\PLK\TypeScriptDebugEngine
[2024-09-21 10:20:12.434]:         extracting C:\Program Files\NetBeans-16\netbeans\webcommon\typescript-lsp\node_modules\typescript\loc\lcl\JPN\TypeScriptDebugEngine
[2024-09-21 10:20:12.434]:         extracting C:\Program Files\NetBeans-16\netbeans\webcommon\typescript-lsp\node_modules\typescript\loc\lcl\FRA\TypeScriptDebugEngine
[2024-09-21 10:20:12.434]:         extracting C:\Program Files\NetBeans-16\netbeans\webcommon\typescript-lsp\node_modules\typescript\lib\lib.es2018.asynciterable.d.ts
[2024-09-21 10:20:12.435]:         extracting C:\Program Files\NetBeans-16\netbeans\webcommon\typescript-lsp\node_modules\typescript\lib\lib.es2016.array.include.d.ts
[2024-09-21 10:20:12.435]:         extracting C:\Program Files\NetBeans-16\netbeans\webcommon\typescript-lsp\node_modules\vscode-jsonrpc\lib\common\messageReader.d.ts
[2024-09-21 10:20:12.439]:         extracting C:\Program Files\NetBeans-16\netbeans\webcommon\typescript-lsp\node_modules\vscode-jsonrpc\lib\common\messageWriter.d.ts
[2024-09-21 10:20:12.440]:         extracting C:\Program Files\NetBeans-16\netbeans\webcommon\typescript-lsp\node_modules\vscode-jsonrpc\lib\common\messageBuffer.d.ts
[2024-09-21 10:20:12.441]:         extracting C:\Program Files\NetBeans-16\netbeans\webcommon\typescript-lsp\node_modules\vscode-languageserver\lib\configuration.d.ts
[2024-09-21 10:20:12.442]:         extracting C:\Program Files\NetBeans-16\netbeans\webcommon\update_tracking\org-netbeans-modules-selenium2-webclient-protractor.xml
[2024-09-21 10:20:12.443]:         extracting C:\Program Files\NetBeans-16\netbeans\webcommon\typescript-lsp\node_modules\typescript-language-server\lib\cli.d.ts.map
[2024-09-21 10:20:12.444]:         extracting C:\Program Files\NetBeans-16\netbeans\webcommon\typescript-lsp\node_modules\typescript-language-server\lib\hover.js.map
[2024-09-21 10:20:12.444]:         extracting C:\Program Files\NetBeans-16\netbeans\webcommon\typescript-lsp\node_modules\typescript-language-server\lib\utils.js.map
[2024-09-21 10:20:12.446]:         extracting C:\Program Files\NetBeans-16\netbeans\webcommon\typescript-lsp\node_modules\typescript-language-server\lib\calls.js.map
[2024-09-21 10:20:12.447]:         extracting C:\Program Files\NetBeans-16\netbeans\webcommon\typescript-lsp\node_modules\vscode-languageserver-types\lib\umd\main.js
[2024-09-21 10:20:12.448]:         extracting C:\Program Files\NetBeans-16\netbeans\webcommon\typescript-lsp\node_modules\vscode-languageserver-types\lib\esm\main.js
[2024-09-21 10:20:12.449]:         extracting C:\Program Files\NetBeans-16\netbeans\webcommon\typescript-lsp\node_modules\vscode-textbuffer\lib\pieceTreeBuilder.d.ts
[2024-09-21 10:20:12.450]:         extracting C:\Program Files\NetBeans-16\netbeans\webcommon\typescript-lsp\node_modules\typescript\lib\lib.es2017.sharedmemory.d.ts
[2024-09-21 10:20:12.451]:         extracting C:\Program Files\NetBeans-16\netbeans\webcommon\typescript-lsp\node_modules\typescript\lib\lib.es2020.sharedmemory.d.ts
[2024-09-21 10:20:12.451]:         extracting C:\Program Files\NetBeans-16\netbeans\webcommon\typescript-lsp\node_modules\vscode-languageserver-protocol\package.json
[2024-09-21 10:20:12.452]:         extracting C:\Program Files\NetBeans-16\netbeans\webcommon\typescript-lsp\node_modules\vscode-languageserver-protocol\browser.d.ts
[2024-09-21 10:20:12.453]:         extracting C:\Program Files\NetBeans-16\netbeans\webcommon\typescript-lsp\node_modules\vscode-jsonrpc\lib\common\cancellation.d.ts
[2024-09-21 10:20:12.454]:         extracting C:\Program Files\NetBeans-16\netbeans\webcommon\typescript-lsp\node_modules\vscode-languageserver\thirdpartynotices.txt
[2024-09-21 10:20:12.455]:         extracting C:\Program Files\NetBeans-16\netbeans\webcommon\config\Modules\org-netbeans-modules-selenium2-webclient-protractor.xml
[2024-09-21 10:20:12.456]:         extracting C:\Program Files\NetBeans-16\netbeans\webcommon\typescript-lsp\node_modules\typescript-language-server\lib\commands.js
[2024-09-21 10:20:12.458]:         extracting C:\Program Files\NetBeans-16\netbeans\webcommon\typescript-lsp\node_modules\typescript-language-server\lib\logger.d.ts
[2024-09-21 10:20:12.458]:         extracting C:\Program Files\NetBeans-16\netbeans\webcommon\typescript-lsp\node_modules\typescript-language-server\lib\quickfix.js
[2024-09-21 10:20:12.459]:         extracting C:\Program Files\NetBeans-16\netbeans\webcommon\typescript-lsp\node_modules\typescript-language-server\lib\document.js
[2024-09-21 10:20:12.460]:         extracting C:\Program Files\NetBeans-16\netbeans\webcommon\typescript-lsp\node_modules\typescript-language-server\lib\refactor.js
[2024-09-21 10:20:12.461]:         extracting C:\Program Files\NetBeans-16\netbeans\webcommon\typescript-lsp\node_modules\vscode-textbuffer\lib\common\charCode.d.ts
[2024-09-21 10:20:12.462]:         extracting C:\Program Files\NetBeans-16\netbeans\webcommon\typescript-lsp\node_modules\vscode-textbuffer\lib\common\position.d.ts
[2024-09-21 10:20:12.463]:         extracting C:\Program Files\NetBeans-16\netbeans\webcommon\typescript-lsp\node_modules\typescript\lib\lib.es2017.typedarrays.d.ts
[2024-09-21 10:20:12.464]:         extracting C:\Program Files\NetBeans-16\netbeans\webcommon\typescript-lsp\node_modules\typescript\lib\lib.webworker.iterable.d.ts
[2024-09-21 10:20:12.466]:         extracting C:\Program Files\NetBeans-16\netbeans\webcommon\typescript-lsp\node_modules\vscode-languageserver-protocol\License.txt
[2024-09-21 10:20:12.466]:         extracting C:\Program Files\NetBeans-16\netbeans\webcommon\typescript-lsp\node_modules\vscode-languageserver-protocol\lib\browser
[2024-09-21 10:20:12.466]:         extracting C:\Program Files\NetBeans-16\netbeans\webcommon\typescript-lsp\node_modules\vscode-jsonrpc\lib\common\messageBuffer.js
[2024-09-21 10:20:12.467]:         extracting C:\Program Files\NetBeans-16\netbeans\webcommon\typescript-lsp\node_modules\vscode-jsonrpc\lib\common\messageReader.js
[2024-09-21 10:20:12.468]:         extracting C:\Program Files\NetBeans-16\netbeans\webcommon\typescript-lsp\node_modules\vscode-jsonrpc\lib\common\messageWriter.js
[2024-09-21 10:20:12.469]:         extracting C:\Program Files\NetBeans-16\netbeans\webcommon\typescript-lsp\node_modules\vscode-languageserver\lib\configuration.js
[2024-09-21 10:20:12.470]:         extracting C:\Program Files\NetBeans-16\netbeans\webcommon\typescript-lsp\node_modules\typescript-language-server\lib\hover.d.ts
[2024-09-21 10:20:12.471]:         extracting C:\Program Files\NetBeans-16\netbeans\webcommon\typescript-lsp\node_modules\typescript-language-server\lib\calls.d.ts
[2024-09-21 10:20:12.472]:         extracting C:\Program Files\NetBeans-16\netbeans\webcommon\typescript-lsp\node_modules\typescript-language-server\lib\cli.js.map
[2024-09-21 10:20:12.472]:         extracting C:\Program Files\NetBeans-16\netbeans\webcommon\typescript-lsp\node_modules\typescript-language-server\lib\utils.d.ts
[2024-09-21 10:20:12.473]:         extracting C:\Program Files\NetBeans-16\netbeans\webcommon\typescript-lsp\node_modules\vscode-textbuffer\src\pieceTreeBuilder.ts
[2024-09-21 10:20:12.473]:         extracting C:\Program Files\NetBeans-16\netbeans\webcommon\typescript-lsp\node_modules\vscode-textbuffer\lib\pieceTreeBuilder.js
[2024-09-21 10:20:12.475]:         extracting C:\Program Files\NetBeans-16\netbeans\webcommon\typescript-lsp\node_modules\typescript\lib\lib.es2015.collection.d.ts
[2024-09-21 10:20:12.475]:         extracting C:\Program Files\NetBeans-16\netbeans\webcommon\typescript-lsp\node_modules\vscode-languageserver-protocol\browser.js
[2024-09-21 10:20:12.476]:         extracting C:\Program Files\NetBeans-16\netbeans\webcommon\typescript-lsp\node_modules\vscode-languageserver-protocol\lib\common
[2024-09-21 10:20:12.476]:         extracting C:\Program Files\NetBeans-16\netbeans\webcommon\typescript-lsp\node_modules\vscode-jsonrpc\lib\common\disposable.d.ts
[2024-09-21 10:20:12.476]:         extracting C:\Program Files\NetBeans-16\netbeans\webcommon\typescript-lsp\node_modules\vscode-jsonrpc\lib\common\cancellation.js
[2024-09-21 10:20:12.477]:         extracting C:\Program Files\NetBeans-16\netbeans\webcommon\typescript-lsp\node_modules\vscode-jsonrpc\lib\common\connection.d.ts
[2024-09-21 10:20:12.478]:         extracting C:\Program Files\NetBeans-16\netbeans\webcommon\typescript-lsp\node_modules\vscode-languageserver\lib\utils\uuid.d.ts
[2024-09-21 10:20:12.479]:         extracting C:\Program Files\NetBeans-16\netbeans\webcommon\typescript-lsp\node_modules\typescript-language-server\lib\logger.js
[2024-09-21 10:20:12.480]:         extracting C:\Program Files\NetBeans-16\netbeans\webcommon\typescript-lsp\node_modules\vscode-languageserver-types\package.json
[2024-09-21 10:20:12.482]:         extracting C:\Program Files\NetBeans-16\netbeans\webcommon\typescript-lsp\node_modules\command-exists\test\executable-script.js
[2024-09-21 10:20:12.483]:         extracting C:\Program Files\NetBeans-16\netbeans\webcommon\typescript-lsp\node_modules\vscode-textbuffer\src\common\position.ts
[2024-09-21 10:20:12.484]:         extracting C:\Program Files\NetBeans-16\netbeans\webcommon\typescript-lsp\node_modules\vscode-textbuffer\src\common\charCode.ts
[2024-09-21 10:20:12.485]:         extracting C:\Program Files\NetBeans-16\netbeans\webcommon\typescript-lsp\node_modules\vscode-textbuffer\lib\common\charCode.js
[2024-09-21 10:20:12.485]:         extracting C:\Program Files\NetBeans-16\netbeans\webcommon\typescript-lsp\node_modules\vscode-textbuffer\lib\common\position.js
[2024-09-21 10:20:12.486]:         extracting C:\Program Files\NetBeans-16\netbeans\webcommon\typescript-lsp\node_modules\vscode-textbuffer\lib\pieceTreeBase.d.ts
[2024-09-21 10:20:12.487]:         extracting C:\Program Files\NetBeans-16\netbeans\webcommon\typescript-lsp\node_modules\typescript\lib\lib.es2015.generator.d.ts
[2024-09-21 10:20:12.488]:         extracting C:\Program Files\NetBeans-16\netbeans\webcommon\typescript-lsp\node_modules\vscode-languageserver-protocol\node.d.ts
[2024-09-21 10:20:12.489]:         extracting C:\Program Files\NetBeans-16\netbeans\webcommon\typescript-lsp\node_modules\vscode-languageserver-protocol\README.md
[2024-09-21 10:20:12.489]:         extracting C:\Program Files\NetBeans-16\netbeans\webcommon\typescript-lsp\node_modules\vscode-jsonrpc\lib\common\semaphore.d.ts
[2024-09-21 10:20:12.490]:         extracting C:\Program Files\NetBeans-16\netbeans\webcommon\typescript-lsp\node_modules\vscode-jsonrpc\lib\common\linkedMap.d.ts
[2024-09-21 10:20:12.490]:         extracting C:\Program Files\NetBeans-16\netbeans\webcommon\typescript-lsp\node_modules\typescript-language-server\package.json
[2024-09-21 10:20:12.491]:         extracting C:\Program Files\NetBeans-16\netbeans\webcommon\typescript-lsp\node_modules\typescript-language-server\lib\calls.js
[2024-09-21 10:20:12.492]:         extracting C:\Program Files\NetBeans-16\netbeans\webcommon\typescript-lsp\node_modules\typescript-language-server\lib\cli.d.ts
[2024-09-21 10:20:12.494]:         extracting C:\Program Files\NetBeans-16\netbeans\webcommon\typescript-lsp\node_modules\typescript-language-server\lib\utils.js
[2024-09-21 10:20:12.494]:         extracting C:\Program Files\NetBeans-16\netbeans\webcommon\typescript-lsp\node_modules\typescript-language-server\lib\hover.js
[2024-09-21 10:20:12.495]:         extracting C:\Program Files\NetBeans-16\netbeans\webcommon\typescript-lsp\node_modules\vscode-languageserver-types\License.txt
[2024-09-21 10:20:12.496]:         extracting C:\Program Files\NetBeans-16\netbeans\webcommon\typescript-lsp\node_modules\vscode-textbuffer\lib\common\range.d.ts
[2024-09-21 10:20:12.497]:         extracting C:\Program Files\NetBeans-16\netbeans\webcommon\typescript-lsp\node_modules\typescript\lib\lib.es2015.iterable.d.ts
[2024-09-21 10:20:12.499]:         extracting C:\Program Files\NetBeans-16\netbeans\webcommon\typescript-lsp\node_modules\vscode-languageserver-protocol\node.cmd
[2024-09-21 10:20:12.500]:         extracting C:\Program Files\NetBeans-16\netbeans\webcommon\typescript-lsp\node_modules\vscode-languageserver-protocol\lib\node
[2024-09-21 10:20:12.500]:         extracting C:\Program Files\NetBeans-16\netbeans\webcommon\typescript-lsp\node_modules\vscode-jsonrpc\lib\common\connection.js
[2024-09-21 10:20:12.501]:         extracting C:\Program Files\NetBeans-16\netbeans\webcommon\typescript-lsp\node_modules\vscode-jsonrpc\lib\common\encoding.d.ts
[2024-09-21 10:20:12.501]:         extracting C:\Program Files\NetBeans-16\netbeans\webcommon\typescript-lsp\node_modules\vscode-jsonrpc\lib\common\disposable.js
[2024-09-21 10:20:12.502]:         extracting C:\Program Files\NetBeans-16\netbeans\webcommon\typescript-lsp\node_modules\vscode-jsonrpc\lib\common\messages.d.ts
[2024-09-21 10:20:12.503]:         extracting C:\Program Files\NetBeans-16\netbeans\webcommon\typescript-lsp\node_modules\vscode-languageserver\lib\thenable.d.ts
[2024-09-21 10:20:12.504]:         extracting C:\Program Files\NetBeans-16\netbeans\webcommon\typescript-lsp\node_modules\vscode-languageserver\lib\utils\is.d.ts
[2024-09-21 10:20:12.504]:         extracting C:\Program Files\NetBeans-16\netbeans\webcommon\typescript-lsp\node_modules\vscode-languageserver\lib\utils\uuid.js
[2024-09-21 10:20:12.505]:         extracting C:\Program Files\NetBeans-16\netbeans\webcommon\update_tracking\org-netbeans-modules-selenium2-webclient-mocha.xml
[2024-09-21 10:20:12.507]:         extracting C:\Program Files\NetBeans-16\netbeans\webcommon\update_tracking\org-netbeans-modules-cordova-platforms-android.xml
[2024-09-21 10:20:12.507]:         extracting C:\Program Files\NetBeans-16\netbeans\webcommon\typescript-lsp\node_modules\vscode-textbuffer\src\pieceTreeBase.ts
[2024-09-21 10:20:12.510]:         extracting C:\Program Files\NetBeans-16\netbeans\webcommon\typescript-lsp\node_modules\vscode-textbuffer\lib\pieceTreeBase.js
[2024-09-21 10:20:12.512]:         extracting C:\Program Files\NetBeans-16\netbeans\webcommon\typescript-lsp\node_modules\typescript\loc\lcl\ESN\TypeScriptTasks
[2024-09-21 10:20:12.512]:         extracting C:\Program Files\NetBeans-16\netbeans\webcommon\typescript-lsp\node_modules\typescript\loc\lcl\DEU\TypeScriptTasks
[2024-09-21 10:20:12.513]:         extracting C:\Program Files\NetBeans-16\netbeans\webcommon\typescript-lsp\node_modules\typescript\loc\lcl\RUS\TypeScriptTasks
[2024-09-21 10:20:12.513]:         extracting C:\Program Files\NetBeans-16\netbeans\webcommon\typescript-lsp\node_modules\typescript\loc\lcl\CSY\TypeScriptTasks
[2024-09-21 10:20:12.513]:         extracting C:\Program Files\NetBeans-16\netbeans\webcommon\typescript-lsp\node_modules\typescript\loc\lcl\TRK\TypeScriptTasks
[2024-09-21 10:20:12.513]:         extracting C:\Program Files\NetBeans-16\netbeans\webcommon\typescript-lsp\node_modules\typescript\loc\lcl\CHT\TypeScriptTasks
[2024-09-21 10:20:12.513]:         extracting C:\Program Files\NetBeans-16\netbeans\webcommon\typescript-lsp\node_modules\typescript\loc\lcl\PTB\TypeScriptTasks
[2024-09-21 10:20:12.513]:         extracting C:\Program Files\NetBeans-16\netbeans\webcommon\typescript-lsp\node_modules\typescript\loc\lcl\ITA\TypeScriptTasks
[2024-09-21 10:20:12.514]:         extracting C:\Program Files\NetBeans-16\netbeans\webcommon\typescript-lsp\node_modules\typescript\loc\lcl\CHS\TypeScriptTasks
[2024-09-21 10:20:12.514]:         extracting C:\Program Files\NetBeans-16\netbeans\webcommon\typescript-lsp\node_modules\typescript\loc\lcl\KOR\TypeScriptTasks
[2024-09-21 10:20:12.514]:         extracting C:\Program Files\NetBeans-16\netbeans\webcommon\typescript-lsp\node_modules\typescript\loc\lcl\PLK\TypeScriptTasks
[2024-09-21 10:20:12.514]:         extracting C:\Program Files\NetBeans-16\netbeans\webcommon\typescript-lsp\node_modules\typescript\loc\lcl\JPN\TypeScriptTasks
[2024-09-21 10:20:12.514]:         extracting C:\Program Files\NetBeans-16\netbeans\webcommon\typescript-lsp\node_modules\typescript\loc\lcl\FRA\TypeScriptTasks
[2024-09-21 10:20:12.515]:         extracting C:\Program Files\NetBeans-16\netbeans\webcommon\typescript-lsp\node_modules\typescript\lib\lib.esnext.promise.d.ts
[2024-09-21 10:20:12.517]:         extracting C:\Program Files\NetBeans-16\netbeans\webcommon\typescript-lsp\node_modules\typescript\lib\lib.es2020.promise.d.ts
[2024-09-21 10:20:12.518]:         extracting C:\Program Files\NetBeans-16\netbeans\webcommon\typescript-lsp\node_modules\typescript\lib\lib.es2018.promise.d.ts
[2024-09-21 10:20:12.521]:         extracting C:\Program Files\NetBeans-16\netbeans\webcommon\typescript-lsp\node_modules\typescript\lib\typescriptServices.d.ts
[2024-09-21 10:20:12.523]:         extracting C:\Program Files\NetBeans-16\netbeans\webcommon\typescript-lsp\node_modules\typescript\lib\lib.es2015.reflect.d.ts
[2024-09-21 10:20:12.524]:         extracting C:\Program Files\NetBeans-16\netbeans\webcommon\typescript-lsp\node_modules\typescript\lib\lib.es2015.promise.d.ts
[2024-09-21 10:20:12.527]:         extracting C:\Program Files\NetBeans-16\netbeans\webcommon\typescript-lsp\node_modules\typescript\lib\lib.esnext.weakref.d.ts
[2024-09-21 10:20:12.530]:         extracting C:\Program Files\NetBeans-16\netbeans\webcommon\typescript-lsp\node_modules\vscode-languageserver-protocol\node.js
[2024-09-21 10:20:12.533]:         extracting C:\Program Files\NetBeans-16\netbeans\webcommon\typescript-lsp\node_modules\vscode-jsonrpc\lib\common\semaphore.js
[2024-09-21 10:20:12.534]:         extracting C:\Program Files\NetBeans-16\netbeans\webcommon\typescript-lsp\node_modules\vscode-jsonrpc\lib\common\linkedMap.js
[2024-09-21 10:20:12.537]:         extracting C:\Program Files\NetBeans-16\netbeans\webcommon\typescript-lsp\node_modules\vscode-languageserver\lib\resolve.d.ts
[2024-09-21 10:20:12.539]:         extracting C:\Program Files\NetBeans-16\netbeans\webcommon\update_tracking\org-netbeans-modules-javascript2-source-query.xml
[2024-09-21 10:20:12.540]:         extracting C:\Program Files\NetBeans-16\netbeans\webcommon\config\Modules\org-netbeans-modules-selenium2-webclient-mocha.xml
[2024-09-21 10:20:12.544]:         extracting C:\Program Files\NetBeans-16\netbeans\webcommon\config\Modules\org-netbeans-modules-cordova-platforms-android.xml
[2024-09-21 10:20:12.551]:         extracting C:\Program Files\NetBeans-16\netbeans\webcommon\typescript-lsp\node_modules\typescript-language-server\lib\cli.js
[2024-09-21 10:20:12.552]:         extracting C:\Program Files\NetBeans-16\netbeans\webcommon\typescript-lsp\node_modules\vscode-languageserver-types\README.md
[2024-09-21 10:20:12.553]:         extracting C:\Program Files\NetBeans-16\netbeans\webcommon\typescript-lsp\node_modules\vscode-textbuffer\src\common\range.ts
[2024-09-21 10:20:12.554]:         extracting C:\Program Files\NetBeans-16\netbeans\webcommon\typescript-lsp\node_modules\vscode-textbuffer\lib\rbTreeBase.d.ts
[2024-09-21 10:20:12.554]:         extracting C:\Program Files\NetBeans-16\netbeans\webcommon\typescript-lsp\node_modules\vscode-textbuffer\lib\common\range.js
[2024-09-21 10:20:12.555]:         extracting C:\Program Files\NetBeans-16\netbeans\webcommon\typescript-lsp\node_modules\typescript\lib\lib.es2015.symbol.d.ts
[2024-09-21 10:20:12.557]:         extracting C:\Program Files\NetBeans-16\netbeans\webcommon\typescript-lsp\node_modules\typescript\lib\lib.es2019.object.d.ts
[2024-09-21 10:20:12.558]:         extracting C:\Program Files\NetBeans-16\netbeans\webcommon\typescript-lsp\node_modules\typescript\lib\lib.es2019.string.d.ts
[2024-09-21 10:20:12.558]:         extracting C:\Program Files\NetBeans-16\netbeans\webcommon\typescript-lsp\node_modules\typescript\lib\lib.es2020.bigint.d.ts
[2024-09-21 10:20:12.560]:         extracting C:\Program Files\NetBeans-16\netbeans\webcommon\typescript-lsp\node_modules\typescript\lib\lib.es2019.symbol.d.ts
[2024-09-21 10:20:12.561]:         extracting C:\Program Files\NetBeans-16\netbeans\webcommon\typescript-lsp\node_modules\typescript\lib\lib.esnext.string.d.ts
[2024-09-21 10:20:12.562]:         extracting C:\Program Files\NetBeans-16\netbeans\webcommon\typescript-lsp\node_modules\typescript\lib\lib.es2017.object.d.ts
[2024-09-21 10:20:12.563]:         extracting C:\Program Files\NetBeans-16\netbeans\webcommon\typescript-lsp\node_modules\typescript\lib\lib.es2018.regexp.d.ts
[2024-09-21 10:20:12.564]:         extracting C:\Program Files\NetBeans-16\netbeans\webcommon\typescript-lsp\node_modules\typescript\lib\lib.es2020.string.d.ts
[2024-09-21 10:20:12.565]:         extracting C:\Program Files\NetBeans-16\netbeans\webcommon\typescript-lsp\node_modules\typescript\lib\lib.es2017.string.d.ts
[2024-09-21 10:20:12.566]:         extracting C:\Program Files\NetBeans-16\netbeans\webcommon\typescript-lsp\node_modules\vscode-jsonrpc\lib\common\encoding.js
[2024-09-21 10:20:12.567]:         extracting C:\Program Files\NetBeans-16\netbeans\webcommon\typescript-lsp\node_modules\vscode-jsonrpc\lib\common\events.d.ts
[2024-09-21 10:20:12.568]:         extracting C:\Program Files\NetBeans-16\netbeans\webcommon\typescript-lsp\node_modules\vscode-jsonrpc\lib\common\messages.js
[2024-09-21 10:20:12.569]:         extracting C:\Program Files\NetBeans-16\netbeans\webcommon\typescript-lsp\node_modules\fs-extra\lib\json\output-json-sync.js
[2024-09-21 10:20:12.572]:         extracting C:\Program Files\NetBeans-16\netbeans\webcommon\typescript-lsp\node_modules\vscode-languageserver\lib\thenable.js
[2024-09-21 10:20:12.572]:         extracting C:\Program Files\NetBeans-16\netbeans\webcommon\typescript-lsp\node_modules\vscode-languageserver\lib\utils\is.js
[2024-09-21 10:20:12.573]:         extracting C:\Program Files\NetBeans-16\netbeans\webcommon\update_tracking\org-netbeans-modules-javascript-jstestdriver.xml
[2024-09-21 10:20:12.574]:         extracting C:\Program Files\NetBeans-16\netbeans\webcommon\update_tracking\org-netbeans-modules-javascript2-prototypejs.xml
[2024-09-21 10:20:12.575]:         extracting C:\Program Files\NetBeans-16\netbeans\webcommon\update_tracking\org-netbeans-modules-web-javascript-debugger.xml
[2024-09-21 10:20:12.575]:         extracting C:\Program Files\NetBeans-16\netbeans\webcommon\config\Modules\org-netbeans-modules-javascript2-source-query.xml
[2024-09-21 10:20:12.577]:         extracting C:\Program Files\NetBeans-16\netbeans\webcommon\typescript-lsp\node_modules\command-exists\lib\command-exists.js
[2024-09-21 10:20:12.578]:         extracting C:\Program Files\NetBeans-16\netbeans\webcommon\typescript-lsp\node_modules\typescript\lib\lib.dom.iterable.d.ts
[2024-09-21 10:20:12.579]:         extracting C:\Program Files\NetBeans-16\netbeans\webcommon\typescript-lsp\node_modules\typescript\lib\lib.es2019.array.d.ts
[2024-09-21 10:20:12.580]:         extracting C:\Program Files\NetBeans-16\netbeans\webcommon\typescript-lsp\node_modules\typescript\lib\lib.es2015.proxy.d.ts
[2024-09-21 10:20:12.582]:         extracting C:\Program Files\NetBeans-16\netbeans\webcommon\typescript-lsp\node_modules\typescript\lib\typescriptServices.js
[2024-09-21 10:20:12.604]:         extracting C:\Program Files\NetBeans-16\netbeans\webcommon\typescript-lsp\node_modules\vscode-jsonrpc\thirdpartynotices.txt
[2024-09-21 10:20:12.605]:         extracting C:\Program Files\NetBeans-16\netbeans\webcommon\typescript-lsp\node_modules\vscode-jsonrpc\typings\thenable.d.ts
[2024-09-21 10:20:12.606]:         extracting C:\Program Files\NetBeans-16\netbeans\webcommon\typescript-lsp\node_modules\vscode-jsonrpc\lib\browser\main.d.ts
[2024-09-21 10:20:12.607]:         extracting C:\Program Files\NetBeans-16\netbeans\webcommon\typescript-lsp\node_modules\fs-extra\lib\ensure\symlink-paths.js
[2024-09-21 10:20:12.609]:         extracting C:\Program Files\NetBeans-16\netbeans\webcommon\typescript-lsp\node_modules\vscode-languageserver\lib\files.d.ts
[2024-09-21 10:20:12.609]:         extracting C:\Program Files\NetBeans-16\netbeans\webcommon\typescript-lsp\node_modules\vscode-languageserver\lib\resolve.js
[2024-09-21 10:20:12.610]:         extracting C:\Program Files\NetBeans-16\netbeans\webcommon\modules\org-netbeans-modules-selenium2-webclient-protractor.jar
[2024-09-21 10:20:12.613]:         extracting C:\Program Files\NetBeans-16\netbeans\webcommon\config\Modules\org-netbeans-modules-javascript-jstestdriver.xml
[2024-09-21 10:20:12.613]:         extracting C:\Program Files\NetBeans-16\netbeans\webcommon\config\Modules\org-netbeans-modules-javascript2-prototypejs.xml
[2024-09-21 10:20:12.613]:         extracting C:\Program Files\NetBeans-16\netbeans\webcommon\config\Modules\org-netbeans-modules-web-javascript-debugger.xml
[2024-09-21 10:20:12.614]:         extracting C:\Program Files\NetBeans-16\netbeans\webcommon\typescript-lsp\node_modules\vscode-languageserver-types\lib\umd
[2024-09-21 10:20:12.614]:         extracting C:\Program Files\NetBeans-16\netbeans\webcommon\typescript-lsp\node_modules\vscode-languageserver-types\lib\esm
[2024-09-21 10:20:12.614]:         extracting C:\Program Files\NetBeans-16\netbeans\webcommon\typescript-lsp\node_modules\vscode-textbuffer\src\rbTreeBase.ts
[2024-09-21 10:20:12.616]:         extracting C:\Program Files\NetBeans-16\netbeans\webcommon\typescript-lsp\node_modules\vscode-textbuffer\lib\rbTreeBase.js
[2024-09-21 10:20:12.617]:         extracting C:\Program Files\NetBeans-16\netbeans\webcommon\typescript-lsp\node_modules\typescript\ThirdPartyNoticeText.txt
[2024-09-21 10:20:12.618]:         extracting C:\Program Files\NetBeans-16\netbeans\webcommon\typescript-lsp\node_modules\typescript\lib\lib.es2017.full.d.ts
[2024-09-21 10:20:12.618]:         extracting C:\Program Files\NetBeans-16\netbeans\webcommon\typescript-lsp\node_modules\typescript\lib\lib.esnext.intl.d.ts
[2024-09-21 10:20:12.620]:         extracting C:\Program Files\NetBeans-16\netbeans\webcommon\typescript-lsp\node_modules\typescript\lib\lib.es2018.intl.d.ts
[2024-09-21 10:20:12.620]:         extracting C:\Program Files\NetBeans-16\netbeans\webcommon\typescript-lsp\node_modules\typescript\lib\tsserverlibrary.d.ts
[2024-09-21 10:20:12.622]:         extracting C:\Program Files\NetBeans-16\netbeans\webcommon\typescript-lsp\node_modules\typescript\lib\lib.es2019.full.d.ts
[2024-09-21 10:20:12.623]:         extracting C:\Program Files\NetBeans-16\netbeans\webcommon\typescript-lsp\node_modules\typescript\lib\lib.es2020.intl.d.ts
[2024-09-21 10:20:12.624]:         extracting C:\Program Files\NetBeans-16\netbeans\webcommon\typescript-lsp\node_modules\typescript\lib\lib.es2017.intl.d.ts
[2024-09-21 10:20:12.624]:         extracting C:\Program Files\NetBeans-16\netbeans\webcommon\typescript-lsp\node_modules\typescript\lib\lib.es2020.full.d.ts
[2024-09-21 10:20:12.625]:         extracting C:\Program Files\NetBeans-16\netbeans\webcommon\typescript-lsp\node_modules\typescript\lib\lib.esnext.full.d.ts
[2024-09-21 10:20:12.627]:         extracting C:\Program Files\NetBeans-16\netbeans\webcommon\typescript-lsp\node_modules\typescript\lib\lib.es2015.core.d.ts
[2024-09-21 10:20:12.627]:         extracting C:\Program Files\NetBeans-16\netbeans\webcommon\typescript-lsp\node_modules\typescript\lib\lib.es2016.full.d.ts
[2024-09-21 10:20:12.628]:         extracting C:\Program Files\NetBeans-16\netbeans\webcommon\typescript-lsp\node_modules\typescript\lib\lib.es2018.full.d.ts
[2024-09-21 10:20:12.628]:         extracting C:\Program Files\NetBeans-16\netbeans\webcommon\typescript-lsp\node_modules\typescript\lib\cancellationToken.js
[2024-09-21 10:20:12.630]:         extracting C:\Program Files\NetBeans-16\netbeans\webcommon\typescript-lsp\node_modules\vscode-jsonrpc\lib\browser\ril.d.ts
[2024-09-21 10:20:12.631]:         extracting C:\Program Files\NetBeans-16\netbeans\webcommon\typescript-lsp\node_modules\vscode-jsonrpc\lib\common\events.js
[2024-09-21 10:20:12.631]:         extracting C:\Program Files\NetBeans-16\netbeans\webcommon\typescript-lsp\node_modules\fs-extra\lib\ensure\symlink-type.js
[2024-09-21 10:20:12.632]:         extracting C:\Program Files\NetBeans-16\netbeans\webcommon\typescript-lsp\node_modules\fs-extra\lib\copy-sync\copy-sync.js
[2024-09-21 10:20:12.633]:         extracting C:\Program Files\NetBeans-16\netbeans\webcommon\typescript-lsp\node_modules\vscode-languageserver\lib\main.d.ts
[2024-09-21 10:20:12.635]:         extracting C:\Program Files\NetBeans-16\netbeans\webcommon\update_tracking\org-netbeans-modules-javascript-v8debug-ui.xml
[2024-09-21 10:20:12.636]:         extracting C:\Program Files\NetBeans-16\netbeans\webcommon\update_tracking\org-netbeans-modules-javascript2-requirejs.xml
[2024-09-21 10:20:12.637]:         extracting C:\Program Files\NetBeans-16\netbeans\webcommon\update_tracking\org-netbeans-modules-web-clientproject-api.xml
[2024-09-21 10:20:12.637]:         extracting C:\Program Files\NetBeans-16\netbeans\webcommon\typescript-lsp\node_modules\typescript-language-server\LICENSE
[2024-09-21 10:20:12.638]:         extracting C:\Program Files\NetBeans-16\netbeans\webcommon\typescript-lsp\node_modules\typescript\lib\typingsInstaller.js
[2024-09-21 10:20:12.654]:         extracting C:\Program Files\NetBeans-16\netbeans\webcommon\typescript-lsp\node_modules\typescript\lib\lib.scripthost.d.ts
[2024-09-21 10:20:12.655]:         extracting C:\Program Files\NetBeans-16\netbeans\webcommon\typescript-lsp\node_modules\vscode-languageserver-protocol\lib
[2024-09-21 10:20:12.655]:         extracting C:\Program Files\NetBeans-16\netbeans\webcommon\typescript-lsp\node_modules\vscode-jsonrpc\lib\browser\main.js
[2024-09-21 10:20:12.655]:         extracting C:\Program Files\NetBeans-16\netbeans\webcommon\typescript-lsp\node_modules\vscode-jsonrpc\lib\common\api.d.ts
[2024-09-21 10:20:12.656]:         extracting C:\Program Files\NetBeans-16\netbeans\webcommon\typescript-lsp\node_modules\vscode-jsonrpc\lib\common\ral.d.ts
[2024-09-21 10:20:12.657]:         extracting C:\Program Files\NetBeans-16\netbeans\webcommon\typescript-lsp\node_modules\fs-extra\lib\mkdirs\mkdirs-sync.js
[2024-09-21 10:20:12.658]:         extracting C:\Program Files\NetBeans-16\netbeans\webcommon\typescript-lsp\node_modules\vscode-languageserver\package.json
[2024-09-21 10:20:12.659]:         extracting C:\Program Files\NetBeans-16\netbeans\webcommon\typescript-lsp\node_modules\vscode-languageserver\lib\files.js
[2024-09-21 10:20:12.659]:         extracting C:\Program Files\NetBeans-16\netbeans\webcommon\update_tracking\org-netbeans-modules-languages-apacheconf.xml
[2024-09-21 10:20:12.660]:         extracting C:\Program Files\NetBeans-16\netbeans\webcommon\update_tracking\org-netbeans-modules-javascript2-knockout.xml
[2024-09-21 10:20:12.660]:         extracting C:\Program Files\NetBeans-16\netbeans\webcommon\config\Modules\org-netbeans-modules-javascript-v8debug-ui.xml
[2024-09-21 10:20:12.662]:         extracting C:\Program Files\NetBeans-16\netbeans\webcommon\config\Modules\org-netbeans-modules-javascript2-requirejs.xml
[2024-09-21 10:20:12.663]:         extracting C:\Program Files\NetBeans-16\netbeans\webcommon\config\Modules\org-netbeans-modules-web-clientproject-api.xml
[2024-09-21 10:20:12.664]:         extracting C:\Program Files\NetBeans-16\netbeans\webcommon\typescript-lsp\node_modules\typescript\lib\lib.webworker.d.ts
[2024-09-21 10:20:12.666]:         extracting C:\Program Files\NetBeans-16\netbeans\webcommon\typescript-lsp\node_modules\typescript\lib\tsserverlibrary.js
[2024-09-21 10:20:12.687]:         extracting C:\Program Files\NetBeans-16\netbeans\webcommon\typescript-lsp\node_modules\vscode-jsonrpc\lib\node\main.d.ts
[2024-09-21 10:20:12.689]:         extracting C:\Program Files\NetBeans-16\netbeans\webcommon\typescript-lsp\node_modules\vscode-jsonrpc\lib\browser\ril.js
[2024-09-21 10:20:12.690]:         extracting C:\Program Files\NetBeans-16\netbeans\webcommon\typescript-lsp\node_modules\vscode-jsonrpc\lib\common\is.d.ts
[2024-09-21 10:20:12.691]:         extracting C:\Program Files\NetBeans-16\netbeans\webcommon\typescript-lsp\node_modules\crypto-random-string\package.json
[2024-09-21 10:20:12.692]:         extracting C:\Program Files\NetBeans-16\netbeans\webcommon\typescript-lsp\node_modules\fs-extra\lib\path-exists\index.js
[2024-09-21 10:20:12.694]:         extracting C:\Program Files\NetBeans-16\netbeans\webcommon\typescript-lsp\node_modules\vscode-languageserver\License.txt
[2024-09-21 10:20:12.695]:         extracting C:\Program Files\NetBeans-16\netbeans\webcommon\typescript-lsp\node_modules\vscode-languageserver\lib\main.js
[2024-09-21 10:20:12.696]:         extracting C:\Program Files\NetBeans-16\netbeans\webcommon\update_tracking\org-netbeans-modules-selenium2-webclient.xml
[2024-09-21 10:20:12.697]:         extracting C:\Program Files\NetBeans-16\netbeans\webcommon\config\Modules\org-netbeans-modules-languages-apacheconf.xml
[2024-09-21 10:20:12.697]:         extracting C:\Program Files\NetBeans-16\netbeans\webcommon\config\Modules\org-netbeans-modules-javascript2-knockout.xml
[2024-09-21 10:20:12.699]:         extracting C:\Program Files\NetBeans-16\netbeans\webcommon\typescript-lsp\node_modules\vscode-textbuffer\jest.config.js
[2024-09-21 10:20:12.699]:         extracting C:\Program Files\NetBeans-16\netbeans\webcommon\typescript-lsp\node_modules\vscode-textbuffer\lib\index.d.ts
[2024-09-21 10:20:12.699]:         extracting C:\Program Files\NetBeans-16\netbeans\webcommon\typescript-lsp\node_modules\vscode-uri\.vscode\settings.json
[2024-09-21 10:20:12.701]:         extracting C:\Program Files\NetBeans-16\netbeans\webcommon\typescript-lsp\node_modules\vscode-jsonrpc\lib\node\ril.d.ts
[2024-09-21 10:20:12.703]:         extracting C:\Program Files\NetBeans-16\netbeans\webcommon\typescript-lsp\node_modules\vscode-jsonrpc\lib\common\api.js
[2024-09-21 10:20:12.704]:         extracting C:\Program Files\NetBeans-16\netbeans\webcommon\typescript-lsp\node_modules\vscode-jsonrpc\lib\common\ral.js
[2024-09-21 10:20:12.704]:         extracting C:\Program Files\NetBeans-16\netbeans\webcommon\typescript-lsp\node_modules\fs-extra\lib\json\output-json.js
[2024-09-21 10:20:12.705]:         extracting C:\Program Files\NetBeans-16\netbeans\webcommon\update_tracking\org-netbeans-modules-javascript2-jquery.xml
[2024-09-21 10:20:12.706]:         extracting C:\Program Files\NetBeans-16\netbeans\webcommon\update_tracking\org-netbeans-modules-web-client-samples.xml
[2024-09-21 10:20:12.707]:         extracting C:\Program Files\NetBeans-16\netbeans\webcommon\update_tracking\org-netbeans-modules-javascript2-extdoc.xml
[2024-09-21 10:20:12.708]:         extracting C:\Program Files\NetBeans-16\netbeans\webcommon\update_tracking\org-netbeans-modules-javascript-v8debug.xml
[2024-09-21 10:20:12.708]:         extracting C:\Program Files\NetBeans-16\netbeans\webcommon\update_tracking\org-netbeans-modules-javascript2-editor.xml
[2024-09-21 10:20:12.709]:         extracting C:\Program Files\NetBeans-16\netbeans\webcommon\update_tracking\org-netbeans-modules-web-webkit-tooling.xml
[2024-09-21 10:20:12.710]:         extracting C:\Program Files\NetBeans-16\netbeans\webcommon\update_tracking\org-netbeans-modules-javascript2-nodejs.xml
[2024-09-21 10:20:12.710]:         extracting C:\Program Files\NetBeans-16\netbeans\webcommon\config\Modules\org-netbeans-modules-selenium2-webclient.xml
[2024-09-21 10:20:12.711]:         extracting C:\Program Files\NetBeans-16\netbeans\webcommon\typescript-lsp\node_modules\vscode-languageserver-types\lib
[2024-09-21 10:20:12.711]:         extracting C:\Program Files\NetBeans-16\netbeans\webcommon\typescript-lsp\node_modules\vscode-textbuffer\tsconfig.json
[2024-09-21 10:20:12.713]:         extracting C:\Program Files\NetBeans-16\netbeans\webcommon\typescript-lsp\node_modules\vscode-jsonrpc\lib\node\main.js
[2024-09-21 10:20:12.713]:         extracting C:\Program Files\NetBeans-16\netbeans\webcommon\typescript-lsp\node_modules\vscode-jsonrpc\lib\common\is.js
[2024-09-21 10:20:12.714]:         extracting C:\Program Files\NetBeans-16\netbeans\webcommon\typescript-lsp\node_modules\fs-extra\lib\copy-sync\index.js
[2024-09-21 10:20:12.715]:         extracting C:\Program Files\NetBeans-16\netbeans\webcommon\typescript-lsp\node_modules\fs-extra\lib\move-sync\index.js
[2024-09-21 10:20:12.717]:         extracting C:\Program Files\NetBeans-16\netbeans\webcommon\typescript-lsp\node_modules\vscode-languageserver\README.md
[2024-09-21 10:20:12.717]:         extracting C:\Program Files\NetBeans-16\netbeans\webcommon\typescript-lsp\node_modules\vscode-languageserver\lib\utils
[2024-09-21 10:20:12.718]:         extracting C:\Program Files\NetBeans-16\netbeans\webcommon\modules\org-netbeans-modules-selenium2-webclient-mocha.jar
[2024-09-21 10:20:12.719]:         extracting C:\Program Files\NetBeans-16\netbeans\webcommon\modules\org-netbeans-modules-cordova-platforms-android.jar
[2024-09-21 10:20:12.723]:         extracting C:\Program Files\NetBeans-16\netbeans\webcommon\update_tracking\org-netbeans-modules-javascript2-react.xml
[2024-09-21 10:20:12.724]:         extracting C:\Program Files\NetBeans-16\netbeans\webcommon\update_tracking\org-netbeans-modules-javascript2-lexer.xml
[2024-09-21 10:20:12.724]:         extracting C:\Program Files\NetBeans-16\netbeans\webcommon\update_tracking\org-netbeans-modules-typescript-editor.xml
[2024-09-21 10:20:12.725]:         extracting C:\Program Files\NetBeans-16\netbeans\webcommon\update_tracking\org-netbeans-modules-javascript-nodejs.xml
[2024-09-21 10:20:12.726]:         extracting C:\Program Files\NetBeans-16\netbeans\webcommon\update_tracking\org-netbeans-modules-extbrowser-chrome.xml
[2024-09-21 10:20:12.727]:         extracting C:\Program Files\NetBeans-16\netbeans\webcommon\update_tracking\org-netbeans-modules-javascript2-extjs.xml
[2024-09-21 10:20:12.728]:         extracting C:\Program Files\NetBeans-16\netbeans\webcommon\update_tracking\org-netbeans-modules-javascript2-types.xml
[2024-09-21 10:20:12.729]:         extracting C:\Program Files\NetBeans-16\netbeans\webcommon\update_tracking\org-netbeans-modules-cordova-platforms.xml
[2024-09-21 10:20:12.730]:         extracting C:\Program Files\NetBeans-16\netbeans\webcommon\update_tracking\org-netbeans-modules-javascript2-model.xml
[2024-09-21 10:20:12.730]:         extracting C:\Program Files\NetBeans-16\netbeans\webcommon\update_tracking\org-netbeans-modules-web-clientproject.xml
[2024-09-21 10:20:12.731]:         extracting C:\Program Files\NetBeans-16\netbeans\webcommon\update_tracking\org-netbeans-modules-javascript2-jsdoc.xml
[2024-09-21 10:20:12.732]:         extracting C:\Program Files\NetBeans-16\netbeans\webcommon\config\Modules\org-netbeans-modules-javascript2-jquery.xml
[2024-09-21 10:20:12.734]:         extracting C:\Program Files\NetBeans-16\netbeans\webcommon\config\Modules\org-netbeans-modules-web-client-samples.xml
[2024-09-21 10:20:12.735]:         extracting C:\Program Files\NetBeans-16\netbeans\webcommon\config\Modules\org-netbeans-modules-javascript2-extdoc.xml
[2024-09-21 10:20:12.735]:         extracting C:\Program Files\NetBeans-16\netbeans\webcommon\config\Modules\org-netbeans-modules-javascript-v8debug.xml
[2024-09-21 10:20:12.736]:         extracting C:\Program Files\NetBeans-16\netbeans\webcommon\config\Modules\org-netbeans-modules-javascript2-editor.xml
[2024-09-21 10:20:12.737]:         extracting C:\Program Files\NetBeans-16\netbeans\webcommon\config\Modules\org-netbeans-modules-web-webkit-tooling.xml
[2024-09-21 10:20:12.737]:         extracting C:\Program Files\NetBeans-16\netbeans\webcommon\config\Modules\org-netbeans-modules-javascript2-nodejs.xml
[2024-09-21 10:20:12.738]:         extracting C:\Program Files\NetBeans-16\netbeans\webcommon\typescript-lsp\node_modules\typescript-language-server\lib
[2024-09-21 10:20:12.738]:         extracting C:\Program Files\NetBeans-16\netbeans\webcommon\typescript-lsp\node_modules\vscode-textbuffer\src\index.ts
[2024-09-21 10:20:12.740]:         extracting C:\Program Files\NetBeans-16\netbeans\webcommon\typescript-lsp\node_modules\vscode-textbuffer\package.json
[2024-09-21 10:20:12.740]:         extracting C:\Program Files\NetBeans-16\netbeans\webcommon\typescript-lsp\node_modules\vscode-textbuffer\lib\index.js
[2024-09-21 10:20:12.741]:         extracting C:\Program Files\NetBeans-16\netbeans\webcommon\typescript-lsp\node_modules\typescript\CopyrightNotice.txt
[2024-09-21 10:20:12.741]:         extracting C:\Program Files\NetBeans-16\netbeans\webcommon\typescript-lsp\node_modules\typescript\loc\lcl\ESN\Targets
[2024-09-21 10:20:12.741]:         extracting C:\Program Files\NetBeans-16\netbeans\webcommon\typescript-lsp\node_modules\typescript\loc\lcl\DEU\Targets
[2024-09-21 10:20:12.743]:         extracting C:\Program Files\NetBeans-16\netbeans\webcommon\typescript-lsp\node_modules\typescript\loc\lcl\RUS\Targets
[2024-09-21 10:20:12.743]:         extracting C:\Program Files\NetBeans-16\netbeans\webcommon\typescript-lsp\node_modules\typescript\loc\lcl\CSY\Targets
[2024-09-21 10:20:12.743]:         extracting C:\Program Files\NetBeans-16\netbeans\webcommon\typescript-lsp\node_modules\typescript\loc\lcl\TRK\Targets
[2024-09-21 10:20:12.743]:         extracting C:\Program Files\NetBeans-16\netbeans\webcommon\typescript-lsp\node_modules\typescript\loc\lcl\CHT\Targets
[2024-09-21 10:20:12.743]:         extracting C:\Program Files\NetBeans-16\netbeans\webcommon\typescript-lsp\node_modules\typescript\loc\lcl\PTB\Targets
[2024-09-21 10:20:12.743]:         extracting C:\Program Files\NetBeans-16\netbeans\webcommon\typescript-lsp\node_modules\typescript\loc\lcl\ITA\Targets
[2024-09-21 10:20:12.743]:         extracting C:\Program Files\NetBeans-16\netbeans\webcommon\typescript-lsp\node_modules\typescript\loc\lcl\CHS\Targets
[2024-09-21 10:20:12.743]:         extracting C:\Program Files\NetBeans-16\netbeans\webcommon\typescript-lsp\node_modules\typescript\loc\lcl\KOR\Targets
[2024-09-21 10:20:12.743]:         extracting C:\Program Files\NetBeans-16\netbeans\webcommon\typescript-lsp\node_modules\typescript\loc\lcl\PLK\Targets
[2024-09-21 10:20:12.744]:         extracting C:\Program Files\NetBeans-16\netbeans\webcommon\typescript-lsp\node_modules\typescript\loc\lcl\JPN\Targets
[2024-09-21 10:20:12.744]:         extracting C:\Program Files\NetBeans-16\netbeans\webcommon\typescript-lsp\node_modules\typescript\loc\lcl\FRA\Targets
[2024-09-21 10:20:12.744]:         extracting C:\Program Files\NetBeans-16\netbeans\webcommon\typescript-lsp\node_modules\typescript\lib\lib.es2018.d.ts
[2024-09-21 10:20:12.744]:         extracting C:\Program Files\NetBeans-16\netbeans\webcommon\typescript-lsp\node_modules\typescript\lib\lib.es2017.d.ts
[2024-09-21 10:20:12.748]:         extracting C:\Program Files\NetBeans-16\netbeans\webcommon\typescript-lsp\node_modules\typescript\lib\lib.es2015.d.ts
[2024-09-21 10:20:12.750]:         extracting C:\Program Files\NetBeans-16\netbeans\webcommon\typescript-lsp\node_modules\typescript\lib\typescript.d.ts
[2024-09-21 10:20:12.752]:         extracting C:\Program Files\NetBeans-16\netbeans\webcommon\typescript-lsp\node_modules\typescript\lib\lib.es2016.d.ts
[2024-09-21 10:20:12.752]:         extracting C:\Program Files\NetBeans-16\netbeans\webcommon\typescript-lsp\node_modules\typescript\lib\lib.esnext.d.ts
[2024-09-21 10:20:12.753]:         extracting C:\Program Files\NetBeans-16\netbeans\webcommon\typescript-lsp\node_modules\typescript\lib\lib.es2019.d.ts
[2024-09-21 10:20:12.754]:         extracting C:\Program Files\NetBeans-16\netbeans\webcommon\typescript-lsp\node_modules\typescript\lib\lib.es2020.d.ts
[2024-09-21 10:20:12.755]:         extracting C:\Program Files\NetBeans-16\netbeans\webcommon\typescript-lsp\node_modules\vscode-languageserver-protocol
[2024-09-21 10:20:12.755]:         extracting C:\Program Files\NetBeans-16\netbeans\webcommon\typescript-lsp\node_modules\vscode-jsonrpc\lib\node\ril.js
[2024-09-21 10:20:12.756]:         extracting C:\Program Files\NetBeans-16\netbeans\webcommon\typescript-lsp\node_modules\crypto-random-string\readme.md
[2024-09-21 10:20:12.758]:         extracting C:\Program Files\NetBeans-16\netbeans\webcommon\typescript-lsp\node_modules\fs-extra\lib\ensure\symlink.js
[2024-09-21 10:20:12.758]:         extracting C:\Program Files\NetBeans-16\netbeans\webcommon\modules\org-netbeans-modules-javascript2-source-query.jar
[2024-09-21 10:20:12.760]:         extracting C:\Program Files\NetBeans-16\netbeans\webcommon\update_tracking\org-netbeans-modules-javascript-karma.xml
[2024-09-21 10:20:12.761]:         extracting C:\Program Files\NetBeans-16\netbeans\webcommon\update_tracking\org-netbeans-modules-javascript2-jade.xml
[2024-09-21 10:20:12.761]:         extracting C:\Program Files\NetBeans-16\netbeans\webcommon\update_tracking\org-netbeans-modules-javascript2-sdoc.xml
[2024-09-21 10:20:12.762]:         extracting C:\Program Files\NetBeans-16\netbeans\webcommon\update_tracking\org-netbeans-modules-javascript2-html.xml
[2024-09-21 10:20:12.763]:         extracting C:\Program Files\NetBeans-16\netbeans\webcommon\update_tracking\org-netbeans-modules-javascript-bower.xml
[2024-09-21 10:20:12.765]:         extracting C:\Program Files\NetBeans-16\netbeans\webcommon\update_tracking\org-netbeans-modules-javascript-grunt.xml
[2024-09-21 10:20:12.766]:         extracting C:\Program Files\NetBeans-16\netbeans\webcommon\update_tracking\org-netbeans-modules-javascript2-json.xml
[2024-09-21 10:20:12.767]:         extracting C:\Program Files\NetBeans-16\netbeans\webcommon\update_tracking\org-netbeans-modules-javascript-cdnjs.xml
[2024-09-21 10:20:12.768]:         extracting C:\Program Files\NetBeans-16\netbeans\webcommon\config\Modules\org-netbeans-modules-javascript2-react.xml
[2024-09-21 10:20:12.769]:         extracting C:\Program Files\NetBeans-16\netbeans\webcommon\config\Modules\org-netbeans-modules-javascript2-lexer.xml
[2024-09-21 10:20:12.769]:         extracting C:\Program Files\NetBeans-16\netbeans\webcommon\config\Modules\org-netbeans-modules-typescript-editor.xml
[2024-09-21 10:20:12.770]:         extracting C:\Program Files\NetBeans-16\netbeans\webcommon\config\Modules\org-netbeans-modules-javascript-nodejs.xml
[2024-09-21 10:20:12.771]:         extracting C:\Program Files\NetBeans-16\netbeans\webcommon\config\Modules\org-netbeans-modules-extbrowser-chrome.xml
[2024-09-21 10:20:12.772]:         extracting C:\Program Files\NetBeans-16\netbeans\webcommon\config\Modules\org-netbeans-modules-javascript2-extjs.xml
[2024-09-21 10:20:12.773]:         extracting C:\Program Files\NetBeans-16\netbeans\webcommon\config\Modules\org-netbeans-modules-javascript2-types.xml
[2024-09-21 10:20:12.774]:         extracting C:\Program Files\NetBeans-16\netbeans\webcommon\config\Modules\org-netbeans-modules-cordova-platforms.xml
[2024-09-21 10:20:12.774]:         extracting C:\Program Files\NetBeans-16\netbeans\webcommon\config\Modules\org-netbeans-modules-javascript2-model.xml
[2024-09-21 10:20:12.775]:         extracting C:\Program Files\NetBeans-16\netbeans\webcommon\config\Modules\org-netbeans-modules-web-clientproject.xml
[2024-09-21 10:20:12.777]:         extracting C:\Program Files\NetBeans-16\netbeans\webcommon\config\Modules\org-netbeans-modules-javascript2-jsdoc.xml
[2024-09-21 10:20:12.778]:         extracting C:\Program Files\NetBeans-16\netbeans\webcommon\typescript-lsp\node_modules\typescript\CODE_OF_CONDUCT.md
[2024-09-21 10:20:12.778]:         extracting C:\Program Files\NetBeans-16\netbeans\webcommon\typescript-lsp\node_modules\vscode-uri\lib\umd\index.d.ts
[2024-09-21 10:20:12.780]:         extracting C:\Program Files\NetBeans-16\netbeans\webcommon\typescript-lsp\node_modules\vscode-uri\lib\esm\index.d.ts
[2024-09-21 10:20:12.781]:         extracting C:\Program Files\NetBeans-16\netbeans\webcommon\typescript-lsp\node_modules\crypto-random-string\index.js
[2024-09-21 10:20:12.782]:         extracting C:\Program Files\NetBeans-16\netbeans\webcommon\typescript-lsp\node_modules\graceful-fs\legacy-streams.js
[2024-09-21 10:20:12.783]:         extracting C:\Program Files\NetBeans-16\netbeans\webcommon\typescript-lsp\node_modules\fs-extra\lib\mkdirs\mkdirs.js
[2024-09-21 10:20:12.785]:         extracting C:\Program Files\NetBeans-16\netbeans\webcommon\typescript-lsp\node_modules\fs-extra\lib\remove\rimraf.js
[2024-09-21 10:20:12.786]:         extracting C:\Program Files\NetBeans-16\netbeans\webcommon\typescript-lsp\node_modules\fs-extra\lib\json\jsonfile.js
[2024-09-21 10:20:12.787]:         extracting C:\Program Files\NetBeans-16\netbeans\webcommon\modules\org-netbeans-modules-web-javascript-debugger.jar
[2024-09-21 10:20:12.790]:         extracting C:\Program Files\NetBeans-16\netbeans\webcommon\modules\org-netbeans-modules-javascript-jstestdriver.jar
[2024-09-21 10:20:12.792]:         extracting C:\Program Files\NetBeans-16\netbeans\webcommon\modules\org-netbeans-modules-javascript2-prototypejs.jar
[2024-09-21 10:20:12.794]:         extracting C:\Program Files\NetBeans-16\netbeans\webcommon\update_tracking\org-netbeans-modules-javascript2-doc.xml
[2024-09-21 10:20:12.795]:         extracting C:\Program Files\NetBeans-16\netbeans\webcommon\update_tracking\org-netbeans-modules-javascript-gulp.xml
[2024-09-21 10:20:12.796]:         extracting C:\Program Files\NetBeans-16\netbeans\webcommon\update_tracking\org-netbeans-modules-javascript2-kit.xml
[2024-09-21 10:20:12.797]:         extracting C:\Program Files\NetBeans-16\netbeans\webcommon\config\Modules\org-netbeans-modules-javascript-karma.xml
[2024-09-21 10:20:12.798]:         extracting C:\Program Files\NetBeans-16\netbeans\webcommon\config\Modules\org-netbeans-modules-javascript2-jade.xml
[2024-09-21 10:20:12.799]:         extracting C:\Program Files\NetBeans-16\netbeans\webcommon\config\Modules\org-netbeans-modules-javascript2-sdoc.xml
[2024-09-21 10:20:12.799]:         extracting C:\Program Files\NetBeans-16\netbeans\webcommon\config\Modules\org-netbeans-modules-javascript2-html.xml
[2024-09-21 10:20:12.801]:         extracting C:\Program Files\NetBeans-16\netbeans\webcommon\config\Modules\org-netbeans-modules-javascript-bower.xml
[2024-09-21 10:20:12.801]:         extracting C:\Program Files\NetBeans-16\netbeans\webcommon\config\Modules\org-netbeans-modules-javascript-grunt.xml
[2024-09-21 10:20:12.802]:         extracting C:\Program Files\NetBeans-16\netbeans\webcommon\config\Modules\org-netbeans-modules-javascript2-json.xml
[2024-09-21 10:20:12.803]:         extracting C:\Program Files\NetBeans-16\netbeans\webcommon\config\Modules\org-netbeans-modules-javascript-cdnjs.xml
[2024-09-21 10:20:12.803]:         extracting C:\Program Files\NetBeans-16\netbeans\webcommon\ant\extra\org-netbeans-modules-cordova-projectupdate.jar
[2024-09-21 10:20:12.806]:         extracting C:\Program Files\NetBeans-16\netbeans\webcommon\typescript-lsp\node_modules\vscode-textbuffer\src\common
[2024-09-21 10:20:12.806]:         extracting C:\Program Files\NetBeans-16\netbeans\webcommon\typescript-lsp\node_modules\vscode-textbuffer\lib\common
[2024-09-21 10:20:12.807]:         extracting C:\Program Files\NetBeans-16\netbeans\webcommon\typescript-lsp\node_modules\typescript\lib\watchGuard.js
[2024-09-21 10:20:12.807]:         extracting C:\Program Files\NetBeans-16\netbeans\webcommon\typescript-lsp\node_modules\typescript\lib\typescript.js
[2024-09-21 10:20:12.834]:         extracting C:\Program Files\NetBeans-16\netbeans\webcommon\typescript-lsp\node_modules\typescript\lib\protocol.d.ts
[2024-09-21 10:20:12.837]:         extracting C:\Program Files\NetBeans-16\netbeans\webcommon\typescript-lsp\node_modules\typescript\lib\typesMap.json
[2024-09-21 10:20:12.840]:         extracting C:\Program Files\NetBeans-16\netbeans\webcommon\typescript-lsp\node_modules\crypto-random-string\license
[2024-09-21 10:20:12.841]:         extracting C:\Program Files\NetBeans-16\netbeans\webcommon\typescript-lsp\node_modules\commander\typings\index.d.ts
[2024-09-21 10:20:12.845]:         extracting C:\Program Files\NetBeans-16\netbeans\webcommon\typescript-lsp\node_modules\fs-extra\lib\mkdirs\win32.js
[2024-09-21 10:20:12.846]:         extracting C:\Program Files\NetBeans-16\netbeans\webcommon\typescript-lsp\node_modules\fs-extra\lib\mkdirs\index.js
[2024-09-21 10:20:12.847]:         extracting C:\Program Files\NetBeans-16\netbeans\webcommon\typescript-lsp\node_modules\fs-extra\lib\output\index.js
[2024-09-21 10:20:12.850]:         extracting C:\Program Files\NetBeans-16\netbeans\webcommon\typescript-lsp\node_modules\fs-extra\lib\ensure\index.js
[2024-09-21 10:20:12.851]:         extracting C:\Program Files\NetBeans-16\netbeans\webcommon\typescript-lsp\node_modules\fs-extra\lib\remove\index.js
[2024-09-21 10:20:12.852]:         extracting C:\Program Files\NetBeans-16\netbeans\webcommon\update_tracking\org-netbeans-modules-web-client-kit.xml
[2024-09-21 10:20:12.855]:         extracting C:\Program Files\NetBeans-16\netbeans\webcommon\config\Modules\org-netbeans-modules-javascript2-doc.xml
[2024-09-21 10:20:12.857]:         extracting C:\Program Files\NetBeans-16\netbeans\webcommon\config\Modules\org-netbeans-modules-javascript-gulp.xml
[2024-09-21 10:20:12.859]:         extracting C:\Program Files\NetBeans-16\netbeans\webcommon\config\Modules\org-netbeans-modules-javascript2-kit.xml
[2024-09-21 10:20:12.861]:         extracting C:\Program Files\NetBeans-16\netbeans\webcommon\typescript-lsp\node_modules\vscode-languageserver-types
[2024-09-21 10:20:12.861]:         extracting C:\Program Files\NetBeans-16\netbeans\webcommon\typescript-lsp\node_modules\command-exists\appveyor.yml
[2024-09-21 10:20:12.862]:         extracting C:\Program Files\NetBeans-16\netbeans\webcommon\typescript-lsp\node_modules\command-exists\package.json
[2024-09-21 10:20:12.863]:         extracting C:\Program Files\NetBeans-16\netbeans\webcommon\typescript-lsp\node_modules\command-exists\test\test.js
[2024-09-21 10:20:12.866]:         extracting C:\Program Files\NetBeans-16\netbeans\webcommon\typescript-lsp\node_modules\vscode-textbuffer\README.md
[2024-09-21 10:20:12.867]:         extracting C:\Program Files\NetBeans-16\netbeans\webcommon\typescript-lsp\node_modules\typescript\lib\lib.es5.d.ts
[2024-09-21 10:20:12.870]:         extracting C:\Program Files\NetBeans-16\netbeans\webcommon\typescript-lsp\node_modules\typescript\lib\lib.es6.d.ts
[2024-09-21 10:20:12.870]:         extracting C:\Program Files\NetBeans-16\netbeans\webcommon\typescript-lsp\node_modules\typescript\lib\lib.dom.d.ts
[2024-09-21 10:20:12.875]:         extracting C:\Program Files\NetBeans-16\netbeans\webcommon\typescript-lsp\node_modules\vscode-uri\lib\umd\index.js
[2024-09-21 10:20:12.877]:         extracting C:\Program Files\NetBeans-16\netbeans\webcommon\typescript-lsp\node_modules\vscode-uri\lib\esm\index.js
[2024-09-21 10:20:12.878]:         extracting C:\Program Files\NetBeans-16\netbeans\webcommon\typescript-lsp\node_modules\vscode-jsonrpc\package.json
[2024-09-21 10:20:12.881]:         extracting C:\Program Files\NetBeans-16\netbeans\webcommon\typescript-lsp\node_modules\vscode-jsonrpc\browser.d.ts
[2024-09-21 10:20:12.882]:         extracting C:\Program Files\NetBeans-16\netbeans\webcommon\typescript-lsp\node_modules\fs-extra\lib\empty\index.js
[2024-09-21 10:20:12.884]:         extracting C:\Program Files\NetBeans-16\netbeans\webcommon\typescript-lsp\node_modules\fs-extra\lib\ensure\file.js
[2024-09-21 10:20:12.886]:         extracting C:\Program Files\NetBeans-16\netbeans\webcommon\typescript-lsp\node_modules\fs-extra\lib\ensure\link.js
[2024-09-21 10:20:12.888]:         extracting C:\Program Files\NetBeans-16\netbeans\webcommon\typescript-lsp\node_modules\fs-extra\lib\util\buffer.js
[2024-09-21 10:20:12.889]:         extracting C:\Program Files\NetBeans-16\netbeans\webcommon\typescript-lsp\node_modules\fs-extra\lib\util\utimes.js
[2024-09-21 10:20:12.892]:         extracting C:\Program Files\NetBeans-16\netbeans\webcommon\modules\org-netbeans-modules-web-clientproject-api.jar
[2024-09-21 10:20:12.899]:         extracting C:\Program Files\NetBeans-16\netbeans\webcommon\modules\org-netbeans-modules-javascript-v8debug-ui.jar
[2024-09-21 10:20:12.903]:         extracting C:\Program Files\NetBeans-16\netbeans\webcommon\modules\org-netbeans-modules-javascript2-requirejs.jar
[2024-09-21 10:20:12.907]:         extracting C:\Program Files\NetBeans-16\netbeans\webcommon\update_tracking\org-netbeans-modules-html-knockout.xml
[2024-09-21 10:20:12.908]:         extracting C:\Program Files\NetBeans-16\netbeans\webcommon\update_tracking\org-netbeans-modules-languages-ini.xml
[2024-09-21 10:20:12.910]:         extracting C:\Program Files\NetBeans-16\netbeans\webcommon\config\Modules\org-netbeans-modules-web-client-kit.xml
[2024-09-21 10:20:12.911]:         extracting C:\Program Files\NetBeans-16\netbeans\webcommon\typescript-lsp\node_modules\unique-string\package.json
[2024-09-21 10:20:12.914]:         extracting C:\Program Files\NetBeans-16\netbeans\webcommon\typescript-lsp\node_modules\typescript-language-server
[2024-09-21 10:20:12.914]:         extracting C:\Program Files\NetBeans-16\netbeans\webcommon\typescript-lsp\node_modules\command-exists\.travis.yml
[2024-09-21 10:20:12.919]:         extracting C:\Program Files\NetBeans-16\netbeans\webcommon\typescript-lsp\node_modules\vscode-textbuffer\src\test
[2024-09-21 10:20:12.919]:         extracting C:\Program Files\NetBeans-16\netbeans\webcommon\typescript-lsp\node_modules\vscode-textbuffer\lib\test
[2024-09-21 10:20:12.919]:         extracting C:\Program Files\NetBeans-16\netbeans\webcommon\typescript-lsp\node_modules\typescript\lib\tsserver.js
[2024-09-21 10:20:12.947]:         extracting C:\Program Files\NetBeans-16\netbeans\webcommon\typescript-lsp\node_modules\vscode-jsonrpc\License.txt
[2024-09-21 10:20:12.948]:         extracting C:\Program Files\NetBeans-16\netbeans\webcommon\typescript-lsp\node_modules\vscode-jsonrpc\lib\browser
[2024-09-21 10:20:12.948]:         extracting C:\Program Files\NetBeans-16\netbeans\webcommon\typescript-lsp\node_modules\graceful-fs\graceful-fs.js
[2024-09-21 10:20:12.952]:         extracting C:\Program Files\NetBeans-16\netbeans\webcommon\typescript-lsp\node_modules\fs-extra\lib\move\index.js
[2024-09-21 10:20:12.956]:         extracting C:\Program Files\NetBeans-16\netbeans\webcommon\typescript-lsp\node_modules\fs-extra\lib\json\index.js
[2024-09-21 10:20:12.959]:         extracting C:\Program Files\NetBeans-16\netbeans\webcommon\typescript-lsp\node_modules\fs-extra\lib\copy\index.js
[2024-09-21 10:20:12.963]:         extracting C:\Program Files\NetBeans-16\netbeans\webcommon\modules\org-netbeans-modules-javascript2-knockout.jar
[2024-09-21 10:20:12.968]:         extracting C:\Program Files\NetBeans-16\netbeans\webcommon\modules\org-netbeans-modules-languages-apacheconf.jar
[2024-09-21 10:20:12.970]:         extracting C:\Program Files\NetBeans-16\netbeans\webcommon\update_tracking\org-netbeans-modules-html-angular.xml
[2024-09-21 10:20:12.982]:         extracting C:\Program Files\NetBeans-16\netbeans\webcommon\config\Modules\org-netbeans-modules-html-knockout.xml
[2024-09-21 10:20:12.989]:         extracting C:\Program Files\NetBeans-16\netbeans\webcommon\config\Modules\org-netbeans-modules-languages-ini.xml
[2024-09-21 10:20:12.991]:         extracting C:\Program Files\NetBeans-16\netbeans\webcommon\typescript-lsp\node_modules\command-exists\.npmignore
[2024-09-21 10:20:12.992]:         extracting C:\Program Files\NetBeans-16\netbeans\webcommon\typescript-lsp\node_modules\vscode-textbuffer\LICENSE
[2024-09-21 10:20:12.994]:         extracting C:\Program Files\NetBeans-16\netbeans\webcommon\typescript-lsp\node_modules\vscode-jsonrpc\browser.js
[2024-09-21 10:20:12.995]:         extracting C:\Program Files\NetBeans-16\netbeans\webcommon\typescript-lsp\node_modules\vscode-jsonrpc\lib\common
[2024-09-21 10:20:12.995]:         extracting C:\Program Files\NetBeans-16\netbeans\webcommon\typescript-lsp\node_modules\fs-extra\lib\copy\copy.js
[2024-09-21 10:20:12.996]:         extracting C:\Program Files\NetBeans-16\netbeans\webcommon\typescript-lsp\node_modules\universalify\package.json
[2024-09-21 10:20:12.997]:         extracting C:\Program Files\NetBeans-16\netbeans\webcommon\typescript-lsp\node_modules\vscode-languageserver\bin
[2024-09-21 10:20:12.998]:         extracting C:\Program Files\NetBeans-16\netbeans\webcommon\typescript-lsp\node_modules\vscode-languageserver\lib
[2024-09-21 10:20:12.998]:         extracting C:\Program Files\NetBeans-16\netbeans\webcommon\modules\org-netbeans-modules-selenium2-webclient.jar
[2024-09-21 10:20:12.999]:         extracting C:\Program Files\NetBeans-16\netbeans\webcommon\update_tracking\org-netbeans-modules-web-inspect.xml
[2024-09-21 10:20:13.000]:         extracting C:\Program Files\NetBeans-16\netbeans\webcommon\config\Modules\org-netbeans-modules-html-angular.xml
[2024-09-21 10:20:13.000]:         extracting C:\Program Files\NetBeans-16\netbeans\webcommon\typescript-lsp\node_modules\command-exists\README.md
[2024-09-21 10:20:13.002]:         extracting C:\Program Files\NetBeans-16\netbeans\webcommon\typescript-lsp\node_modules\command-exists\.jshintrc
[2024-09-21 10:20:13.002]:         extracting C:\Program Files\NetBeans-16\netbeans\webcommon\typescript-lsp\node_modules\typescript\lib\README.md
[2024-09-21 10:20:13.003]:         extracting C:\Program Files\NetBeans-16\netbeans\webcommon\typescript-lsp\node_modules\vscode-jsonrpc\node.d.ts
[2024-09-21 10:20:13.004]:         extracting C:\Program Files\NetBeans-16\netbeans\webcommon\typescript-lsp\node_modules\vscode-jsonrpc\README.md
[2024-09-21 10:20:13.005]:         extracting C:\Program Files\NetBeans-16\netbeans\webcommon\typescript-lsp\node_modules\graceful-fs\polyfills.js
[2024-09-21 10:20:13.007]:         extracting C:\Program Files\NetBeans-16\netbeans\webcommon\typescript-lsp\node_modules\graceful-fs\package.json
[2024-09-21 10:20:13.008]:         extracting C:\Program Files\NetBeans-16\netbeans\webcommon\typescript-lsp\node_modules\fs-extra\lib\path-exists
[2024-09-21 10:20:13.008]:         extracting C:\Program Files\NetBeans-16\netbeans\webcommon\typescript-lsp\node_modules\fs-extra\lib\fs\index.js
[2024-09-21 10:20:13.009]:         extracting C:\Program Files\NetBeans-16\netbeans\webcommon\modules\org-netbeans-modules-javascript2-nodejs.jar
[2024-09-21 10:20:13.011]:         extracting C:\Program Files\NetBeans-16\netbeans\webcommon\modules\org-netbeans-modules-javascript-v8debug.jar
[2024-09-21 10:20:13.014]:         extracting C:\Program Files\NetBeans-16\netbeans\webcommon\modules\org-netbeans-modules-web-webkit-tooling.jar
[2024-09-21 10:20:13.016]:         extracting C:\Program Files\NetBeans-16\netbeans\webcommon\modules\org-netbeans-modules-javascript2-editor.jar
[2024-09-21 10:20:13.023]:         extracting C:\Program Files\NetBeans-16\netbeans\webcommon\modules\org-netbeans-modules-javascript2-jquery.jar
[2024-09-21 10:20:13.026]:         extracting C:\Program Files\NetBeans-16\netbeans\webcommon\modules\org-netbeans-modules-web-client-samples.jar
[2024-09-21 10:20:13.027]:         extracting C:\Program Files\NetBeans-16\netbeans\webcommon\modules\org-netbeans-modules-javascript2-extdoc.jar
[2024-09-21 10:20:13.031]:         extracting C:\Program Files\NetBeans-16\netbeans\webcommon\config\Modules\org-netbeans-modules-web-inspect.xml
[2024-09-21 10:20:13.034]:         extracting C:\Program Files\NetBeans-16\netbeans\webcommon\typescript-lsp\node_modules\unique-string\readme.md
[2024-09-21 10:20:13.035]:         extracting C:\Program Files\NetBeans-16\netbeans\webcommon\typescript-lsp\node_modules\command-exists\index.js
[2024-09-21 10:20:13.036]:         extracting C:\Program Files\NetBeans-16\netbeans\webcommon\typescript-lsp\node_modules\typescript\bin\tsserver
[2024-09-21 10:20:13.037]:         extracting C:\Program Files\NetBeans-16\netbeans\webcommon\typescript-lsp\node_modules\typescript\package.json
[2024-09-21 10:20:13.038]:         extracting C:\Program Files\NetBeans-16\netbeans\webcommon\typescript-lsp\node_modules\typescript\lib\lib.d.ts
[2024-09-21 10:20:13.039]:         extracting C:\Program Files\NetBeans-16\netbeans\webcommon\typescript-lsp\node_modules\p-debounce\package.json
[2024-09-21 10:20:13.040]:         extracting C:\Program Files\NetBeans-16\netbeans\webcommon\typescript-lsp\node_modules\vscode-uri\package.json
[2024-09-21 10:20:13.041]:         extracting C:\Program Files\NetBeans-16\netbeans\webcommon\typescript-lsp\node_modules\vscode-jsonrpc\node.cmd
[2024-09-21 10:20:13.042]:         extracting C:\Program Files\NetBeans-16\netbeans\webcommon\typescript-lsp\node_modules\vscode-jsonrpc\lib\node
[2024-09-21 10:20:13.042]:         extracting C:\Program Files\NetBeans-16\netbeans\webcommon\modules\org-netbeans-modules-javascript2-extjs.jar
[2024-09-21 10:20:13.044]:         extracting C:\Program Files\NetBeans-16\netbeans\webcommon\modules\org-netbeans-modules-javascript2-model.jar
[2024-09-21 10:20:13.049]:         extracting C:\Program Files\NetBeans-16\netbeans\webcommon\modules\org-netbeans-modules-javascript2-lexer.jar
[2024-09-21 10:20:13.051]:         extracting C:\Program Files\NetBeans-16\netbeans\webcommon\modules\org-netbeans-modules-javascript2-types.jar
[2024-09-21 10:20:13.053]:         extracting C:\Program Files\NetBeans-16\netbeans\webcommon\modules\org-netbeans-modules-web-clientproject.jar
[2024-09-21 10:20:13.057]:         extracting C:\Program Files\NetBeans-16\netbeans\webcommon\modules\org-netbeans-modules-javascript2-jsdoc.jar
[2024-09-21 10:20:13.059]:         extracting C:\Program Files\NetBeans-16\netbeans\webcommon\modules\org-netbeans-modules-javascript2-react.jar
[2024-09-21 10:20:13.060]:         extracting C:\Program Files\NetBeans-16\netbeans\webcommon\modules\org-netbeans-modules-typescript-editor.jar
[2024-09-21 10:20:13.062]:         extracting C:\Program Files\NetBeans-16\netbeans\webcommon\modules\org-netbeans-modules-cordova-platforms.jar
[2024-09-21 10:20:13.064]:         extracting C:\Program Files\NetBeans-16\netbeans\webcommon\modules\org-netbeans-modules-javascript-nodejs.jar
[2024-09-21 10:20:13.070]:         extracting C:\Program Files\NetBeans-16\netbeans\webcommon\modules\org-netbeans-modules-extbrowser-chrome.jar
[2024-09-21 10:20:13.072]:         extracting C:\Program Files\NetBeans-16\netbeans\webcommon\update_tracking\org-netbeans-libs-jstestdriver.xml
[2024-09-21 10:20:13.073]:         extracting C:\Program Files\NetBeans-16\netbeans\webcommon\update_tracking\org-netbeans-modules-netserver.xml
[2024-09-21 10:20:13.074]:         extracting C:\Program Files\NetBeans-16\netbeans\webcommon\typescript-lsp\node_modules\unique-string\index.js
[2024-09-21 10:20:13.075]:         extracting C:\Program Files\NetBeans-16\netbeans\webcommon\typescript-lsp\node_modules\command-exists\LICENSE
[2024-09-21 10:20:13.077]:         extracting C:\Program Files\NetBeans-16\netbeans\webcommon\typescript-lsp\node_modules\typescript\loc\lcl\ESN
[2024-09-21 10:20:13.077]:         extracting C:\Program Files\NetBeans-16\netbeans\webcommon\typescript-lsp\node_modules\typescript\loc\lcl\DEU
[2024-09-21 10:20:13.078]:         extracting C:\Program Files\NetBeans-16\netbeans\webcommon\typescript-lsp\node_modules\typescript\loc\lcl\RUS
[2024-09-21 10:20:13.078]:         extracting C:\Program Files\NetBeans-16\netbeans\webcommon\typescript-lsp\node_modules\typescript\loc\lcl\CSY
[2024-09-21 10:20:13.078]:         extracting C:\Program Files\NetBeans-16\netbeans\webcommon\typescript-lsp\node_modules\typescript\loc\lcl\TRK
[2024-09-21 10:20:13.078]:         extracting C:\Program Files\NetBeans-16\netbeans\webcommon\typescript-lsp\node_modules\typescript\loc\lcl\CHT
[2024-09-21 10:20:13.079]:         extracting C:\Program Files\NetBeans-16\netbeans\webcommon\typescript-lsp\node_modules\typescript\loc\lcl\PTB
[2024-09-21 10:20:13.079]:         extracting C:\Program Files\NetBeans-16\netbeans\webcommon\typescript-lsp\node_modules\typescript\loc\lcl\ITA
[2024-09-21 10:20:13.079]:         extracting C:\Program Files\NetBeans-16\netbeans\webcommon\typescript-lsp\node_modules\typescript\loc\lcl\CHS
[2024-09-21 10:20:13.079]:         extracting C:\Program Files\NetBeans-16\netbeans\webcommon\typescript-lsp\node_modules\typescript\loc\lcl\KOR
[2024-09-21 10:20:13.079]:         extracting C:\Program Files\NetBeans-16\netbeans\webcommon\typescript-lsp\node_modules\typescript\loc\lcl\PLK
[2024-09-21 10:20:13.079]:         extracting C:\Program Files\NetBeans-16\netbeans\webcommon\typescript-lsp\node_modules\typescript\loc\lcl\JPN
[2024-09-21 10:20:13.079]:         extracting C:\Program Files\NetBeans-16\netbeans\webcommon\typescript-lsp\node_modules\typescript\loc\lcl\FRA
[2024-09-21 10:20:13.080]:         extracting C:\Program Files\NetBeans-16\netbeans\webcommon\typescript-lsp\node_modules\typescript\LICENSE.txt
[2024-09-21 10:20:13.081]:         extracting C:\Program Files\NetBeans-16\netbeans\webcommon\typescript-lsp\node_modules\vscode-uri\.travis.yml
[2024-09-21 10:20:13.082]:         extracting C:\Program Files\NetBeans-16\netbeans\webcommon\typescript-lsp\node_modules\vscode-jsonrpc\typings
[2024-09-21 10:20:13.083]:         extracting C:\Program Files\NetBeans-16\netbeans\webcommon\typescript-lsp\node_modules\vscode-jsonrpc\node.js
[2024-09-21 10:20:13.084]:         extracting C:\Program Files\NetBeans-16\netbeans\webcommon\typescript-lsp\node_modules\commander\CHANGELOG.md
[2024-09-21 10:20:13.085]:         extracting C:\Program Files\NetBeans-16\netbeans\webcommon\typescript-lsp\node_modules\commander\package.json
[2024-09-21 10:20:13.085]:         extracting C:\Program Files\NetBeans-16\netbeans\webcommon\typescript-lsp\node_modules\fs-extra\lib\copy-sync
[2024-09-21 10:20:13.085]:         extracting C:\Program Files\NetBeans-16\netbeans\webcommon\typescript-lsp\node_modules\fs-extra\lib\move-sync
[2024-09-21 10:20:13.086]:         extracting C:\Program Files\NetBeans-16\netbeans\webcommon\typescript-lsp\node_modules\universalify\README.md
[2024-09-21 10:20:13.086]:         extracting C:\Program Files\NetBeans-16\netbeans\webcommon\modules\org-netbeans-modules-javascript-cdnjs.jar
[2024-09-21 10:20:13.089]:         extracting C:\Program Files\NetBeans-16\netbeans\webcommon\modules\org-netbeans-modules-javascript-bower.jar
[2024-09-21 10:20:13.091]:         extracting C:\Program Files\NetBeans-16\netbeans\webcommon\modules\org-netbeans-modules-javascript2-jade.jar
[2024-09-21 10:20:13.094]:         extracting C:\Program Files\NetBeans-16\netbeans\webcommon\modules\org-netbeans-modules-javascript-karma.jar
[2024-09-21 10:20:13.098]:         extracting C:\Program Files\NetBeans-16\netbeans\webcommon\modules\org-netbeans-modules-javascript-grunt.jar
[2024-09-21 10:20:13.100]:         extracting C:\Program Files\NetBeans-16\netbeans\webcommon\modules\org-netbeans-modules-javascript2-json.jar
[2024-09-21 10:20:13.102]:         extracting C:\Program Files\NetBeans-16\netbeans\webcommon\modules\org-netbeans-modules-javascript2-sdoc.jar
[2024-09-21 10:20:13.104]:         extracting C:\Program Files\NetBeans-16\netbeans\webcommon\modules\org-netbeans-modules-javascript2-html.jar
[2024-09-21 10:20:13.105]:         extracting C:\Program Files\NetBeans-16\netbeans\webcommon\config\Modules\org-netbeans-libs-jstestdriver.xml
[2024-09-21 10:20:13.106]:         extracting C:\Program Files\NetBeans-16\netbeans\webcommon\config\Modules\org-netbeans-modules-netserver.xml
[2024-09-21 10:20:13.107]:         extracting C:\Program Files\NetBeans-16\netbeans\webcommon\typescript-lsp\node_modules\unique-string\license
[2024-09-21 10:20:13.108]:         extracting C:\Program Files\NetBeans-16\netbeans\webcommon\typescript-lsp\node_modules\temp-dir\package.json
[2024-09-21 10:20:13.110]:         extracting C:\Program Files\NetBeans-16\netbeans\webcommon\typescript-lsp\node_modules\jsonfile\CHANGELOG.md
[2024-09-21 10:20:13.112]:         extracting C:\Program Files\NetBeans-16\netbeans\webcommon\typescript-lsp\node_modules\jsonfile\package.json
[2024-09-21 10:20:13.113]:         extracting C:\Program Files\NetBeans-16\netbeans\webcommon\typescript-lsp\node_modules\vscode-textbuffer\src
[2024-09-21 10:20:13.113]:         extracting C:\Program Files\NetBeans-16\netbeans\webcommon\typescript-lsp\node_modules\vscode-textbuffer\lib
[2024-09-21 10:20:13.113]:         extracting C:\Program Files\NetBeans-16\netbeans\webcommon\typescript-lsp\node_modules\typescript\AUTHORS.md
[2024-09-21 10:20:13.114]:         extracting C:\Program Files\NetBeans-16\netbeans\webcommon\typescript-lsp\node_modules\typescript\lib\tsc.js
[2024-09-21 10:20:13.126]:         extracting C:\Program Files\NetBeans-16\netbeans\webcommon\typescript-lsp\node_modules\vscode-uri\LICENSE.md
[2024-09-21 10:20:13.127]:         extracting C:\Program Files\NetBeans-16\netbeans\webcommon\typescript-lsp\node_modules\graceful-fs\README.md
[2024-09-21 10:20:13.128]:         extracting C:\Program Files\NetBeans-16\netbeans\webcommon\typescript-lsp\node_modules\fs-extra\CHANGELOG.md
[2024-09-21 10:20:13.129]:         extracting C:\Program Files\NetBeans-16\netbeans\webcommon\typescript-lsp\node_modules\fs-extra\package.json
[2024-09-21 10:20:13.130]:         extracting C:\Program Files\NetBeans-16\netbeans\webcommon\typescript-lsp\node_modules\fs-extra\lib\index.js
[2024-09-21 10:20:13.131]:         extracting C:\Program Files\NetBeans-16\netbeans\webcommon\typescript-lsp\node_modules\universalify\index.js
[2024-09-21 10:20:13.133]:         extracting C:\Program Files\NetBeans-16\netbeans\webcommon\typescript-lsp\node_modules\vscode-languageserver
[2024-09-21 10:20:13.133]:         extracting C:\Program Files\NetBeans-16\netbeans\webcommon\modules\org-netbeans-modules-javascript-gulp.jar
[2024-09-21 10:20:13.135]:         extracting C:\Program Files\NetBeans-16\netbeans\webcommon\modules\org-netbeans-modules-javascript2-kit.jar
[2024-09-21 10:20:13.136]:         extracting C:\Program Files\NetBeans-16\netbeans\webcommon\modules\org-netbeans-modules-javascript2-doc.jar
[2024-09-21 10:20:13.139]:         extracting C:\Program Files\NetBeans-16\netbeans\webcommon\update_tracking\org-netbeans-modules-cordova.xml
[2024-09-21 10:20:13.139]:         extracting C:\Program Files\NetBeans-16\netbeans\webcommon\typescript-lsp\node_modules\typescript\README.md
[2024-09-21 10:20:13.140]:         extracting C:\Program Files\NetBeans-16\netbeans\webcommon\typescript-lsp\node_modules\typescript\lib\zh-cn
[2024-09-21 10:20:13.140]:         extracting C:\Program Files\NetBeans-16\netbeans\webcommon\typescript-lsp\node_modules\typescript\lib\pt-br
[2024-09-21 10:20:13.140]:         extracting C:\Program Files\NetBeans-16\netbeans\webcommon\typescript-lsp\node_modules\typescript\lib\zh-tw
[2024-09-21 10:20:13.140]:         extracting C:\Program Files\NetBeans-16\netbeans\webcommon\typescript-lsp\node_modules\p-debounce\readme.md
[2024-09-21 10:20:13.141]:         extracting C:\Program Files\NetBeans-16\netbeans\webcommon\typescript-lsp\node_modules\vscode-uri\README.md
[2024-09-21 10:20:13.142]:         extracting C:\Program Files\NetBeans-16\netbeans\webcommon\typescript-lsp\node_modules\crypto-random-string
[2024-09-21 10:20:13.142]:         extracting C:\Program Files\NetBeans-16\netbeans\webcommon\typescript-lsp\node_modules\graceful-fs\clone.js
[2024-09-21 10:20:13.143]:         extracting C:\Program Files\NetBeans-16\netbeans\webcommon\typescript-lsp\node_modules\universalify\LICENSE
[2024-09-21 10:20:13.144]:         extracting C:\Program Files\NetBeans-16\netbeans\webcommon\modules\org-netbeans-modules-web-client-kit.jar
[2024-09-21 10:20:13.146]:         extracting C:\Program Files\NetBeans-16\netbeans\webcommon\config\Modules\org-netbeans-modules-cordova.xml
[2024-09-21 10:20:13.147]:         extracting C:\Program Files\NetBeans-16\netbeans\webcommon\typescript-lsp\node_modules\command-exists\test
[2024-09-21 10:20:13.148]:         extracting C:\Program Files\NetBeans-16\netbeans\webcommon\typescript-lsp\node_modules\p-debounce\index.js
[2024-09-21 10:20:13.148]:         extracting C:\Program Files\NetBeans-16\netbeans\webcommon\typescript-lsp\node_modules\graceful-fs\LICENSE
[2024-09-21 10:20:13.149]:         extracting C:\Program Files\NetBeans-16\netbeans\webcommon\typescript-lsp\node_modules\commander\Readme.md
[2024-09-21 10:20:13.150]:         extracting C:\Program Files\NetBeans-16\netbeans\webcommon\typescript-lsp\node_modules\fs-extra\lib\mkdirs
[2024-09-21 10:20:13.150]:         extracting C:\Program Files\NetBeans-16\netbeans\webcommon\typescript-lsp\node_modules\fs-extra\lib\output
[2024-09-21 10:20:13.151]:         extracting C:\Program Files\NetBeans-16\netbeans\webcommon\typescript-lsp\node_modules\fs-extra\lib\ensure
[2024-09-21 10:20:13.151]:         extracting C:\Program Files\NetBeans-16\netbeans\webcommon\typescript-lsp\node_modules\fs-extra\lib\remove
[2024-09-21 10:20:13.151]:         extracting C:\Program Files\NetBeans-16\netbeans\webcommon\modules\org-netbeans-modules-html-knockout.jar
[2024-09-21 10:20:13.155]:         extracting C:\Program Files\NetBeans-16\netbeans\webcommon\modules\org-netbeans-modules-languages-ini.jar
[2024-09-21 10:20:13.177]:         extracting C:\Program Files\NetBeans-16\netbeans\webcommon\typescript-lsp\node_modules\temp-dir\readme.md
[2024-09-21 10:20:13.178]:         extracting C:\Program Files\NetBeans-16\netbeans\webcommon\typescript-lsp\node_modules\command-exists\lib
[2024-09-21 10:20:13.179]:         extracting C:\Program Files\NetBeans-16\netbeans\webcommon\typescript-lsp\node_modules\jsonfile\README.md
[2024-09-21 10:20:13.179]:         extracting C:\Program Files\NetBeans-16\netbeans\webcommon\typescript-lsp\node_modules\typescript\loc\lcl
[2024-09-21 10:20:13.179]:         extracting C:\Program Files\NetBeans-16\netbeans\webcommon\typescript-lsp\node_modules\typescript\bin\tsc
[2024-09-21 10:20:13.180]:         extracting C:\Program Files\NetBeans-16\netbeans\webcommon\typescript-lsp\node_modules\p-debounce\license
[2024-09-21 10:20:13.181]:         extracting C:\Program Files\NetBeans-16\netbeans\webcommon\typescript-lsp\node_modules\vscode-uri\.vscode
[2024-09-21 10:20:13.181]:         extracting C:\Program Files\NetBeans-16\netbeans\webcommon\typescript-lsp\node_modules\vscode-uri\lib\umd
[2024-09-21 10:20:13.181]:         extracting C:\Program Files\NetBeans-16\netbeans\webcommon\typescript-lsp\node_modules\vscode-uri\lib\esm
[2024-09-21 10:20:13.181]:         extracting C:\Program Files\NetBeans-16\netbeans\webcommon\typescript-lsp\node_modules\vscode-jsonrpc\lib
[2024-09-21 10:20:13.181]:         extracting C:\Program Files\NetBeans-16\netbeans\webcommon\typescript-lsp\node_modules\tempy\package.json
[2024-09-21 10:20:13.182]:         extracting C:\Program Files\NetBeans-16\netbeans\webcommon\typescript-lsp\node_modules\commander\index.js
[2024-09-21 10:20:13.184]:         extracting C:\Program Files\NetBeans-16\netbeans\webcommon\typescript-lsp\node_modules\fs-extra\README.md
[2024-09-21 10:20:13.185]:         extracting C:\Program Files\NetBeans-16\netbeans\webcommon\typescript-lsp\node_modules\fs-extra\lib\empty
[2024-09-21 10:20:13.185]:         extracting C:\Program Files\NetBeans-16\netbeans\webcommon\modules\org-netbeans-modules-html-angular.jar
[2024-09-21 10:20:13.187]:         extracting C:\Program Files\NetBeans-16\netbeans\webcommon\update_tracking\org-netbeans-libs-nashorn.xml
[2024-09-21 10:20:13.188]:         extracting C:\Program Files\NetBeans-16\netbeans\webcommon\update_tracking\org-netbeans-libs-graaljs.xml
[2024-09-21 10:20:13.189]:         extracting C:\Program Files\NetBeans-16\netbeans\webcommon\update_tracking\org-netbeans-api-knockout.xml
[2024-09-21 10:20:13.190]:         extracting C:\Program Files\NetBeans-16\netbeans\webcommon\typescript-lsp\node_modules\temp-dir\index.js
[2024-09-21 10:20:13.190]:         extracting C:\Program Files\NetBeans-16\netbeans\webcommon\typescript-lsp\node_modules\jsonfile\index.js
[2024-09-21 10:20:13.191]:         extracting C:\Program Files\NetBeans-16\netbeans\webcommon\typescript-lsp\node_modules\vscode-textbuffer
[2024-09-21 10:20:13.191]:         extracting C:\Program Files\NetBeans-16\netbeans\webcommon\typescript-lsp\node_modules\typescript\lib\es
[2024-09-21 10:20:13.191]:         extracting C:\Program Files\NetBeans-16\netbeans\webcommon\typescript-lsp\node_modules\typescript\lib\tr
[2024-09-21 10:20:13.191]:         extracting C:\Program Files\NetBeans-16\netbeans\webcommon\typescript-lsp\node_modules\typescript\lib\fr
[2024-09-21 10:20:13.191]:         extracting C:\Program Files\NetBeans-16\netbeans\webcommon\typescript-lsp\node_modules\typescript\lib\ru
[2024-09-21 10:20:13.191]:         extracting C:\Program Files\NetBeans-16\netbeans\webcommon\typescript-lsp\node_modules\typescript\lib\ja
[2024-09-21 10:20:13.193]:         extracting C:\Program Files\NetBeans-16\netbeans\webcommon\typescript-lsp\node_modules\typescript\lib\pl
[2024-09-21 10:20:13.193]:         extracting C:\Program Files\NetBeans-16\netbeans\webcommon\typescript-lsp\node_modules\typescript\lib\it
[2024-09-21 10:20:13.193]:         extracting C:\Program Files\NetBeans-16\netbeans\webcommon\typescript-lsp\node_modules\typescript\lib\ko
[2024-09-21 10:20:13.193]:         extracting C:\Program Files\NetBeans-16\netbeans\webcommon\typescript-lsp\node_modules\typescript\lib\cs
[2024-09-21 10:20:13.193]:         extracting C:\Program Files\NetBeans-16\netbeans\webcommon\typescript-lsp\node_modules\typescript\lib\de
[2024-09-21 10:20:13.193]:         extracting C:\Program Files\NetBeans-16\netbeans\webcommon\typescript-lsp\node_modules\commander\typings
[2024-09-21 10:20:13.194]:         extracting C:\Program Files\NetBeans-16\netbeans\webcommon\typescript-lsp\node_modules\commander\LICENSE
[2024-09-21 10:20:13.194]:         extracting C:\Program Files\NetBeans-16\netbeans\webcommon\typescript-lsp\node_modules\fs-extra\lib\move
[2024-09-21 10:20:13.194]:         extracting C:\Program Files\NetBeans-16\netbeans\webcommon\typescript-lsp\node_modules\fs-extra\lib\util
[2024-09-21 10:20:13.194]:         extracting C:\Program Files\NetBeans-16\netbeans\webcommon\typescript-lsp\node_modules\fs-extra\lib\json
[2024-09-21 10:20:13.194]:         extracting C:\Program Files\NetBeans-16\netbeans\webcommon\typescript-lsp\node_modules\fs-extra\lib\copy
[2024-09-21 10:20:13.194]:         extracting C:\Program Files\NetBeans-16\netbeans\webcommon\modules\org-netbeans-modules-web-inspect.jar
[2024-09-21 10:20:13.200]:         extracting C:\Program Files\NetBeans-16\netbeans\webcommon\update_tracking\org-netbeans-lib-v8debug.xml
[2024-09-21 10:20:13.200]:         extracting C:\Program Files\NetBeans-16\netbeans\webcommon\config\Modules\org-netbeans-libs-nashorn.xml
[2024-09-21 10:20:13.201]:         extracting C:\Program Files\NetBeans-16\netbeans\webcommon\config\Modules\org-netbeans-libs-graaljs.xml
[2024-09-21 10:20:13.201]:         extracting C:\Program Files\NetBeans-16\netbeans\webcommon\config\Modules\org-netbeans-api-knockout.xml
[2024-09-21 10:20:13.203]:         extracting C:\Program Files\NetBeans-16\netbeans\webcommon\typescript-lsp\node_modules\temp-dir\license
[2024-09-21 10:20:13.203]:         extracting C:\Program Files\NetBeans-16\netbeans\webcommon\typescript-lsp\node_modules\jsonfile\LICENSE
[2024-09-21 10:20:13.205]:         extracting C:\Program Files\NetBeans-16\netbeans\webcommon\typescript-lsp\node_modules\fs-extra\LICENSE
[2024-09-21 10:20:13.206]:         extracting C:\Program Files\NetBeans-16\netbeans\webcommon\update_tracking\org-netbeans-libs-plist.xml
[2024-09-21 10:20:13.207]:         extracting C:\Program Files\NetBeans-16\netbeans\webcommon\config\Modules\org-netbeans-lib-v8debug.xml
[2024-09-21 10:20:13.208]:         extracting C:\Program Files\NetBeans-16\netbeans\webcommon\typescript-lsp\node_modules\tempy\readme.md
[2024-09-21 10:20:13.209]:         extracting C:\Program Files\NetBeans-16\netbeans\webcommon\typescript-lsp\node_modules\fs-extra\lib\fs
[2024-09-21 10:20:13.209]:         extracting C:\Program Files\NetBeans-16\netbeans\webcommon\modules\org-netbeans-libs-jstestdriver.jar
[2024-09-21 10:20:13.210]:         extracting C:\Program Files\NetBeans-16\netbeans\webcommon\modules\org-netbeans-modules-netserver.jar
[2024-09-21 10:20:13.213]:         extracting C:\Program Files\NetBeans-16\netbeans\webcommon\config\Modules\org-netbeans-libs-plist.xml
[2024-09-21 10:20:13.213]:         extracting C:\Program Files\NetBeans-16\netbeans\webcommon\karma\karma-netbeans-reporter\package.json
[2024-09-21 10:20:13.215]:         extracting C:\Program Files\NetBeans-16\netbeans\webcommon\typescript-lsp\node_modules\command-exists
[2024-09-21 10:20:13.215]:         extracting C:\Program Files\NetBeans-16\netbeans\webcommon\typescript-lsp\node_modules\typescript\loc
[2024-09-21 10:20:13.215]:         extracting C:\Program Files\NetBeans-16\netbeans\webcommon\typescript-lsp\node_modules\typescript\bin
[2024-09-21 10:20:13.215]:         extracting C:\Program Files\NetBeans-16\netbeans\webcommon\typescript-lsp\node_modules\typescript\lib
[2024-09-21 10:20:13.215]:         extracting C:\Program Files\NetBeans-16\netbeans\webcommon\typescript-lsp\node_modules\vscode-uri\lib
[2024-09-21 10:20:13.215]:         extracting C:\Program Files\NetBeans-16\netbeans\webcommon\typescript-lsp\node_modules\vscode-jsonrpc
[2024-09-21 10:20:13.215]:         extracting C:\Program Files\NetBeans-16\netbeans\webcommon\typescript-lsp\node_modules\tempy\index.js
[2024-09-21 10:20:13.217]:         extracting C:\Program Files\NetBeans-16\netbeans\webcommon\typescript-lsp\node_modules\unique-string
[2024-09-21 10:20:13.217]:         extracting C:\Program Files\NetBeans-16\netbeans\webcommon\typescript-lsp\node_modules\tempy\license
[2024-09-21 10:20:13.218]:         extracting C:\Program Files\NetBeans-16\netbeans\webcommon\modules\org-netbeans-modules-cordova.jar
[2024-09-21 10:20:13.220]:         extracting C:\Program Files\NetBeans-16\netbeans\webcommon\typescript-lsp\node_modules\fs-extra\lib
[2024-09-21 10:20:13.220]:         extracting C:\Program Files\NetBeans-16\netbeans\webcommon\typescript-lsp\node_modules\universalify
[2024-09-21 10:20:13.220]:         extracting C:\Program Files\NetBeans-16\netbeans\webcommon\typescript-lsp\node_modules\graceful-fs
[2024-09-21 10:20:13.220]:         extracting C:\Program Files\NetBeans-16\netbeans\webcommon\protractor\jasmine-netbeans-reporter.js
[2024-09-21 10:20:13.222]:         extracting C:\Program Files\NetBeans-16\netbeans\webcommon\karma\karma-netbeans-reporter\index.js
[2024-09-21 10:20:13.223]:         extracting C:\Program Files\NetBeans-16\netbeans\webcommon\typescript-lsp\node_modules\typescript
[2024-09-21 10:20:13.223]:         extracting C:\Program Files\NetBeans-16\netbeans\webcommon\typescript-lsp\node_modules\p-debounce
[2024-09-21 10:20:13.223]:         extracting C:\Program Files\NetBeans-16\netbeans\webcommon\typescript-lsp\node_modules\vscode-uri
[2024-09-21 10:20:13.224]:         extracting C:\Program Files\NetBeans-16\netbeans\webcommon\modules\org-netbeans-libs-nashorn.jar
[2024-09-21 10:20:13.225]:         extracting C:\Program Files\NetBeans-16\netbeans\webcommon\modules\org-netbeans-api-knockout.jar
[2024-09-21 10:20:13.226]:         extracting C:\Program Files\NetBeans-16\netbeans\webcommon\modules\org-netbeans-libs-graaljs.jar
[2024-09-21 10:20:13.226]:         extracting C:\Program Files\NetBeans-16\netbeans\webcommon\modules\ext\libs.jstestdriver-ext.jar
[2024-09-21 10:20:13.228]:         extracting C:\Program Files\NetBeans-16\netbeans\webcommon\typescript-lsp\node_modules\commander
[2024-09-21 10:20:13.228]:         extracting C:\Program Files\NetBeans-16\netbeans\webcommon\modules\org-netbeans-lib-v8debug.jar
[2024-09-21 10:20:13.232]:         extracting C:\Program Files\NetBeans-16\netbeans\webcommon\typescript-lsp\node_modules\temp-dir
[2024-09-21 10:20:13.233]:         extracting C:\Program Files\NetBeans-16\netbeans\webcommon\typescript-lsp\node_modules\jsonfile
[2024-09-21 10:20:13.233]:         extracting C:\Program Files\NetBeans-16\netbeans\webcommon\typescript-lsp\node_modules\fs-extra
[2024-09-21 10:20:13.233]:         extracting C:\Program Files\NetBeans-16\netbeans\webcommon\protractor\netbeans-configuration.js
[2024-09-21 10:20:13.233]:         extracting C:\Program Files\NetBeans-16\netbeans\webcommon\modules\org-netbeans-libs-plist.jar
[2024-09-21 10:20:13.235]:         extracting C:\Program Files\NetBeans-16\netbeans\webcommon\modules\ext\graaljs-parser-1.1.jar
[2024-09-21 10:20:13.236]:         extracting C:\Program Files\NetBeans-16\netbeans\webcommon\modules\ext\js-launcher-20.3.0.jar
[2024-09-21 10:20:13.238]:         extracting C:\Program Files\NetBeans-16\netbeans\webcommon\typescript-lsp\node_modules\tempy
[2024-09-21 10:20:13.238]:         extracting C:\Program Files\NetBeans-16\netbeans\webcommon\docs\jquery-propertyNames.xml
[2024-09-21 10:20:13.239]:         extracting C:\Program Files\NetBeans-16\netbeans\webcommon\karma\karma-netbeans-reporter
[2024-09-21 10:20:13.240]:         extracting C:\Program Files\NetBeans-16\netbeans\webcommon\modules\ext\regex-20.3.0.jar
[2024-09-21 10:20:13.251]:         extracting C:\Program Files\NetBeans-16\netbeans\webcommon\karma\karma-netbeans.conf.js
[2024-09-21 10:20:13.252]:         extracting C:\Program Files\NetBeans-16\netbeans\webcommon\typescript-lsp\node_modules
[2024-09-21 10:20:13.252]:         extracting C:\Program Files\NetBeans-16\netbeans\webcommon\mocha\netbeans-reporter.js
[2024-09-21 10:20:13.253]:         extracting C:\Program Files\NetBeans-16\netbeans\webcommon\modules\ext\icu4j-67.1.jar
[2024-09-21 10:20:13.308]:         extracting C:\Program Files\NetBeans-16\netbeans\webcommon\modules\ext\js-20.3.0.jar
[2024-09-21 10:20:13.362]:         extracting C:\Program Files\NetBeans-16\netbeans\webcommon\docs\extjs-properties.xml
[2024-09-21 10:20:13.363]:         extracting C:\Program Files\NetBeans-16\netbeans\webcommon\modules\ext\dd-plist.jar
[2024-09-21 10:20:13.364]:         extracting C:\Program Files\NetBeans-16\netbeans\webcommon\jsstubs\core-stubs.zip
[2024-09-21 10:20:13.367]:         extracting C:\Program Files\NetBeans-16\netbeans\webcommon\jsstubs\dom-stubs.zip
[2024-09-21 10:20:13.374]:         extracting C:\Program Files\NetBeans-16\netbeans\webcommon\docs\jquery-api.xml
[2024-09-21 10:20:13.378]:         extracting C:\Program Files\NetBeans-16\netbeans\webcommon\update_tracking
[2024-09-21 10:20:13.378]:         extracting C:\Program Files\NetBeans-16\netbeans\webcommon\config\Modules
[2024-09-21 10:20:13.378]:         extracting C:\Program Files\NetBeans-16\netbeans\webcommon\typescript-lsp
[2024-09-21 10:20:13.379]:         extracting C:\Program Files\NetBeans-16\netbeans\webcommon\.lastModified
[2024-09-21 10:20:13.379]:         extracting C:\Program Files\NetBeans-16\netbeans\webcommon\modules\ext
[2024-09-21 10:20:13.379]:         extracting C:\Program Files\NetBeans-16\netbeans\webcommon\VERSION.txt
[2024-09-21 10:20:13.380]:         extracting C:\Program Files\NetBeans-16\netbeans\webcommon\protractor
[2024-09-21 10:20:13.380]:         extracting C:\Program Files\NetBeans-16\netbeans\webcommon\ant\extra
[2024-09-21 10:20:13.381]:         extracting C:\Program Files\NetBeans-16\netbeans\webcommon\modules
[2024-09-21 10:20:13.381]:         extracting C:\Program Files\NetBeans-16\netbeans\webcommon\jsstubs
[2024-09-21 10:20:13.381]:         extracting C:\Program Files\NetBeans-16\netbeans\webcommon\config
[2024-09-21 10:20:13.381]:         extracting C:\Program Files\NetBeans-16\netbeans\webcommon\mocha
[2024-09-21 10:20:13.381]:         extracting C:\Program Files\NetBeans-16\netbeans\webcommon\karma
[2024-09-21 10:20:13.381]:         extracting C:\Program Files\NetBeans-16\netbeans\webcommon\docs
[2024-09-21 10:20:13.381]:         extracting C:\Program Files\NetBeans-16\netbeans\webcommon\ant
[2024-09-21 10:20:13.381]:         extracting C:\Program Files\NetBeans-16\netbeans\webcommon
[2024-09-21 10:20:13.381]:         extracting C:\Program Files\NetBeans-16\netbeans
[2024-09-21 10:20:13.384]:         deleting file: C:\Users\monal\.nbi\tmp\data,1.jar.1
[2024-09-21 10:20:13.387]:         ... saving legal artifacts if required
[2024-09-21 10:20:13.387]:         ... running installation logic
[2024-09-21 10:20:13.387]:         NameResolver - to parse C:\Program Files\NetBeans-16
[2024-09-21 10:20:13.387]:         NameResolver - to parse C:\Program Files\NetBeans-16
[2024-09-21 10:20:13.387]:         Modifying netbeans.conf for NetBeans installed at C:\Program Files\NetBeans-16 by adding cluster "webcommon"
[2024-09-21 10:20:13.388]:         ... initial list of clusters : 
[2024-09-21 10:20:13.388]:             # Licensed to the Apache Software Foundation (ASF) under one
[2024-09-21 10:20:13.388]:             # or more contributor license agreements.  See the NOTICE file
[2024-09-21 10:20:13.388]:             # distributed with this work for additional information
[2024-09-21 10:20:13.388]:             # regarding copyright ownership.  The ASF licenses this file
[2024-09-21 10:20:13.388]:             # to you under the Apache License, Version 2.0 (the
[2024-09-21 10:20:13.388]:             # "License"); you may not use this file except in compliance
[2024-09-21 10:20:13.388]:             # with the License.  You may obtain a copy of the License at
[2024-09-21 10:20:13.388]:             #
[2024-09-21 10:20:13.388]:             #   http://www.apache.org/licenses/LICENSE-2.0
[2024-09-21 10:20:13.388]:             #
[2024-09-21 10:20:13.388]:             # Unless required by applicable law or agreed to in writing,
[2024-09-21 10:20:13.388]:             # software distributed under the License is distributed on an
[2024-09-21 10:20:13.388]:             # "AS IS" BASIS, WITHOUT WARRANTIES OR CONDITIONS OF ANY
[2024-09-21 10:20:13.388]:             # KIND, either express or implied.  See the License for the
[2024-09-21 10:20:13.389]:             # specific language governing permissions and limitations
[2024-09-21 10:20:13.389]:             # under the License.
[2024-09-21 10:20:13.389]:             
[2024-09-21 10:20:13.389]:             # platform cluster first
[2024-09-21 10:20:13.389]:             platform
[2024-09-21 10:20:13.389]:             # application cluster second
[2024-09-21 10:20:13.389]:             nb
[2024-09-21 10:20:13.389]:             # ergonomics cluster if present
[2024-09-21 10:20:13.389]:             ergonomics
[2024-09-21 10:20:13.389]:             # and now the rest
[2024-09-21 10:20:13.389]:             ide
[2024-09-21 10:20:13.389]:             extide
[2024-09-21 10:20:13.389]:             java
[2024-09-21 10:20:13.389]:             apisupport
[2024-09-21 10:20:13.389]:             webcommon
[2024-09-21 10:20:13.389]:             websvccommon
[2024-09-21 10:20:13.389]:             enterprise
[2024-09-21 10:20:13.389]:             mobility
[2024-09-21 10:20:13.389]:             profiler
[2024-09-21 10:20:13.389]:             python
[2024-09-21 10:20:13.389]:             php
[2024-09-21 10:20:13.389]:             identity
[2024-09-21 10:20:13.389]:             harness
[2024-09-21 10:20:13.389]:             cnd
[2024-09-21 10:20:13.389]:             cndext
[2024-09-21 10:20:13.389]:             cpplite
[2024-09-21 10:20:13.389]:             dlight
[2024-09-21 10:20:13.389]:             groovy
[2024-09-21 10:20:13.389]:             extra
[2024-09-21 10:20:13.389]:             javacard
[2024-09-21 10:20:13.389]:             javafx
[2024-09-21 10:20:13.389]:         ... requested cluster already exist, do nothing
[2024-09-21 10:20:13.389]:             child = bin
[2024-09-21 10:20:13.389]:             child = cpplite
[2024-09-21 10:20:13.389]:             child = DEPENDENCIES
[2024-09-21 10:20:13.389]:             child = etc
[2024-09-21 10:20:13.389]:             child = extide
[2024-09-21 10:20:13.389]:             child = harness
[2024-09-21 10:20:13.390]:             child = ide
[2024-09-21 10:20:13.390]:             child = LICENSE
[2024-09-21 10:20:13.390]:             child = licenses
[2024-09-21 10:20:13.390]:             child = nb
[2024-09-21 10:20:13.401]:         ... register in system, create uninstaller, etc
[2024-09-21 10:20:13.401]:         ... save installation files list
[2024-09-21 10:20:13.485]:     ... finished installation of HTML5/JavaScript(nb-webcommon/16.0.0.221119.0)
[2024-09-21 10:20:13.696]:     NameResolver - to parse Installing {0}...
[2024-09-21 10:20:13.696]:     Start installation of Java SE(nb-javase/16.0.0.221119.0)
[2024-09-21 10:20:13.696]:         NameResolver - to parse C:\Program Files\NetBeans-16
[2024-09-21 10:20:13.696]:         NameResolver - to parse C:\Program Files\NetBeans-16
[2024-09-21 10:20:13.697]:         NameResolver - to parse C:\Program Files\NetBeans-16
[2024-09-21 10:20:13.697]:         NameResolver - to parse C:\Program Files\NetBeans-16
[2024-09-21 10:20:13.697]:         ... extracting files from the data archives
[2024-09-21 10:20:13.697]:         NameResolver - to parse C:\Program Files\NetBeans-16
[2024-09-21 10:20:13.708]:         deleting file: C:\Users\monal\AppData\Local\Temp\nbi-2351534481287322797.tmp
[2024-09-21 10:20:13.709]:         extracting C:\Program Files\NetBeans-16\netbeans\java\modules\ext\eclipselink\org.eclipse.persistence.jpa.modelgen.processor-2.7.10.jar
[2024-09-21 10:20:13.712]:         extracting C:\Program Files\NetBeans-16\netbeans\apisupport\update_tracking\org-netbeans-modules-apisupport-installer-maven.xml
[2024-09-21 10:20:13.715]:         extracting C:\Program Files\NetBeans-16\netbeans\ergonomics\config\Modules\org-netbeans-modules-j2ee-metadata-model-support.xml
[2024-09-21 10:20:13.716]:         extracting C:\Program Files\NetBeans-16\netbeans\apisupport\config\Modules\org-netbeans-modules-apisupport-installer-maven.xml
[2024-09-21 10:20:13.718]:         extracting C:\Program Files\NetBeans-16\netbeans\ergonomics\config\Modules\org-netbeans-modules-projectimport-eclipse-core.xml
[2024-09-21 10:20:13.718]:         extracting C:\Program Files\NetBeans-16\netbeans\ergonomics\config\Modules\org-netbeans-modules-java-nativeimage-debugger.xml
[2024-09-21 10:20:13.719]:         extracting C:\Program Files\NetBeans-16\netbeans\ergonomics\config\Modules\org-netbeans-modules-cordova-platforms-android.xml
[2024-09-21 10:20:13.720]:         extracting C:\Program Files\NetBeans-16\netbeans\ergonomics\config\Modules\org-netbeans-modules-j2ee-eclipselinkmodelgen.xml
[2024-09-21 10:20:13.721]:         extracting C:\Program Files\NetBeans-16\netbeans\ergonomics\config\Modules\org-netbeans-modules-websvc-saas-codegen-j2ee.xml
[2024-09-21 10:20:13.721]:         extracting C:\Program Files\NetBeans-16\netbeans\apisupport\update_tracking\org-netbeans-modules-apisupport-refactoring.xml
[2024-09-21 10:20:13.723]:         extracting C:\Program Files\NetBeans-16\netbeans\ergonomics\config\Modules\org-netbeans-modules-javascript-jstestdriver.xml
[2024-09-21 10:20:13.724]:         extracting C:\Program Files\NetBeans-16\netbeans\ergonomics\config\Modules\org-netbeans-modules-javascript2-prototypejs.xml
[2024-09-21 10:20:13.724]:         extracting C:\Program Files\NetBeans-16\netbeans\ergonomics\config\Modules\org-netbeans-modules-web-javascript-debugger.xml
[2024-09-21 10:20:13.725]:         extracting C:\Program Files\NetBeans-16\netbeans\java\update_tracking\org-netbeans-modules-java-hints-declarative-test.xml
[2024-09-21 10:20:13.726]:         extracting C:\Program Files\NetBeans-16\netbeans\java\update_tracking\org-netbeans-modules-j2ee-metadata-model-support.xml
[2024-09-21 10:20:13.728]:         extracting C:\Program Files\NetBeans-16\netbeans\apisupport\config\Modules\org-netbeans-modules-apisupport-refactoring.xml
[2024-09-21 10:20:13.729]:         extracting C:\Program Files\NetBeans-16\netbeans\profiler\update_tracking\org-netbeans-modules-profiler-projectsupport.xml
[2024-09-21 10:20:13.731]:         extracting C:\Program Files\NetBeans-16\netbeans\ergonomics\config\Modules\org-netbeans-modules-java-hints-declarative.xml
[2024-09-21 10:20:13.732]:         extracting C:\Program Files\NetBeans-16\netbeans\java\modules\ext\eclipselink\org.eclipse.persistence.jpa.jpql-2.7.10.jar
[2024-09-21 10:20:13.739]:         extracting C:\Program Files\NetBeans-16\netbeans\java\update_tracking\org-netbeans-modules-projectimport-eclipse-j2se.xml
[2024-09-21 10:20:13.740]:         extracting C:\Program Files\NetBeans-16\netbeans\java\update_tracking\org-netbeans-modules-projectimport-eclipse-core.xml
[2024-09-21 10:20:13.741]:         extracting C:\Program Files\NetBeans-16\netbeans\java\update_tracking\org-netbeans-modules-spellchecker-bindings-java.xml
[2024-09-21 10:20:13.741]:         extracting C:\Program Files\NetBeans-16\netbeans\java\config\Modules\org-netbeans-modules-java-hints-declarative-test.xml
[2024-09-21 10:20:13.743]:         extracting C:\Program Files\NetBeans-16\netbeans\java\config\Modules\org-netbeans-modules-j2ee-metadata-model-support.xml
[2024-09-21 10:20:13.744]:         extracting C:\Program Files\NetBeans-16\netbeans\apisupport\update_tracking\org-netbeans-modules-apisupport-installer.xml
[2024-09-21 10:20:13.745]:         extracting C:\Program Files\NetBeans-16\netbeans\profiler\update_tracking\org-netbeans-modules-debugger-jpda-heapwalk.xml
[2024-09-21 10:20:13.746]:         extracting C:\Program Files\NetBeans-16\netbeans\profiler\config\Modules\org-netbeans-modules-profiler-projectsupport.xml
[2024-09-21 10:20:13.747]:         extracting C:\Program Files\NetBeans-16\netbeans\ergonomics\config\Modules\org-netbeans-modules-j2ee-jpa-verification.xml
[2024-09-21 10:20:13.748]:         extracting C:\Program Files\NetBeans-16\netbeans\ergonomics\config\Modules\org-netbeans-modules-debugger-jpda-truffle.xml
[2024-09-21 10:20:13.748]:         extracting C:\Program Files\NetBeans-16\netbeans\ergonomics\config\Modules\org-netbeans-modules-javaee-beanvalidation.xml
[2024-09-21 10:20:13.750]:         extracting C:\Program Files\NetBeans-16\netbeans\ergonomics\config\Modules\org-netbeans-modules-javascript2-requirejs.xml
[2024-09-21 10:20:13.751]:         extracting C:\Program Files\NetBeans-16\netbeans\ergonomics\config\Modules\org-netbeans-modules-profiler-oql-language.xml
[2024-09-21 10:20:13.753]:         extracting C:\Program Files\NetBeans-16\netbeans\java\modules\ext\spring-3.0\spring-instrument-tomcat-3.2.18.RELEASE.jar
[2024-09-21 10:20:13.756]:         extracting C:\Program Files\NetBeans-16\netbeans\java\update_tracking\org-netbeans-modules-debugger-jpda-trufflenode.xml
[2024-09-21 10:20:13.756]:         extracting C:\Program Files\NetBeans-16\netbeans\java\update_tracking\org-netbeans-modules-java-nativeimage-debugger.xml
[2024-09-21 10:20:13.757]:         extracting C:\Program Files\NetBeans-16\netbeans\java\config\Modules\org-netbeans-modules-projectimport-eclipse-j2se.xml
[2024-09-21 10:20:13.759]:         extracting C:\Program Files\NetBeans-16\netbeans\java\config\Modules\org-netbeans-modules-projectimport-eclipse-core.xml
[2024-09-21 10:20:13.760]:         extracting C:\Program Files\NetBeans-16\netbeans\java\config\Modules\org-netbeans-modules-spellchecker-bindings-java.xml
[2024-09-21 10:20:13.760]:         extracting C:\Program Files\NetBeans-16\netbeans\apisupport\config\Modules\org-netbeans-modules-apisupport-installer.xml
[2024-09-21 10:20:13.761]:         extracting C:\Program Files\NetBeans-16\netbeans\profiler\update_tracking\org-netbeans-modules-profiler-oql-language.xml
[2024-09-21 10:20:13.761]:         extracting C:\Program Files\NetBeans-16\netbeans\profiler\config\Modules\org-netbeans-modules-debugger-jpda-heapwalk.xml
[2024-09-21 10:20:13.763]:         extracting C:\Program Files\NetBeans-16\netbeans\ergonomics\config\Modules\org-netbeans-modules-javafx2-scenebuilder.xml
[2024-09-21 10:20:13.764]:         extracting C:\Program Files\NetBeans-16\netbeans\ergonomics\config\Modules\org-netbeans-modules-languages-apacheconf.xml
[2024-09-21 10:20:13.764]:         extracting C:\Program Files\NetBeans-16\netbeans\ergonomics\config\Modules\org-netbeans-modules-j2ee-jpa-refactoring.xml
[2024-09-21 10:20:13.765]:         extracting C:\Program Files\NetBeans-16\netbeans\ergonomics\config\Modules\org-netbeans-modules-debugger-jpda-visual.xml
[2024-09-21 10:20:13.766]:         extracting C:\Program Files\NetBeans-16\netbeans\ergonomics\config\Modules\org-netbeans-modules-websvc-jaxwsmodelapi.xml
[2024-09-21 10:20:13.767]:         extracting C:\Program Files\NetBeans-16\netbeans\ergonomics\config\Modules\org-netbeans-modules-websvc-customization.xml
[2024-09-21 10:20:13.769]:         extracting C:\Program Files\NetBeans-16\netbeans\ergonomics\config\Modules\org-netbeans-modules-j2ee-ejbverification.xml
[2024-09-21 10:20:13.769]:         extracting C:\Program Files\NetBeans-16\netbeans\ergonomics\config\Modules\org-netbeans-modules-j2ee-persistence-kit.xml
[2024-09-21 10:20:13.770]:         extracting C:\Program Files\NetBeans-16\netbeans\ergonomics\config\Modules\org-netbeans-modules-java-openjdk-project.xml
[2024-09-21 10:20:13.770]:         extracting C:\Program Files\NetBeans-16\netbeans\ergonomics\config\Modules\org-netbeans-modules-apisupport-installer.xml
[2024-09-21 10:20:13.771]:         extracting C:\Program Files\NetBeans-16\netbeans\java\update_tracking\org-netbeans-modules-j2ee-eclipselinkmodelgen.xml
[2024-09-21 10:20:13.772]:         extracting C:\Program Files\NetBeans-16\netbeans\java\update_tracking\org-netbeans-modules-debugger-jpda-projectsui.xml
[2024-09-21 10:20:13.774]:         extracting C:\Program Files\NetBeans-16\netbeans\java\update_tracking\org-netbeans-modules-websvc-saas-codegen-java.xml
[2024-09-21 10:20:13.775]:         extracting C:\Program Files\NetBeans-16\netbeans\java\config\Modules\org-netbeans-modules-debugger-jpda-trufflenode.xml
[2024-09-21 10:20:13.775]:         extracting C:\Program Files\NetBeans-16\netbeans\java\config\Modules\org-netbeans-modules-java-nativeimage-debugger.xml
[2024-09-21 10:20:13.776]:         extracting C:\Program Files\NetBeans-16\netbeans\apisupport\modules\org-netbeans-modules-apisupport-installer-maven.jar
[2024-09-21 10:20:13.777]:         extracting C:\Program Files\NetBeans-16\netbeans\apisupport\update_tracking\org-netbeans-modules-apisupport-wizards.xml
[2024-09-21 10:20:13.778]:         extracting C:\Program Files\NetBeans-16\netbeans\apisupport\update_tracking\org-netbeans-modules-apisupport-project.xml
[2024-09-21 10:20:13.779]:         extracting C:\Program Files\NetBeans-16\netbeans\profiler\config\Modules\org-netbeans-modules-profiler-oql-language.xml
[2024-09-21 10:20:13.780]:         extracting C:\Program Files\NetBeans-16\netbeans\profiler\lib\deployed\jdk16\linux-arm-vfp-hflt\libprofilerinterface.so
[2024-09-21 10:20:13.783]:         extracting C:\Program Files\NetBeans-16\netbeans\ergonomics\config\Modules\org-netbeans-modules-websvc-editor-hints.xml
[2024-09-21 10:20:13.784]:         extracting C:\Program Files\NetBeans-16\netbeans\ergonomics\config\Modules\org-netbeans-modules-jakartaee9-platform.xml
[2024-09-21 10:20:13.784]:         extracting C:\Program Files\NetBeans-16\netbeans\ergonomics\config\Modules\org-netbeans-modules-websvc-saas-codegen.xml
[2024-09-21 10:20:13.785]:         extracting C:\Program Files\NetBeans-16\netbeans\ergonomics\config\Modules\org-netbeans-modules-jakartaee8-platform.xml
[2024-09-21 10:20:13.785]:         extracting C:\Program Files\NetBeans-16\netbeans\ergonomics\config\Modules\org-netbeans-modules-profiler-heapwalker.xml
[2024-09-21 10:20:13.787]:         extracting C:\Program Files\NetBeans-16\netbeans\ergonomics\config\Modules\org-netbeans-modules-j2ee-ejbrefactoring.xml
[2024-09-21 10:20:13.788]:         extracting C:\Program Files\NetBeans-16\netbeans\ergonomics\config\Modules\org-netbeans-modules-j2ee-persistenceapi.xml
[2024-09-21 10:20:13.789]:         extracting C:\Program Files\NetBeans-16\netbeans\ergonomics\config\Modules\org-netbeans-modules-profiler-snaptracer.xml
[2024-09-21 10:20:13.789]:         extracting C:\Program Files\NetBeans-16\netbeans\java\modules\ext\spring-4\spring-instrument-tomcat-4.3.29.RELEASE.jar
[2024-09-21 10:20:13.790]:         extracting C:\Program Files\NetBeans-16\netbeans\java\modules\ext\spring-3.0\spring-context-support-3.2.18.RELEASE.jar
[2024-09-21 10:20:13.792]:         extracting C:\Program Files\NetBeans-16\netbeans\java\modules\ext\eclipselink\org.eclipse.persistence.antlr-2.7.10.jar
[2024-09-21 10:20:13.794]:         extracting C:\Program Files\NetBeans-16\netbeans\java\update_tracking\org-netbeans-modules-java-preprocessorbridge.xml
[2024-09-21 10:20:13.795]:         extracting C:\Program Files\NetBeans-16\netbeans\java\update_tracking\org-netbeans-modules-java-source-queriesimpl.xml
[2024-09-21 10:20:13.795]:         extracting C:\Program Files\NetBeans-16\netbeans\java\config\Modules\org-netbeans-modules-j2ee-eclipselinkmodelgen.xml
[2024-09-21 10:20:13.797]:         extracting C:\Program Files\NetBeans-16\netbeans\java\config\Modules\org-netbeans-modules-debugger-jpda-projectsui.xml
[2024-09-21 10:20:13.798]:         extracting C:\Program Files\NetBeans-16\netbeans\java\config\Modules\org-netbeans-modules-websvc-saas-codegen-java.xml
[2024-09-21 10:20:13.798]:         extracting C:\Program Files\NetBeans-16\netbeans\java\ant\extra\org-netbeans-modules-java-j2seproject-copylibstask.jar
[2024-09-21 10:20:13.800]:         extracting C:\Program Files\NetBeans-16\netbeans\apisupport\config\Modules\org-netbeans-modules-apisupport-wizards.xml
[2024-09-21 10:20:13.801]:         extracting C:\Program Files\NetBeans-16\netbeans\apisupport\config\Modules\org-netbeans-modules-apisupport-project.xml
[2024-09-21 10:20:13.801]:         extracting C:\Program Files\NetBeans-16\netbeans\profiler\update_tracking\org-netbeans-modules-profiler-heapwalker.xml
[2024-09-21 10:20:13.802]:         extracting C:\Program Files\NetBeans-16\netbeans\profiler\update_tracking\org-netbeans-modules-profiler-snaptracer.xml
[2024-09-21 10:20:13.802]:         extracting C:\Program Files\NetBeans-16\netbeans\ergonomics\config\Modules\org-netbeans-modules-javascript2-jquery.xml
[2024-09-21 10:20:13.803]:         extracting C:\Program Files\NetBeans-16\netbeans\ergonomics\config\Modules\org-netbeans-modules-web-jsf-navigation.xml
[2024-09-21 10:20:13.804]:         extracting C:\Program Files\NetBeans-16\netbeans\ergonomics\config\Modules\org-netbeans-modules-web-client-samples.xml
[2024-09-21 10:20:13.805]:         extracting C:\Program Files\NetBeans-16\netbeans\ergonomics\config\Modules\org-netbeans-modules-j2ee-genericserver.xml
[2024-09-21 10:20:13.806]:         extracting C:\Program Files\NetBeans-16\netbeans\ergonomics\config\Modules\org-netbeans-modules-javascript2-extdoc.xml
[2024-09-21 10:20:13.807]:         extracting C:\Program Files\NetBeans-16\netbeans\ergonomics\config\Modules\org-netbeans-modules-javascript2-editor.xml
[2024-09-21 10:20:13.807]:         extracting C:\Program Files\NetBeans-16\netbeans\ergonomics\config\Modules\org-netbeans-modules-apisupport-wizards.xml
[2024-09-21 10:20:13.808]:         extracting C:\Program Files\NetBeans-16\netbeans\ergonomics\config\Modules\org-netbeans-modules-j2ee-ejbjarproject.xml
[2024-09-21 10:20:13.809]:         extracting C:\Program Files\NetBeans-16\netbeans\ergonomics\config\Modules\org-netbeans-modules-web-webkit-tooling.xml
[2024-09-21 10:20:13.809]:         extracting C:\Program Files\NetBeans-16\netbeans\ergonomics\config\Modules\org-netbeans-modules-apisupport-project.xml
[2024-09-21 10:20:13.812]:         extracting C:\Program Files\NetBeans-16\netbeans\ergonomics\config\Modules\org-netbeans-modules-groovy-refactoring.xml
[2024-09-21 10:20:13.814]:         extracting C:\Program Files\NetBeans-16\netbeans\ergonomics\config\Modules\org-netbeans-modules-javascript2-nodejs.xml
[2024-09-21 10:20:13.815]:         extracting C:\Program Files\NetBeans-16\netbeans\ergonomics\config\Modules\org-netbeans-modules-j2ee-clientproject.xml
[2024-09-21 10:20:13.816]:         extracting C:\Program Files\NetBeans-16\netbeans\ergonomics\config\Modules\org-netbeans-modules-debugger-jpda-jsui.xml
[2024-09-21 10:20:13.816]:         extracting C:\Program Files\NetBeans-16\netbeans\java\modules\ext\spring-3.0\spring-webmvc-portlet-3.2.18.RELEASE.jar
[2024-09-21 10:20:13.820]:         extracting C:\Program Files\NetBeans-16\netbeans\java\modules\ext\eclipselink\org.eclipse.persistence.core-2.7.10.jar
[2024-09-21 10:20:13.845]:         extracting C:\Program Files\NetBeans-16\netbeans\java\modules\ext\eclipselink\org.eclipse.persistence.moxy-2.7.10.jar
[2024-09-21 10:20:13.850]:         extracting C:\Program Files\NetBeans-16\netbeans\java\update_tracking\org-netbeans-modules-debugger-jpda-projects.xml
[2024-09-21 10:20:13.853]:         extracting C:\Program Files\NetBeans-16\netbeans\java\update_tracking\org-netbeans-modules-java-hints-declarative.xml
[2024-09-21 10:20:13.854]:         extracting C:\Program Files\NetBeans-16\netbeans\java\config\Modules\org-netbeans-modules-java-preprocessorbridge.xml
[2024-09-21 10:20:13.855]:         extracting C:\Program Files\NetBeans-16\netbeans\java\config\Modules\org-netbeans-modules-java-source-queriesimpl.xml
[2024-09-21 10:20:13.857]:         extracting C:\Program Files\NetBeans-16\netbeans\apisupport\update_tracking\org-netbeans-modules-maven-apisupport.xml
[2024-09-21 10:20:13.859]:         extracting C:\Program Files\NetBeans-16\netbeans\profiler\update_tracking\org-netbeans-modules-profiler-utilities.xml
[2024-09-21 10:20:13.860]:         extracting C:\Program Files\NetBeans-16\netbeans\profiler\config\Modules\org-netbeans-modules-profiler-heapwalker.xml
[2024-09-21 10:20:13.861]:         extracting C:\Program Files\NetBeans-16\netbeans\profiler\config\Modules\org-netbeans-modules-profiler-snaptracer.xml
[2024-09-21 10:20:13.862]:         extracting C:\Program Files\NetBeans-16\netbeans\profiler\lib\deployed\jdk15\hpux-pa_risc2.0w\libprofilerinterface.sl
[2024-09-21 10:20:13.866]:         extracting C:\Program Files\NetBeans-16\netbeans\profiler\lib\deployed\jdk16\hpux-pa_risc2.0w\libprofilerinterface.sl
[2024-09-21 10:20:13.868]:         extracting C:\Program Files\NetBeans-16\netbeans\javafx\update_tracking\org-netbeans-modules-javafx2-scenebuilder.xml
[2024-09-21 10:20:13.871]:         extracting C:\Program Files\NetBeans-16\netbeans\ergonomics\config\Modules\org-netbeans-modules-javascript2-react.xml
[2024-09-21 10:20:13.872]:         extracting C:\Program Files\NetBeans-16\netbeans\ergonomics\config\Modules\org-netbeans-modules-websvc-wsstackapi.xml
[2024-09-21 10:20:13.873]:         extracting C:\Program Files\NetBeans-16\netbeans\ergonomics\config\Modules\org-netbeans-modules-nashorn-execution.xml
[2024-09-21 10:20:13.874]:         extracting C:\Program Files\NetBeans-16\netbeans\ergonomics\config\Modules\org-netbeans-modules-php-code-analysis.xml
[2024-09-21 10:20:13.875]:         extracting C:\Program Files\NetBeans-16\netbeans\ergonomics\config\Modules\org-netbeans-modules-typescript-editor.xml
[2024-09-21 10:20:13.876]:         extracting C:\Program Files\NetBeans-16\netbeans\ergonomics\config\Modules\org-netbeans-modules-javascript-nodejs.xml
[2024-09-21 10:20:13.877]:         extracting C:\Program Files\NetBeans-16\netbeans\ergonomics\config\Modules\org-netbeans-modules-websvc-jaxwsmodel.xml
[2024-09-21 10:20:13.878]:         extracting C:\Program Files\NetBeans-16\netbeans\ergonomics\config\Modules\org-netbeans-modules-web-jsf-richfaces.xml
[2024-09-21 10:20:13.880]:         extracting C:\Program Files\NetBeans-16\netbeans\ergonomics\config\Modules\org-netbeans-modules-extbrowser-chrome.xml
[2024-09-21 10:20:13.881]:         extracting C:\Program Files\NetBeans-16\netbeans\ergonomics\config\Modules\org-netbeans-modules-javascript2-extjs.xml
[2024-09-21 10:20:13.882]:         extracting C:\Program Files\NetBeans-16\netbeans\ergonomics\config\Modules\org-netbeans-modules-maven-refactoring.xml
[2024-09-21 10:20:13.883]:         extracting C:\Program Files\NetBeans-16\netbeans\ergonomics\config\Modules\org-netbeans-modules-debugger-jpda-kit.xml
[2024-09-21 10:20:13.884]:         extracting C:\Program Files\NetBeans-16\netbeans\ergonomics\config\Modules\org-netbeans-modules-java-j2seplatform.xml
[2024-09-21 10:20:13.886]:         extracting C:\Program Files\NetBeans-16\netbeans\ergonomics\config\Modules\org-netbeans-modules-websvc-projectapi.xml
[2024-09-21 10:20:13.886]:         extracting C:\Program Files\NetBeans-16\netbeans\ergonomics\config\Modules\org-netbeans-modules-web-clientproject.xml
[2024-09-21 10:20:13.887]:         extracting C:\Program Files\NetBeans-16\netbeans\ergonomics\config\Modules\org-netbeans-modules-groovy-antproject.xml
[2024-09-21 10:20:13.888]:         extracting C:\Program Files\NetBeans-16\netbeans\ergonomics\config\Modules\org-netbeans-modules-java-j2seembedded.xml
[2024-09-21 10:20:13.889]:         extracting C:\Program Files\NetBeans-16\netbeans\ergonomics\config\Modules\org-netbeans-modules-javascript2-jsdoc.xml
[2024-09-21 10:20:13.889]:         extracting C:\Program Files\NetBeans-16\netbeans\ergonomics\config\Modules\org-netbeans-modules-glassfish-tooling.xml
[2024-09-21 10:20:13.890]:         extracting C:\Program Files\NetBeans-16\netbeans\ergonomics\config\Modules\org-netbeans-modules-java-j2seprofiles.xml
[2024-09-21 10:20:13.893]:         extracting C:\Program Files\NetBeans-16\netbeans\ergonomics\config\Modules\org-netbeans-modules-java-module-graph.xml
[2024-09-21 10:20:13.894]:         extracting C:\Program Files\NetBeans-16\netbeans\java\modules\ext\spring-4\spring-context-support-4.3.29.RELEASE.jar
[2024-09-21 10:20:13.896]:         extracting C:\Program Files\NetBeans-16\netbeans\java\modules\ext\eclipselink\org.eclipse.persistence.jpa-2.7.10.jar
[2024-09-21 10:20:13.906]:         extracting C:\Program Files\NetBeans-16\netbeans\java\update_tracking\org-netbeans-modules-j2ee-jpa-verification.xml
[2024-09-21 10:20:13.908]:         extracting C:\Program Files\NetBeans-16\netbeans\java\update_tracking\org-netbeans-modules-debugger-jpda-truffle.xml
[2024-09-21 10:20:13.908]:         extracting C:\Program Files\NetBeans-16\netbeans\java\update_tracking\org-netbeans-modules-java-hints-legacy-spi.xml
[2024-09-21 10:20:13.909]:         extracting C:\Program Files\NetBeans-16\netbeans\java\config\Modules\org-netbeans-modules-debugger-jpda-projects.xml
[2024-09-21 10:20:13.910]:         extracting C:\Program Files\NetBeans-16\netbeans\java\config\Modules\org-netbeans-modules-java-hints-declarative.xml
[2024-09-21 10:20:13.912]:         extracting C:\Program Files\NetBeans-16\netbeans\apisupport\config\Modules\org-netbeans-modules-maven-apisupport.xml
[2024-09-21 10:20:13.914]:         extracting C:\Program Files\NetBeans-16\netbeans\profiler\update_tracking\org-netbeans-modules-profiler-nbmodule.xml
[2024-09-21 10:20:13.914]:         extracting C:\Program Files\NetBeans-16\netbeans\profiler\update_tracking\org-netbeans-modules-profiler-freeform.xml
[2024-09-21 10:20:13.916]:         extracting C:\Program Files\NetBeans-16\netbeans\profiler\config\Modules\org-netbeans-modules-profiler-utilities.xml
[2024-09-21 10:20:13.916]:         extracting C:\Program Files\NetBeans-16\netbeans\profiler\lib\deployed\jdk15\solaris-sparcv9\libprofilerinterface.so
[2024-09-21 10:20:13.918]:         extracting C:\Program Files\NetBeans-16\netbeans\profiler\lib\deployed\jdk15\hpux-pa_risc2.0\libprofilerinterface.sl
[2024-09-21 10:20:13.919]:         extracting C:\Program Files\NetBeans-16\netbeans\profiler\lib\deployed\jdk16\solaris-sparcv9\libprofilerinterface.so
[2024-09-21 10:20:13.921]:         extracting C:\Program Files\NetBeans-16\netbeans\profiler\lib\deployed\jdk16\hpux-pa_risc2.0\libprofilerinterface.sl
[2024-09-21 10:20:13.923]:         extracting C:\Program Files\NetBeans-16\netbeans\javafx\config\Modules\org-netbeans-modules-javafx2-scenebuilder.xml
[2024-09-21 10:20:13.924]:         extracting C:\Program Files\NetBeans-16\netbeans\ergonomics\config\Modules\org-netbeans-modules-debugger-jpda-ui.xml
[2024-09-21 10:20:13.925]:         extracting C:\Program Files\NetBeans-16\netbeans\ergonomics\config\Modules\org-netbeans-modules-php-nette-tester.xml
[2024-09-21 10:20:13.925]:         extracting C:\Program Files\NetBeans-16\netbeans\ergonomics\config\Modules\org-netbeans-modules-javascript-karma.xml
[2024-09-21 10:20:13.926]:         extracting C:\Program Files\NetBeans-16\netbeans\ergonomics\config\Modules\org-netbeans-modules-websvc-websvcapi.xml
[2024-09-21 10:20:13.927]:         extracting C:\Program Files\NetBeans-16\netbeans\ergonomics\config\Modules\org-netbeans-modules-javascript2-jade.xml
[2024-09-21 10:20:13.928]:         extracting C:\Program Files\NetBeans-16\netbeans\ergonomics\config\Modules\org-netbeans-modules-debugger-jpda-js.xml
[2024-09-21 10:20:13.928]:         extracting C:\Program Files\NetBeans-16\netbeans\ergonomics\config\Modules\org-netbeans-modules-maven-repository.xml
[2024-09-21 10:20:13.929]:         extracting C:\Program Files\NetBeans-16\netbeans\ergonomics\config\Modules\org-netbeans-modules-glassfish-javaee.xml
[2024-09-21 10:20:13.930]:         extracting C:\Program Files\NetBeans-16\netbeans\ergonomics\config\Modules\org-netbeans-modules-javaee-injection.xml
[2024-09-21 10:20:13.930]:         extracting C:\Program Files\NetBeans-16\netbeans\ergonomics\config\Modules\org-netbeans-modules-profiler-options.xml
[2024-09-21 10:20:13.931]:         extracting C:\Program Files\NetBeans-16\netbeans\ergonomics\config\Modules\org-netbeans-modules-web-jsf-icefaces.xml
[2024-09-21 10:20:13.933]:         extracting C:\Program Files\NetBeans-16\netbeans\ergonomics\config\Modules\org-netbeans-modules-refactoring-java.xml
[2024-09-21 10:20:13.933]:         extracting C:\Program Files\NetBeans-16\netbeans\ergonomics\config\Modules\org-netbeans-modules-maven-checkstyle.xml
[2024-09-21 10:20:13.933]:         extracting C:\Program Files\NetBeans-16\netbeans\ergonomics\config\Modules\org-netbeans-modules-websvc-metro-lib.xml
[2024-09-21 10:20:13.935]:         extracting C:\Program Files\NetBeans-16\netbeans\ergonomics\config\Modules\org-netbeans-modules-javascript2-sdoc.xml
[2024-09-21 10:20:13.936]:         extracting C:\Program Files\NetBeans-16\netbeans\ergonomics\config\Modules\org-netbeans-modules-javascript-bower.xml
[2024-09-21 10:20:13.937]:         extracting C:\Program Files\NetBeans-16\netbeans\ergonomics\config\Modules\org-netbeans-modules-payara-jakartaee.xml
[2024-09-21 10:20:13.937]:         extracting C:\Program Files\NetBeans-16\netbeans\ergonomics\config\Modules\org-netbeans-modules-javascript-grunt.xml
[2024-09-21 10:20:13.938]:         extracting C:\Program Files\NetBeans-16\netbeans\ergonomics\config\Modules\org-netbeans-modules-glassfish-common.xml
[2024-09-21 10:20:13.939]:         extracting C:\Program Files\NetBeans-16\netbeans\ergonomics\config\Modules\org-netbeans-modules-websvc-clientapi.xml
[2024-09-21 10:20:13.939]:         extracting C:\Program Files\NetBeans-16\netbeans\ergonomics\config\Modules\org-netbeans-modules-javafx2-platform.xml
[2024-09-21 10:20:13.940]:         extracting C:\Program Files\NetBeans-16\netbeans\ergonomics\config\Modules\org-netbeans-modules-j2ee-persistence.xml
[2024-09-21 10:20:13.941]:         extracting C:\Program Files\NetBeans-16\netbeans\ergonomics\config\Modules\org-netbeans-modules-java-j2seproject.xml
[2024-09-21 10:20:13.942]:         extracting C:\Program Files\NetBeans-16\netbeans\ergonomics\config\Modules\org-netbeans-modules-cpplite-debugger.xml
[2024-09-21 10:20:13.942]:         extracting C:\Program Files\NetBeans-16\netbeans\ergonomics\config\Modules\org-netbeans-modules-javascript-cdnjs.xml
[2024-09-21 10:20:13.944]:         extracting C:\Program Files\NetBeans-16\netbeans\java\modules\ext\spring-4\spring-webmvc-portlet-4.3.29.RELEASE.jar
[2024-09-21 10:20:13.947]:         extracting C:\Program Files\NetBeans-16\netbeans\java\modules\ext\spring-5\spring-context-indexer-5.2.9.RELEASE.jar
[2024-09-21 10:20:13.949]:         extracting C:\Program Files\NetBeans-16\netbeans\java\modules\ext\spring-5\spring-context-support-5.2.9.RELEASE.jar
[2024-09-21 10:20:13.951]:         extracting C:\Program Files\NetBeans-16\netbeans\java\modules\ext\eclipselink\org.eclipse.persistence.asm-9.2.0.jar
[2024-09-21 10:20:13.953]:         extracting C:\Program Files\NetBeans-16\netbeans\java\update_tracking\org-netbeans-modules-j2ee-jpa-refactoring.xml
[2024-09-21 10:20:13.954]:         extracting C:\Program Files\NetBeans-16\netbeans\java\update_tracking\org-netbeans-modules-debugger-jpda-visual.xml
[2024-09-21 10:20:13.955]:         extracting C:\Program Files\NetBeans-16\netbeans\java\update_tracking\org-netbeans-modules-j2ee-persistence-kit.xml
[2024-09-21 10:20:13.956]:         extracting C:\Program Files\NetBeans-16\netbeans\java\update_tracking\org-netbeans-modules-gradle-java-coverage.xml
[2024-09-21 10:20:13.956]:         extracting C:\Program Files\NetBeans-16\netbeans\java\update_tracking\org-netbeans-modules-java-openjdk-project.xml
[2024-09-21 10:20:13.957]:         extracting C:\Program Files\NetBeans-16\netbeans\java\config\Modules\org-netbeans-modules-j2ee-jpa-verification.xml
[2024-09-21 10:20:13.958]:         extracting C:\Program Files\NetBeans-16\netbeans\java\config\Modules\org-netbeans-modules-debugger-jpda-truffle.xml
[2024-09-21 10:20:13.959]:         extracting C:\Program Files\NetBeans-16\netbeans\java\config\Modules\org-netbeans-modules-java-hints-legacy-spi.xml
[2024-09-21 10:20:13.961]:         extracting C:\Program Files\NetBeans-16\netbeans\apisupport\modules\org-netbeans-modules-apisupport-refactoring.jar
[2024-09-21 10:20:13.963]:         extracting C:\Program Files\NetBeans-16\netbeans\apisupport\update_tracking\org-netbeans-modules-apisupport-kit.xml
[2024-09-21 10:20:13.964]:         extracting C:\Program Files\NetBeans-16\netbeans\apisupport\update_tracking\org-netbeans-modules-apisupport-ant.xml
[2024-09-21 10:20:13.965]:         extracting C:\Program Files\NetBeans-16\netbeans\profiler\update_tracking\org-netbeans-modules-profiler-options.xml
[2024-09-21 10:20:13.965]:         extracting C:\Program Files\NetBeans-16\netbeans\profiler\update_tracking\org-netbeans-modules-profiler-ppoints.xml
[2024-09-21 10:20:13.966]:         extracting C:\Program Files\NetBeans-16\netbeans\profiler\config\Modules\org-netbeans-modules-profiler-nbmodule.xml
[2024-09-21 10:20:13.967]:         extracting C:\Program Files\NetBeans-16\netbeans\profiler\config\Modules\org-netbeans-modules-profiler-freeform.xml
[2024-09-21 10:20:13.968]:         extracting C:\Program Files\NetBeans-16\netbeans\ergonomics\update_tracking\org-netbeans-modules-ide-ergonomics.xml
[2024-09-21 10:20:13.968]:         extracting C:\Program Files\NetBeans-16\netbeans\ergonomics\config\Modules\org-netbeans-modules-web-core-syntax.xml
[2024-09-21 10:20:13.970]:         extracting C:\Program Files\NetBeans-16\netbeans\ergonomics\config\Modules\org-netbeans-modules-profiler-nbimpl.xml
[2024-09-21 10:20:13.971]:         extracting C:\Program Files\NetBeans-16\netbeans\ergonomics\config\Modules\org-netbeans-modules-javafx2-project.xml
[2024-09-21 10:20:13.971]:         extracting C:\Program Files\NetBeans-16\netbeans\ergonomics\config\Modules\org-netbeans-modules-java-j2sedeploy.xml
[2024-09-21 10:20:13.972]:         extracting C:\Program Files\NetBeans-16\netbeans\ergonomics\config\Modules\org-netbeans-modules-web-client-rest.xml
[2024-09-21 10:20:13.973]:         extracting C:\Program Files\NetBeans-16\netbeans\ergonomics\config\Modules\org-netbeans-modules-java-lsp-server.xml
[2024-09-21 10:20:13.974]:         extracting C:\Program Files\NetBeans-16\netbeans\ergonomics\config\Modules\org-netbeans-modules-java-mx-project.xml
[2024-09-21 10:20:13.974]:         extracting C:\Program Files\NetBeans-16\netbeans\ergonomics\config\Modules\org-netbeans-modules-php-codeception.xml
[2024-09-21 10:20:13.975]:         extracting C:\Program Files\NetBeans-16\netbeans\ergonomics\config\Modules\org-netbeans-modules-j2ee-earproject.xml
[2024-09-21 10:20:13.975]:         extracting C:\Program Files\NetBeans-16\netbeans\ergonomics\config\Modules\org-netbeans-modules-javascript-gulp.xml
[2024-09-21 10:20:13.976]:         extracting C:\Program Files\NetBeans-16\netbeans\ergonomics\config\Modules\org-netbeans-modules-javafx2-samples.xml
[2024-09-21 10:20:13.977]:         extracting C:\Program Files\NetBeans-16\netbeans\ergonomics\config\Modules\org-netbeans-modules-j2ee-sun-appsrv.xml
[2024-09-21 10:20:13.977]:         extracting C:\Program Files\NetBeans-16\netbeans\ergonomics\config\Modules\org-netbeans-modules-php-refactoring.xml
[2024-09-21 10:20:13.979]:         extracting C:\Program Files\NetBeans-16\netbeans\ergonomics\config\Modules\org-netbeans-modules-java-navigation.xml
[2024-09-21 10:20:13.979]:         extracting C:\Program Files\NetBeans-16\netbeans\ergonomics\config\Modules\org-netbeans-modules-languages-antlr.xml
[2024-09-21 10:20:13.980]:         extracting C:\Program Files\NetBeans-16\netbeans\ergonomics\config\Modules\org-netbeans-modules-java-source-ant.xml
[2024-09-21 10:20:13.981]:         extracting C:\Program Files\NetBeans-16\netbeans\ergonomics\config\Modules\org-netbeans-modules-web-refactoring.xml
[2024-09-21 10:20:13.981]:         extracting C:\Program Files\NetBeans-16\netbeans\ergonomics\config\Modules\org-netbeans-modules-websvc-saas-api.xml
[2024-09-21 10:20:13.982]:         extracting C:\Program Files\NetBeans-16\netbeans\ergonomics\config\Modules\org-netbeans-modules-websvc-saas-kit.xml
[2024-09-21 10:20:13.983]:         extracting C:\Program Files\NetBeans-16\netbeans\ergonomics\config\Modules\org-netbeans-modules-websvc-jaxwsapi.xml
[2024-09-21 10:20:13.983]:         extracting C:\Program Files\NetBeans-16\netbeans\ergonomics\config\Modules\org-netbeans-modules-javascript2-kit.xml
[2024-09-21 10:20:13.984]:         extracting C:\Program Files\NetBeans-16\netbeans\ergonomics\config\Modules\org-netbeans-modules-java-j2semodule.xml
[2024-09-21 10:20:13.985]:         extracting C:\Program Files\NetBeans-16\netbeans\ergonomics\config\Modules\org-netbeans-modules-cpplite-project.xml
[2024-09-21 10:20:13.985]:         extracting C:\Program Files\NetBeans-16\netbeans\java\modules\org-netbeans-modules-j2ee-metadata-model-support.jar
[2024-09-21 10:20:13.987]:         extracting C:\Program Files\NetBeans-16\netbeans\java\modules\org-netbeans-modules-java-hints-declarative-test.jar
[2024-09-21 10:20:13.989]:         extracting C:\Program Files\NetBeans-16\netbeans\java\modules\ext\org-netbeans-modules-java-j2seembedded-probe.jar
[2024-09-21 10:20:13.991]:         extracting C:\Program Files\NetBeans-16\netbeans\java\update_tracking\org-netbeans-modules-java-source-compat8.xml
[2024-09-21 10:20:13.992]:         extracting C:\Program Files\NetBeans-16\netbeans\java\update_tracking\org-netbeans-modules-j2ee-core-utilities.xml
[2024-09-21 10:20:13.993]:         extracting C:\Program Files\NetBeans-16\netbeans\java\update_tracking\org-netbeans-modules-java-testrunner-ant.xml
[2024-09-21 10:20:13.994]:         extracting C:\Program Files\NetBeans-16\netbeans\java\update_tracking\org-netbeans-modules-j2ee-persistenceapi.xml
[2024-09-21 10:20:13.995]:         extracting C:\Program Files\NetBeans-16\netbeans\java\update_tracking\org-netbeans-modules-java-source-queries.xml
[2024-09-21 10:20:13.997]:         extracting C:\Program Files\NetBeans-16\netbeans\java\config\Modules\org-netbeans-modules-j2ee-jpa-refactoring.xml
[2024-09-21 10:20:13.998]:         extracting C:\Program Files\NetBeans-16\netbeans\java\config\Modules\org-netbeans-modules-debugger-jpda-visual.xml
[2024-09-21 10:20:13.999]:         extracting C:\Program Files\NetBeans-16\netbeans\java\config\Modules\org-netbeans-modules-j2ee-persistence-kit.xml
[2024-09-21 10:20:14.000]:         extracting C:\Program Files\NetBeans-16\netbeans\java\config\Modules\org-netbeans-modules-gradle-java-coverage.xml
[2024-09-21 10:20:14.000]:         extracting C:\Program Files\NetBeans-16\netbeans\java\config\Modules\org-netbeans-modules-java-openjdk-project.xml
[2024-09-21 10:20:14.001]:         extracting C:\Program Files\NetBeans-16\netbeans\java\config\ModuleAutoDeps\org-netbeans-modules-java-platform.xml
[2024-09-21 10:20:14.002]:         extracting C:\Program Files\NetBeans-16\netbeans\apisupport\config\Modules\org-netbeans-modules-apisupport-kit.xml
[2024-09-21 10:20:14.003]:         extracting C:\Program Files\NetBeans-16\netbeans\apisupport\config\Modules\org-netbeans-modules-apisupport-ant.xml
[2024-09-21 10:20:14.003]:         extracting C:\Program Files\NetBeans-16\netbeans\profiler\modules\org-netbeans-modules-profiler-projectsupport.jar
[2024-09-21 10:20:14.005]:         extracting C:\Program Files\NetBeans-16\netbeans\profiler\update_tracking\org-netbeans-modules-profiler-nbimpl.xml
[2024-09-21 10:20:14.006]:         extracting C:\Program Files\NetBeans-16\netbeans\profiler\update_tracking\org-netbeans-modules-profiler-attach.xml
[2024-09-21 10:20:14.006]:         extracting C:\Program Files\NetBeans-16\netbeans\profiler\config\Modules\org-netbeans-modules-profiler-options.xml
[2024-09-21 10:20:14.007]:         extracting C:\Program Files\NetBeans-16\netbeans\profiler\config\Modules\org-netbeans-modules-profiler-ppoints.xml
[2024-09-21 10:20:14.008]:         extracting C:\Program Files\NetBeans-16\netbeans\profiler\lib\deployed\jdk15\solaris-sparc\libprofilerinterface.so
[2024-09-21 10:20:14.011]:         extracting C:\Program Files\NetBeans-16\netbeans\profiler\lib\deployed\jdk15\solaris-amd64\libprofilerinterface.so
[2024-09-21 10:20:14.012]:         extracting C:\Program Files\NetBeans-16\netbeans\profiler\lib\deployed\jdk16\solaris-sparc\libprofilerinterface.so
[2024-09-21 10:20:14.014]:         extracting C:\Program Files\NetBeans-16\netbeans\profiler\lib\deployed\jdk16\solaris-amd64\libprofilerinterface.so
[2024-09-21 10:20:14.015]:         extracting C:\Program Files\NetBeans-16\netbeans\ergonomics\config\Modules\org-netbeans-modules-ant-browsetask.xml
[2024-09-21 10:20:14.016]:         extracting C:\Program Files\NetBeans-16\netbeans\ergonomics\config\Modules\org-netbeans-modules-apisupport-kit.xml
[2024-09-21 10:20:14.018]:         extracting C:\Program Files\NetBeans-16\netbeans\ergonomics\config\Modules\org-netbeans-modules-web-bootsfaces.xml
[2024-09-21 10:20:14.019]:         extracting C:\Program Files\NetBeans-16\netbeans\ergonomics\config\Modules\org-netbeans-modules-web-primefaces.xml
[2024-09-21 10:20:14.019]:         extracting C:\Program Files\NetBeans-16\netbeans\ergonomics\config\Modules\org-netbeans-modules-apisupport-ant.xml
[2024-09-21 10:20:14.020]:         extracting C:\Program Files\NetBeans-16\netbeans\ergonomics\config\Modules\org-netbeans-modules-xml-tools-java.xml
[2024-09-21 10:20:14.020]:         extracting C:\Program Files\NetBeans-16\netbeans\ergonomics\config\Modules\org-netbeans-modules-groovy-support.xml
[2024-09-21 10:20:14.021]:         extracting C:\Program Files\NetBeans-16\netbeans\ergonomics\config\Modules\org-netbeans-modules-websvc-saas-ui.xml
[2024-09-21 10:20:14.022]:         extracting C:\Program Files\NetBeans-16\netbeans\ergonomics\config\Modules\org-netbeans-modules-groovy-samples.xml
[2024-09-21 10:20:14.023]:         extracting C:\Program Files\NetBeans-16\netbeans\ergonomics\config\Modules\org-netbeans-modules-ide-ergonomics.xml
[2024-09-21 10:20:14.023]:         extracting C:\Program Files\NetBeans-16\netbeans\ergonomics\config\Modules\org-netbeans-modules-web-client-kit.xml
[2024-09-21 10:20:14.024]:         extracting C:\Program Files\NetBeans-16\netbeans\ergonomics\config\Modules\org-netbeans-modules-websvc-manager.xml
[2024-09-21 10:20:14.025]:         extracting C:\Program Files\NetBeans-16\netbeans\ergonomics\config\Modules\org-netbeans-modules-payara-tooling.xml
[2024-09-21 10:20:14.025]:         extracting C:\Program Files\NetBeans-16\netbeans\ergonomics\config\Modules\org-netbeans-modules-javaee-wildfly.xml
[2024-09-21 10:20:14.026]:         extracting C:\Program Files\NetBeans-16\netbeans\ergonomics\config\Modules\org-netbeans-modules-maven-coverage.xml
[2024-09-21 10:20:14.027]:         extracting C:\Program Files\NetBeans-16\netbeans\ergonomics\config\Modules\org-netbeans-modules-cpplite-editor.xml
[2024-09-21 10:20:14.028]:         extracting C:\Program Files\NetBeans-16\netbeans\ergonomics\config\Modules\org-netbeans-modules-j2ee-ddloaders.xml
[2024-09-21 10:20:14.029]:         extracting C:\Program Files\NetBeans-16\netbeans\ergonomics\config\Modules\org-netbeans-modules-jakartaee8-api.xml
[2024-09-21 10:20:14.029]:         extracting C:\Program Files\NetBeans-16\netbeans\ergonomics\config\Modules\org-netbeans-modules-jakartaee9-api.xml
[2024-09-21 10:20:14.029]:         extracting C:\Program Files\NetBeans-16\netbeans\ergonomics\config\Modules\org-netbeans-modules-javafx2-editor.xml
[2024-09-21 10:20:14.032]:         extracting C:\Program Files\NetBeans-16\netbeans\ergonomics\config\Modules\org-netbeans-modules-javaee-project.xml
[2024-09-21 10:20:14.033]:         extracting C:\Program Files\NetBeans-16\netbeans\ergonomics\config\Modules\org-netbeans-modules-websvc-restkit.xml
[2024-09-21 10:20:14.033]:         extracting C:\Program Files\NetBeans-16\netbeans\ergonomics\config\Modules\org-netbeans-modules-web-jsf-editor.xml
[2024-09-21 10:20:14.034]:         extracting C:\Program Files\NetBeans-16\netbeans\java\modules\org-netbeans-modules-projectimport-eclipse-core.jar
[2024-09-21 10:20:14.037]:         extracting C:\Program Files\NetBeans-16\netbeans\java\modules\org-netbeans-modules-projectimport-eclipse-j2se.jar
[2024-09-21 10:20:14.037]:         extracting C:\Program Files\NetBeans-16\netbeans\java\modules\ext\spring-3.0\spring-instrument-3.2.18.RELEASE.jar
[2024-09-21 10:20:14.038]:         extracting C:\Program Files\NetBeans-16\netbeans\java\modules\ext\spring-3.0\spring-expression-3.2.18.RELEASE.jar
[2024-09-21 10:20:14.040]:         extracting C:\Program Files\NetBeans-16\netbeans\java\modules\org-netbeans-modules-spellchecker-bindings-java.jar
[2024-09-21 10:20:14.041]:         extracting C:\Program Files\NetBeans-16\netbeans\java\update_tracking\org-netbeans-modules-java-testrunner-ui.xml
[2024-09-21 10:20:14.042]:         extracting C:\Program Files\NetBeans-16\netbeans\java\update_tracking\org-netbeans-modules-gradle-persistence.xml
[2024-09-21 10:20:14.044]:         extracting C:\Program Files\NetBeans-16\netbeans\java\update_tracking\org-netbeans-modules-debugger-jpda-jsui.xml
[2024-09-21 10:20:14.045]:         extracting C:\Program Files\NetBeans-16\netbeans\java\config\Modules\org-netbeans-modules-java-source-compat8.xml
[2024-09-21 10:20:14.046]:         extracting C:\Program Files\NetBeans-16\netbeans\java\config\Modules\org-netbeans-modules-j2ee-core-utilities.xml
[2024-09-21 10:20:14.047]:         extracting C:\Program Files\NetBeans-16\netbeans\java\config\Modules\org-netbeans-modules-java-testrunner-ant.xml
[2024-09-21 10:20:14.048]:         extracting C:\Program Files\NetBeans-16\netbeans\java\config\Modules\org-netbeans-modules-j2ee-persistenceapi.xml
[2024-09-21 10:20:14.048]:         extracting C:\Program Files\NetBeans-16\netbeans\java\config\Modules\org-netbeans-modules-java-source-queries.xml
[2024-09-21 10:20:14.049]:         extracting C:\Program Files\NetBeans-16\netbeans\java\config\ModuleAutoDeps\org-netbeans-modules-java-project.xml
[2024-09-21 10:20:14.050]:         extracting C:\Program Files\NetBeans-16\netbeans\apisupport\modules\org-netbeans-modules-apisupport-installer.jar
[2024-09-21 10:20:14.052]:         extracting C:\Program Files\NetBeans-16\netbeans\profiler\modules\org-netbeans-modules-debugger-jpda-heapwalk.jar
[2024-09-21 10:20:14.053]:         extracting C:\Program Files\NetBeans-16\netbeans\profiler\update_tracking\org-netbeans-modules-maven-profiler.xml
[2024-09-21 10:20:14.055]:         extracting C:\Program Files\NetBeans-16\netbeans\profiler\config\Modules\org-netbeans-modules-profiler-nbimpl.xml
[2024-09-21 10:20:14.055]:         extracting C:\Program Files\NetBeans-16\netbeans\profiler\config\Modules\org-netbeans-modules-profiler-attach.xml
[2024-09-21 10:20:14.056]:         extracting C:\Program Files\NetBeans-16\netbeans\profiler\lib\deployed\jdk15\solaris-i386\libprofilerinterface.so
[2024-09-21 10:20:14.057]:         extracting C:\Program Files\NetBeans-16\netbeans\profiler\lib\deployed\jdk16\solaris-i386\libprofilerinterface.so
[2024-09-21 10:20:14.058]:         extracting C:\Program Files\NetBeans-16\netbeans\javafx\update_tracking\org-netbeans-modules-javafx2-platform.xml
[2024-09-21 10:20:14.059]:         extracting C:\Program Files\NetBeans-16\netbeans\ergonomics\config\Modules\org-netbeans-modules-java-examples.xml
[2024-09-21 10:20:14.060]:         extracting C:\Program Files\NetBeans-16\netbeans\ergonomics\config\Modules\org-netbeans-modules-php-doctrine2.xml
[2024-09-21 10:20:14.061]:         extracting C:\Program Files\NetBeans-16\netbeans\ergonomics\config\Modules\org-netbeans-modules-java-sourceui.xml
[2024-09-21 10:20:14.062]:         extracting C:\Program Files\NetBeans-16\netbeans\ergonomics\config\Modules\org-netbeans-modules-websvc-design.xml
[2024-09-21 10:20:14.063]:         extracting C:\Program Files\NetBeans-16\netbeans\ergonomics\config\Modules\org-netbeans-modules-j2ee-metadata.xml
[2024-09-21 10:20:14.063]:         extracting C:\Program Files\NetBeans-16\netbeans\ergonomics\config\Modules\org-netbeans-modules-spring-webmvc.xml
[2024-09-21 10:20:14.064]:         extracting C:\Program Files\NetBeans-16\netbeans\ergonomics\config\Modules\org-netbeans-modules-gradle-editor.xml
[2024-09-21 10:20:14.064]:         extracting C:\Program Files\NetBeans-16\netbeans\ergonomics\config\Modules\org-netbeans-modules-languages-ini.xml
[2024-09-21 10:20:14.065]:         extracting C:\Program Files\NetBeans-16\netbeans\ergonomics\config\Modules\org-netbeans-modules-groovy-editor.xml
[2024-09-21 10:20:14.065]:         extracting C:\Program Files\NetBeans-16\netbeans\ergonomics\config\Modules\org-netbeans-modules-payara-common.xml
[2024-09-21 10:20:14.066]:         extracting C:\Program Files\NetBeans-16\netbeans\ergonomics\config\Modules\org-netbeans-modules-kotlin-editor.xml
[2024-09-21 10:20:14.068]:         extracting C:\Program Files\NetBeans-16\netbeans\ergonomics\config\Modules\org-netbeans-modules-java-hints-ui.xml
[2024-09-21 10:20:14.068]:         extracting C:\Program Files\NetBeans-16\netbeans\ergonomics\config\Modules\org-netbeans-modules-j2ee-sun-ddui.xml
[2024-09-21 10:20:14.069]:         extracting C:\Program Files\NetBeans-16\netbeans\ergonomics\config\Modules\org-netbeans-modules-j2ee-platform.xml
[2024-09-21 10:20:14.071]:         extracting C:\Program Files\NetBeans-16\netbeans\ergonomics\config\Modules\org-netbeans-modules-maven-grammar.xml
[2024-09-21 10:20:14.071]:         extracting C:\Program Files\NetBeans-16\netbeans\ergonomics\config\Modules\org-netbeans-modules-java-freeform.xml
[2024-09-21 10:20:14.072]:         extracting C:\Program Files\NetBeans-16\netbeans\java\modules\org-netbeans-modules-java-nativeimage-debugger.jar
[2024-09-21 10:20:14.075]:         extracting C:\Program Files\NetBeans-16\netbeans\java\modules\org-netbeans-modules-debugger-jpda-trufflenode.jar
[2024-09-21 10:20:14.076]:         extracting C:\Program Files\NetBeans-16\netbeans\java\update_tracking\org-netbeans-modules-libs-corba-omgapi.xml
[2024-09-21 10:20:14.077]:         extracting C:\Program Files\NetBeans-16\netbeans\java\update_tracking\org-netbeans-modules-nashorn-execution.xml
[2024-09-21 10:20:14.078]:         extracting C:\Program Files\NetBeans-16\netbeans\java\update_tracking\org-netbeans-modules-websvc-jaxws21api.xml
[2024-09-21 10:20:14.080]:         extracting C:\Program Files\NetBeans-16\netbeans\java\update_tracking\org-netbeans-modules-maven-refactoring.xml
[2024-09-21 10:20:14.081]:         extracting C:\Program Files\NetBeans-16\netbeans\java\update_tracking\org-netbeans-modules-debugger-jpda-kit.xml
[2024-09-21 10:20:14.081]:         extracting C:\Program Files\NetBeans-16\netbeans\java\update_tracking\org-netbeans-modules-java-j2seplatform.xml
[2024-09-21 10:20:14.082]:         extracting C:\Program Files\NetBeans-16\netbeans\java\update_tracking\org-netbeans-modules-debugger-jpda-ant.xml
[2024-09-21 10:20:14.083]:         extracting C:\Program Files\NetBeans-16\netbeans\java\update_tracking\org-netbeans-modules-maven-persistence.xml
[2024-09-21 10:20:14.084]:         extracting C:\Program Files\NetBeans-16\netbeans\java\update_tracking\org-netbeans-modules-java-j2seembedded.xml
[2024-09-21 10:20:14.085]:         extracting C:\Program Files\NetBeans-16\netbeans\java\update_tracking\org-netbeans-modules-java-j2seprofiles.xml
[2024-09-21 10:20:14.086]:         extracting C:\Program Files\NetBeans-16\netbeans\java\update_tracking\org-netbeans-modules-java-module-graph.xml
[2024-09-21 10:20:14.086]:         extracting C:\Program Files\NetBeans-16\netbeans\java\config\Modules\org-netbeans-modules-java-testrunner-ui.xml
[2024-09-21 10:20:14.087]:         extracting C:\Program Files\NetBeans-16\netbeans\java\config\Modules\org-netbeans-modules-gradle-persistence.xml
[2024-09-21 10:20:14.088]:         extracting C:\Program Files\NetBeans-16\netbeans\java\config\Modules\org-netbeans-modules-debugger-jpda-jsui.xml
[2024-09-21 10:20:14.090]:         extracting C:\Program Files\NetBeans-16\netbeans\java\config\ModuleAutoDeps\org-netbeans-modules-java-source.xml
[2024-09-21 10:20:14.090]:         extracting C:\Program Files\NetBeans-16\netbeans\java\config\ModuleAutoDeps\org-netbeans-modules-java-editor.xml
[2024-09-21 10:20:14.091]:         extracting C:\Program Files\NetBeans-16\netbeans\java\sources\org\netbeans\lib\awtextra\AbsoluteConstraints.java
[2024-09-21 10:20:14.094]:         extracting C:\Program Files\NetBeans-16\netbeans\profiler\modules\org-netbeans-modules-profiler-oql-language.jar
[2024-09-21 10:20:14.096]:         extracting C:\Program Files\NetBeans-16\netbeans\profiler\update_tracking\org-netbeans-modules-profiler-j2se.xml
[2024-09-21 10:20:14.097]:         extracting C:\Program Files\NetBeans-16\netbeans\profiler\config\Modules\org-netbeans-modules-maven-profiler.xml
[2024-09-21 10:20:14.099]:         extracting C:\Program Files\NetBeans-16\netbeans\profiler\lib\deployed\jdk15\windows-amd64\profilerinterface.dll
[2024-09-21 10:20:14.100]:         extracting C:\Program Files\NetBeans-16\netbeans\profiler\lib\deployed\jdk15\windows-amd64\profilerinterface.map
[2024-09-21 10:20:14.101]:         extracting C:\Program Files\NetBeans-16\netbeans\profiler\lib\deployed\jdk15\linux-amd64\libprofilerinterface.so
[2024-09-21 10:20:14.102]:         extracting C:\Program Files\NetBeans-16\netbeans\profiler\lib\deployed\jdk16\windows-amd64\profilerinterface.dll
[2024-09-21 10:20:14.104]:         extracting C:\Program Files\NetBeans-16\netbeans\profiler\lib\deployed\jdk16\windows-amd64\profilerinterface.map
[2024-09-21 10:20:14.105]:         extracting C:\Program Files\NetBeans-16\netbeans\profiler\lib\deployed\jdk16\linux-amd64\libprofilerinterface.so
[2024-09-21 10:20:14.106]:         extracting C:\Program Files\NetBeans-16\netbeans\javafx\update_tracking\org-netbeans-modules-javafx2-project.xml
[2024-09-21 10:20:14.107]:         extracting C:\Program Files\NetBeans-16\netbeans\javafx\update_tracking\org-netbeans-modules-javafx2-samples.xml
[2024-09-21 10:20:14.108]:         extracting C:\Program Files\NetBeans-16\netbeans\javafx\config\Modules\org-netbeans-modules-javafx2-platform.xml
[2024-09-21 10:20:14.108]:         extracting C:\Program Files\NetBeans-16\netbeans\ergonomics\config\Modules\org-netbeans-modules-gradle-dists.xml
[2024-09-21 10:20:14.109]:         extracting C:\Program Files\NetBeans-16\netbeans\ergonomics\config\Modules\org-netbeans-modules-php-composer.xml
[2024-09-21 10:20:14.111]:         extracting C:\Program Files\NetBeans-16\netbeans\ergonomics\config\Modules\org-netbeans-modules-profiler-kit.xml
[2024-09-21 10:20:14.111]:         extracting C:\Program Files\NetBeans-16\netbeans\ergonomics\config\Modules\org-netbeans-modules-cloud-oracle.xml
[2024-09-21 10:20:14.112]:         extracting C:\Program Files\NetBeans-16\netbeans\ergonomics\config\Modules\org-netbeans-modules-cloud-amazon.xml
[2024-09-21 10:20:14.112]:         extracting C:\Program Files\NetBeans-16\netbeans\ergonomics\config\Modules\org-netbeans-modules-maven-groovy.xml
[2024-09-21 10:20:14.114]:         extracting C:\Program Files\NetBeans-16\netbeans\ergonomics\config\Modules\org-netbeans-modules-options-java.xml
[2024-09-21 10:20:14.115]:         extracting C:\Program Files\NetBeans-16\netbeans\ergonomics\config\Modules\org-netbeans-modules-j2ee-ejbcore.xml
[2024-09-21 10:20:14.116]:         extracting C:\Program Files\NetBeans-16\netbeans\ergonomics\config\Modules\org-netbeans-modules-web-freeform.xml
[2024-09-21 10:20:14.117]:         extracting C:\Program Files\NetBeans-16\netbeans\ergonomics\config\Modules\org-netbeans-modules-payara-micro.xml
[2024-09-21 10:20:14.117]:         extracting C:\Program Files\NetBeans-16\netbeans\ergonomics\config\Modules\org-netbeans-modules-cloud-common.xml
[2024-09-21 10:20:14.118]:         extracting C:\Program Files\NetBeans-16\netbeans\ergonomics\config\Modules\org-netbeans-modules-spring-beans.xml
[2024-09-21 10:20:14.119]:         extracting C:\Program Files\NetBeans-16\netbeans\ergonomics\config\Modules\org-netbeans-modules-ant-debugger.xml
[2024-09-21 10:20:14.119]:         extracting C:\Program Files\NetBeans-16\netbeans\ergonomics\config\Modules\org-netbeans-modules-php-symfony2.xml
[2024-09-21 10:20:14.119]:         extracting C:\Program Files\NetBeans-16\netbeans\ergonomics\config\Modules\org-netbeans-modules-groovy-debug.xml
[2024-09-21 10:20:14.120]:         extracting C:\Program Files\NetBeans-16\netbeans\ergonomics\config\Modules\org-netbeans-modules-javawebstart.xml
[2024-09-21 10:20:14.120]:         extracting C:\Program Files\NetBeans-16\netbeans\ergonomics\config\Modules\org-netbeans-modules-ant-freeform.xml
[2024-09-21 10:20:14.122]:         extracting C:\Program Files\NetBeans-16\netbeans\ergonomics\config\Modules\org-netbeans-modules-html-angular.xml
[2024-09-21 10:20:14.122]:         extracting C:\Program Files\NetBeans-16\netbeans\java\modules\org-netbeans-modules-debugger-jpda-projectsui.jar
[2024-09-21 10:20:14.125]:         extracting C:\Program Files\NetBeans-16\netbeans\java\modules\ext\spring-4\spring-instrument-4.3.29.RELEASE.jar
[2024-09-21 10:20:14.126]:         extracting C:\Program Files\NetBeans-16\netbeans\java\modules\ext\spring-4\spring-expression-4.3.29.RELEASE.jar
[2024-09-21 10:20:14.128]:         extracting C:\Program Files\NetBeans-16\netbeans\java\modules\org-netbeans-modules-j2ee-eclipselinkmodelgen.jar
[2024-09-21 10:20:14.129]:         extracting C:\Program Files\NetBeans-16\netbeans\java\modules\org-netbeans-modules-websvc-saas-codegen-java.jar
[2024-09-21 10:20:14.132]:         extracting C:\Program Files\NetBeans-16\netbeans\java\update_tracking\org-netbeans-modules-j2ee-eclipselink.xml
[2024-09-21 10:20:14.133]:         extracting C:\Program Files\NetBeans-16\netbeans\java\update_tracking\org-netbeans-modules-java-platform-ui.xml
[2024-09-21 10:20:14.134]:         extracting C:\Program Files\NetBeans-16\netbeans\java\update_tracking\org-netbeans-modules-debugger-jpda-ui.xml
[2024-09-21 10:20:14.135]:         extracting C:\Program Files\NetBeans-16\netbeans\java\update_tracking\org-netbeans-modules-debugger-jpda-js.xml
[2024-09-21 10:20:14.136]:         extracting C:\Program Files\NetBeans-16\netbeans\java\update_tracking\org-netbeans-modules-maven-repository.xml
[2024-09-21 10:20:14.136]:         extracting C:\Program Files\NetBeans-16\netbeans\java\update_tracking\org-netbeans-modules-maven-indexer-ui.xml
[2024-09-21 10:20:14.138]:         extracting C:\Program Files\NetBeans-16\netbeans\java\update_tracking\org-netbeans-modules-javaee-injection.xml
[2024-09-21 10:20:14.138]:         extracting C:\Program Files\NetBeans-16\netbeans\java\update_tracking\org-netbeans-modules-refactoring-java.xml
[2024-09-21 10:20:14.139]:         extracting C:\Program Files\NetBeans-16\netbeans\java\update_tracking\org-netbeans-modules-maven-checkstyle.xml
[2024-09-21 10:20:14.139]:         extracting C:\Program Files\NetBeans-16\netbeans\java\update_tracking\org-netbeans-modules-java-editor-base.xml
[2024-09-21 10:20:14.140]:         extracting C:\Program Files\NetBeans-16\netbeans\java\update_tracking\org-netbeans-modules-form-refactoring.xml
[2024-09-21 10:20:14.142]:         extracting C:\Program Files\NetBeans-16\netbeans\java\update_tracking\org-netbeans-modules-java-source-base.xml
[2024-09-21 10:20:14.143]:         extracting C:\Program Files\NetBeans-16\netbeans\java\update_tracking\org-netbeans-modules-j2ee-persistence.xml
[2024-09-21 10:20:14.143]:         extracting C:\Program Files\NetBeans-16\netbeans\java\update_tracking\org-netbeans-modules-java-j2seproject.xml
[2024-09-21 10:20:14.145]:         extracting C:\Program Files\NetBeans-16\netbeans\java\config\Modules\org-netbeans-modules-libs-corba-omgapi.xml
[2024-09-21 10:20:14.146]:         extracting C:\Program Files\NetBeans-16\netbeans\java\config\Modules\org-netbeans-modules-nashorn-execution.xml
[2024-09-21 10:20:14.147]:         extracting C:\Program Files\NetBeans-16\netbeans\java\config\Modules\org-netbeans-modules-websvc-jaxws21api.xml
[2024-09-21 10:20:14.147]:         extracting C:\Program Files\NetBeans-16\netbeans\java\config\Modules\org-netbeans-modules-maven-refactoring.xml
[2024-09-21 10:20:14.148]:         extracting C:\Program Files\NetBeans-16\netbeans\java\config\Modules\org-netbeans-modules-debugger-jpda-kit.xml
[2024-09-21 10:20:14.148]:         extracting C:\Program Files\NetBeans-16\netbeans\java\config\Modules\org-netbeans-modules-java-j2seplatform.xml
[2024-09-21 10:20:14.149]:         extracting C:\Program Files\NetBeans-16\netbeans\java\config\Modules\org-netbeans-modules-debugger-jpda-ant.xml
[2024-09-21 10:20:14.150]:         extracting C:\Program Files\NetBeans-16\netbeans\java\config\Modules\org-netbeans-modules-maven-persistence.xml
[2024-09-21 10:20:14.151]:         extracting C:\Program Files\NetBeans-16\netbeans\java\config\Modules\org-netbeans-modules-java-j2seembedded.xml
[2024-09-21 10:20:14.153]:         extracting C:\Program Files\NetBeans-16\netbeans\java\config\Modules\org-netbeans-modules-java-j2seprofiles.xml
[2024-09-21 10:20:14.154]:         extracting C:\Program Files\NetBeans-16\netbeans\java\config\Modules\org-netbeans-modules-java-module-graph.xml
[2024-09-21 10:20:14.154]:         extracting C:\Program Files\NetBeans-16\netbeans\apisupport\modules\org-netbeans-modules-apisupport-wizards.jar
[2024-09-21 10:20:14.160]:         extracting C:\Program Files\NetBeans-16\netbeans\apisupport\modules\org-netbeans-modules-apisupport-project.jar
[2024-09-21 10:20:14.164]:         extracting C:\Program Files\NetBeans-16\netbeans\profiler\update_tracking\org-netbeans-modules-profiler-api.xml
[2024-09-21 10:20:14.165]:         extracting C:\Program Files\NetBeans-16\netbeans\profiler\update_tracking\org-netbeans-modules-profiler-kit.xml
[2024-09-21 10:20:14.166]:         extracting C:\Program Files\NetBeans-16\netbeans\profiler\update_tracking\org-netbeans-modules-profiler-oql.xml
[2024-09-21 10:20:14.166]:         extracting C:\Program Files\NetBeans-16\netbeans\profiler\config\Modules\org-netbeans-modules-profiler-j2se.xml
[2024-09-21 10:20:14.167]:         extracting C:\Program Files\NetBeans-16\netbeans\javafx\update_tracking\org-netbeans-modules-javafx2-editor.xml
[2024-09-21 10:20:14.168]:         extracting C:\Program Files\NetBeans-16\netbeans\javafx\config\Modules\org-netbeans-modules-javafx2-project.xml
[2024-09-21 10:20:14.169]:         extracting C:\Program Files\NetBeans-16\netbeans\javafx\config\Modules\org-netbeans-modules-javafx2-samples.xml
[2024-09-21 10:20:14.170]:         extracting C:\Program Files\NetBeans-16\netbeans\ergonomics\config\Modules\org-netbeans-modules-php-samples.xml
[2024-09-21 10:20:14.170]:         extracting C:\Program Files\NetBeans-16\netbeans\ergonomics\config\Modules\org-netbeans-modules-java-source.xml
[2024-09-21 10:20:14.171]:         extracting C:\Program Files\NetBeans-16\netbeans\ergonomics\config\Modules\org-netbeans-modules-php-project.xml
[2024-09-21 10:20:14.172]:         extracting C:\Program Files\NetBeans-16\netbeans\ergonomics\config\Modules\org-netbeans-modules-libs-gradle.xml
[2024-09-21 10:20:14.173]:         extracting C:\Program Files\NetBeans-16\netbeans\ergonomics\config\Modules\org-netbeans-modules-web-inspect.xml
[2024-09-21 10:20:14.173]:         extracting C:\Program Files\NetBeans-16\netbeans\ergonomics\config\Modules\org-netbeans-modules-web-monitor.xml
[2024-09-21 10:20:14.174]:         extracting C:\Program Files\NetBeans-16\netbeans\ergonomics\config\Modules\org-netbeans-modules-j2ee-common.xml
[2024-09-21 10:20:14.175]:         extracting C:\Program Files\NetBeans-16\netbeans\ergonomics\config\Modules\org-netbeans-modules-javafx2-kit.xml
[2024-09-21 10:20:14.176]:         extracting C:\Program Files\NetBeans-16\netbeans\ergonomics\config\Modules\org-netbeans-modules-web-project.xml
[2024-09-21 10:20:14.176]:         extracting C:\Program Files\NetBeans-16\netbeans\ergonomics\config\Modules\org-netbeans-modules-javaee8-api.xml
[2024-09-21 10:20:14.177]:         extracting C:\Program Files\NetBeans-16\netbeans\ergonomics\config\Modules\org-netbeans-modules-javaee7-api.xml
[2024-09-21 10:20:14.178]:         extracting C:\Program Files\NetBeans-16\netbeans\ergonomics\config\Modules\org-netbeans-modules-cpplite-kit.xml
[2024-09-21 10:20:14.179]:         extracting C:\Program Files\NetBeans-16\netbeans\ergonomics\config\Modules\org-netbeans-modules-web-jsf12ri.xml
[2024-09-21 10:20:14.180]:         extracting C:\Program Files\NetBeans-16\netbeans\ergonomics\config\Modules\org-netbeans-modules-websvc-core.xml
[2024-09-21 10:20:14.182]:         extracting C:\Program Files\NetBeans-16\netbeans\ergonomics\config\Modules\org-netbeans-modules-java-editor.xml
[2024-09-21 10:20:14.182]:         extracting C:\Program Files\NetBeans-16\netbeans\ergonomics\config\Modules\org-netbeans-modules-php-phpunit.xml
[2024-09-21 10:20:14.182]:         extracting C:\Program Files\NetBeans-16\netbeans\ergonomics\config\Modules\org-netbeans-modules-web-jsf-kit.xml
[2024-09-21 10:20:14.183]:         extracting C:\Program Files\NetBeans-16\netbeans\ergonomics\config\Modules\org-netbeans-modules-websvc-owsm.xml
[2024-09-21 10:20:14.184]:         extracting C:\Program Files\NetBeans-16\netbeans\ergonomics\config\Modules\org-netbeans-modules-maven-graph.xml
[2024-09-21 10:20:14.185]:         extracting C:\Program Files\NetBeans-16\netbeans\ergonomics\config\Modules\org-netbeans-modules-php-symfony.xml
[2024-09-21 10:20:14.186]:         extracting C:\Program Files\NetBeans-16\netbeans\java\modules\org-netbeans-modules-java-preprocessorbridge.jar
[2024-09-21 10:20:14.187]:         extracting C:\Program Files\NetBeans-16\netbeans\java\modules\org-netbeans-modules-java-source-queriesimpl.jar
[2024-09-21 10:20:14.190]:         extracting C:\Program Files\NetBeans-16\netbeans\java\modules\ext\spring-4\spring-websocket-4.3.29.RELEASE.jar
[2024-09-21 10:20:14.193]:         extracting C:\Program Files\NetBeans-16\netbeans\java\modules\ext\spring-4\spring-messaging-4.3.29.RELEASE.jar
[2024-09-21 10:20:14.195]:         extracting C:\Program Files\NetBeans-16\netbeans\java\modules\ext\spring-3.0\spring-aspects-3.2.18.RELEASE.jar
[2024-09-21 10:20:14.197]:         extracting C:\Program Files\NetBeans-16\netbeans\java\modules\ext\spring-3.0\spring-context-3.2.18.RELEASE.jar
[2024-09-21 10:20:14.201]:         extracting C:\Program Files\NetBeans-16\netbeans\java\modules\ext\spring-5\spring-instrument-5.2.9.RELEASE.jar
[2024-09-21 10:20:14.204]:         extracting C:\Program Files\NetBeans-16\netbeans\java\modules\ext\spring-5\spring-expression-5.2.9.RELEASE.jar
[2024-09-21 10:20:14.206]:         extracting C:\Program Files\NetBeans-16\netbeans\java\update_tracking\org-netbeans-modules-java-editor-lib.xml
[2024-09-21 10:20:14.207]:         extracting C:\Program Files\NetBeans-16\netbeans\java\update_tracking\org-netbeans-modules-java-j2sedeploy.xml
[2024-09-21 10:20:14.208]:         extracting C:\Program Files\NetBeans-16\netbeans\java\update_tracking\org-netbeans-modules-jellytools-java.xml
[2024-09-21 10:20:14.209]:         extracting C:\Program Files\NetBeans-16\netbeans\java\update_tracking\org-netbeans-modules-java-lsp-server.xml
[2024-09-21 10:20:14.209]:         extracting C:\Program Files\NetBeans-16\netbeans\java\update_tracking\org-netbeans-modules-java-mx-project.xml
[2024-09-21 10:20:14.210]:         extracting C:\Program Files\NetBeans-16\netbeans\java\update_tracking\org-netbeans-modules-java-hints-test.xml
[2024-09-21 10:20:14.210]:         extracting C:\Program Files\NetBeans-16\netbeans\java\update_tracking\org-netbeans-modules-java-project-ui.xml
[2024-09-21 10:20:14.214]:         extracting C:\Program Files\NetBeans-16\netbeans\java\update_tracking\org-netbeans-modules-java-completion.xml
[2024-09-21 10:20:14.215]:         extracting C:\Program Files\NetBeans-16\netbeans\java\update_tracking\org-netbeans-modules-selenium2-maven.xml
[2024-09-21 10:20:14.216]:         extracting C:\Program Files\NetBeans-16\netbeans\java\update_tracking\org-netbeans-modules-java-navigation.xml
[2024-09-21 10:20:14.216]:         extracting C:\Program Files\NetBeans-16\netbeans\java\update_tracking\org-netbeans-modules-languages-antlr.xml
[2024-09-21 10:20:14.217]:         extracting C:\Program Files\NetBeans-16\netbeans\java\update_tracking\org-netbeans-modules-java-source-ant.xml
[2024-09-21 10:20:14.217]:         extracting C:\Program Files\NetBeans-16\netbeans\java\update_tracking\org-netbeans-modules-java-api-common.xml
[2024-09-21 10:20:14.218]:         extracting C:\Program Files\NetBeans-16\netbeans\java\update_tracking\org-netbeans-modules-java-j2semodule.xml
[2024-09-21 10:20:14.218]:         extracting C:\Program Files\NetBeans-16\netbeans\java\update_tracking\org-netbeans-modules-java-testrunner.xml
[2024-09-21 10:20:14.219]:         extracting C:\Program Files\NetBeans-16\netbeans\java\config\Modules\org-netbeans-modules-j2ee-eclipselink.xml
[2024-09-21 10:20:14.221]:         extracting C:\Program Files\NetBeans-16\netbeans\java\config\Modules\org-netbeans-modules-java-platform-ui.xml
[2024-09-21 10:20:14.222]:         extracting C:\Program Files\NetBeans-16\netbeans\java\config\Modules\org-netbeans-modules-debugger-jpda-ui.xml
[2024-09-21 10:20:14.222]:         extracting C:\Program Files\NetBeans-16\netbeans\java\config\Modules\org-netbeans-modules-debugger-jpda-js.xml
[2024-09-21 10:20:14.223]:         extracting C:\Program Files\NetBeans-16\netbeans\java\config\Modules\org-netbeans-modules-maven-repository.xml
[2024-09-21 10:20:14.223]:         extracting C:\Program Files\NetBeans-16\netbeans\java\config\Modules\org-netbeans-modules-maven-indexer-ui.xml
[2024-09-21 10:20:14.224]:         extracting C:\Program Files\NetBeans-16\netbeans\java\config\Modules\org-netbeans-modules-javaee-injection.xml
[2024-09-21 10:20:14.225]:         extracting C:\Program Files\NetBeans-16\netbeans\java\config\Modules\org-netbeans-modules-refactoring-java.xml
[2024-09-21 10:20:14.226]:         extracting C:\Program Files\NetBeans-16\netbeans\java\config\Modules\org-netbeans-modules-maven-checkstyle.xml
[2024-09-21 10:20:14.226]:         extracting C:\Program Files\NetBeans-16\netbeans\java\config\Modules\org-netbeans-modules-java-editor-base.xml
[2024-09-21 10:20:14.227]:         extracting C:\Program Files\NetBeans-16\netbeans\java\config\Modules\org-netbeans-modules-form-refactoring.xml
[2024-09-21 10:20:14.229]:         extracting C:\Program Files\NetBeans-16\netbeans\java\config\Modules\org-netbeans-modules-java-source-base.xml
[2024-09-21 10:20:14.230]:         extracting C:\Program Files\NetBeans-16\netbeans\java\config\Modules\org-netbeans-modules-j2ee-persistence.xml
[2024-09-21 10:20:14.230]:         extracting C:\Program Files\NetBeans-16\netbeans\java\config\Modules\org-netbeans-modules-java-j2seproject.xml
[2024-09-21 10:20:14.231]:         extracting C:\Program Files\NetBeans-16\netbeans\java\config\ModuleAutoDeps\org-netbeans-api-debugger-jpda.xml
[2024-09-21 10:20:14.231]:         extracting C:\Program Files\NetBeans-16\netbeans\java\ant\extra\org-netbeans-modules-javawebstart-anttasks.jar
[2024-09-21 10:20:14.233]:         extracting C:\Program Files\NetBeans-16\netbeans\profiler\modules\org-netbeans-modules-profiler-snaptracer.jar
[2024-09-21 10:20:14.237]:         extracting C:\Program Files\NetBeans-16\netbeans\profiler\modules\org-netbeans-modules-profiler-heapwalker.jar
[2024-09-21 10:20:14.245]:         extracting C:\Program Files\NetBeans-16\netbeans\profiler\update_tracking\org-netbeans-lib-profiler-common.xml
[2024-09-21 10:20:14.246]:         extracting C:\Program Files\NetBeans-16\netbeans\profiler\update_tracking\org-netbeans-lib-profiler-charts.xml
[2024-09-21 10:20:14.247]:         extracting C:\Program Files\NetBeans-16\netbeans\profiler\config\Modules\org-netbeans-modules-profiler-api.xml
[2024-09-21 10:20:14.247]:         extracting C:\Program Files\NetBeans-16\netbeans\profiler\config\Modules\org-netbeans-modules-profiler-kit.xml
[2024-09-21 10:20:14.248]:         extracting C:\Program Files\NetBeans-16\netbeans\profiler\config\Modules\org-netbeans-modules-profiler-oql.xml
[2024-09-21 10:20:14.249]:         extracting C:\Program Files\NetBeans-16\netbeans\profiler\lib\deployed\jdk16\linux-arm\libprofilerinterface.so
[2024-09-21 10:20:14.250]:         extracting C:\Program Files\NetBeans-16\netbeans\javafx\config\Modules\org-netbeans-modules-javafx2-editor.xml
[2024-09-21 10:20:14.251]:         extracting C:\Program Files\NetBeans-16\netbeans\ergonomics\config\Modules\org-netbeans-modules-php-smarty.xml
[2024-09-21 10:20:14.252]:         extracting C:\Program Files\NetBeans-16\netbeans\ergonomics\config\Modules\org-netbeans-modules-php-nette2.xml
[2024-09-21 10:20:14.253]:         extracting C:\Program Files\NetBeans-16\netbeans\ergonomics\config\Modules\org-netbeans-modules-maven-osgi.xml
[2024-09-21 10:20:14.254]:         extracting C:\Program Files\NetBeans-16\netbeans\ergonomics\config\Modules\org-netbeans-modules-groovy-kit.xml
[2024-09-21 10:20:14.254]:         extracting C:\Program Files\NetBeans-16\netbeans\ergonomics\config\Modules\org-netbeans-modules-php-apigen.xml
[2024-09-21 10:20:14.256]:         extracting C:\Program Files\NetBeans-16\netbeans\ergonomics\config\Modules\org-netbeans-modules-php-phpdoc.xml
[2024-09-21 10:20:14.257]:         extracting C:\Program Files\NetBeans-16\netbeans\ergonomics\config\Modules\org-netbeans-modules-websvc-kit.xml
[2024-09-21 10:20:14.258]:         extracting C:\Program Files\NetBeans-16\netbeans\ergonomics\config\Modules\org-netbeans-modules-java-debug.xml
[2024-09-21 10:20:14.258]:         extracting C:\Program Files\NetBeans-16\netbeans\ergonomics\config\Modules\org-netbeans-modules-groovy-gsp.xml
[2024-09-21 10:20:14.259]:         extracting C:\Program Files\NetBeans-16\netbeans\ergonomics\config\Modules\org-netbeans-modules-java-graph.xml
[2024-09-21 10:20:14.260]:         extracting C:\Program Files\NetBeans-16\netbeans\ergonomics\config\Modules\org-netbeans-modules-php-editor.xml
[2024-09-21 10:20:14.261]:         extracting C:\Program Files\NetBeans-16\netbeans\ergonomics\config\Modules\org-netbeans-modules-web-jsfapi.xml
[2024-09-21 10:20:14.262]:         extracting C:\Program Files\NetBeans-16\netbeans\ergonomics\config\Modules\org-netbeans-modules-web-struts.xml
[2024-09-21 10:20:14.263]:         extracting C:\Program Files\NetBeans-16\netbeans\ergonomics\config\Modules\org-netbeans-modules-java-hints.xml
[2024-09-21 10:20:14.264]:         extracting C:\Program Files\NetBeans-16\netbeans\ergonomics\config\Modules\org-netbeans-modules-javaee-api.xml
[2024-09-21 10:20:14.265]:         extracting C:\Program Files\NetBeans-16\netbeans\ergonomics\config\Modules\org-netbeans-modules-gradle-kit.xml
[2024-09-21 10:20:14.266]:         extracting C:\Program Files\NetBeans-16\netbeans\java\modules\org-netbeans-modules-debugger-jpda-projects.jar
[2024-09-21 10:20:14.268]:         extracting C:\Program Files\NetBeans-16\netbeans\java\modules\org-netbeans-modules-java-hints-declarative.jar
[2024-09-21 10:20:14.272]:         extracting C:\Program Files\NetBeans-16\netbeans\java\modules\ext\spring-3.0\spring-struts-3.2.18.RELEASE.jar
[2024-09-21 10:20:14.272]:         extracting C:\Program Files\NetBeans-16\netbeans\java\modules\ext\spring-3.0\spring-webmvc-3.2.18.RELEASE.jar
[2024-09-21 10:20:14.276]:         extracting C:\Program Files\NetBeans-16\netbeans\java\modules\ext\spring-5\spring-websocket-5.2.9.RELEASE.jar
[2024-09-21 10:20:14.279]:         extracting C:\Program Files\NetBeans-16\netbeans\java\modules\ext\spring-5\spring-messaging-5.2.9.RELEASE.jar
[2024-09-21 10:20:14.282]:         extracting C:\Program Files\NetBeans-16\netbeans\java\update_tracking\org-netbeans-modules-ant-browsetask.xml
[2024-09-21 10:20:14.283]:         extracting C:\Program Files\NetBeans-16\netbeans\java\update_tracking\org-netbeans-modules-maven-junit-ui.xml
[2024-09-21 10:20:14.284]:         extracting C:\Program Files\NetBeans-16\netbeans\java\update_tracking\org-netbeans-modules-xml-tools-java.xml
[2024-09-21 10:20:14.285]:         extracting C:\Program Files\NetBeans-16\netbeans\java\update_tracking\org-netbeans-modules-maven-embedder.xml
[2024-09-21 10:20:14.285]:         extracting C:\Program Files\NetBeans-16\netbeans\java\update_tracking\org-netbeans-modules-jshell-support.xml
[2024-09-21 10:20:14.286]:         extracting C:\Program Files\NetBeans-16\netbeans\java\update_tracking\org-netbeans-modules-ko4j-debugging.xml
[2024-09-21 10:20:14.287]:         extracting C:\Program Files\NetBeans-16\netbeans\java\update_tracking\org-netbeans-modules-maven-coverage.xml
[2024-09-21 10:20:14.288]:         extracting C:\Program Files\NetBeans-16\netbeans\java\update_tracking\org-netbeans-modules-websvc-jaxws21.xml
[2024-09-21 10:20:14.288]:         extracting C:\Program Files\NetBeans-16\netbeans\java\update_tracking\org-netbeans-modules-selenium2-java.xml
[2024-09-21 10:20:14.290]:         extracting C:\Program Files\NetBeans-16\netbeans\java\config\Modules\org-netbeans-modules-java-editor-lib.xml
[2024-09-21 10:20:14.290]:         extracting C:\Program Files\NetBeans-16\netbeans\java\config\Modules\org-netbeans-modules-java-j2sedeploy.xml
[2024-09-21 10:20:14.291]:         extracting C:\Program Files\NetBeans-16\netbeans\java\config\Modules\org-netbeans-modules-jellytools-java.xml
[2024-09-21 10:20:14.291]:         extracting C:\Program Files\NetBeans-16\netbeans\java\config\Modules\org-netbeans-modules-java-lsp-server.xml
[2024-09-21 10:20:14.292]:         extracting C:\Program Files\NetBeans-16\netbeans\java\config\Modules\org-netbeans-modules-java-mx-project.xml
[2024-09-21 10:20:14.294]:         extracting C:\Program Files\NetBeans-16\netbeans\java\config\Modules\org-netbeans-modules-java-hints-test.xml
[2024-09-21 10:20:14.294]:         extracting C:\Program Files\NetBeans-16\netbeans\java\config\Modules\org-netbeans-modules-java-project-ui.xml
[2024-09-21 10:20:14.295]:         extracting C:\Program Files\NetBeans-16\netbeans\java\config\Modules\org-netbeans-modules-java-completion.xml
[2024-09-21 10:20:14.296]:         extracting C:\Program Files\NetBeans-16\netbeans\java\config\Modules\org-netbeans-modules-selenium2-maven.xml
[2024-09-21 10:20:14.297]:         extracting C:\Program Files\NetBeans-16\netbeans\java\config\Modules\org-netbeans-modules-java-navigation.xml
[2024-09-21 10:20:14.298]:         extracting C:\Program Files\NetBeans-16\netbeans\java\config\Modules\org-netbeans-modules-languages-antlr.xml
[2024-09-21 10:20:14.298]:         extracting C:\Program Files\NetBeans-16\netbeans\java\config\Modules\org-netbeans-modules-java-source-ant.xml
[2024-09-21 10:20:14.299]:         extracting C:\Program Files\NetBeans-16\netbeans\java\config\Modules\org-netbeans-modules-java-api-common.xml
[2024-09-21 10:20:14.299]:         extracting C:\Program Files\NetBeans-16\netbeans\java\config\Modules\org-netbeans-modules-java-j2semodule.xml
[2024-09-21 10:20:14.301]:         extracting C:\Program Files\NetBeans-16\netbeans\java\config\Modules\org-netbeans-modules-java-testrunner.xml
[2024-09-21 10:20:14.301]:         extracting C:\Program Files\NetBeans-16\netbeans\apisupport\modules\org-netbeans-modules-maven-apisupport.jar
[2024-09-21 10:20:14.305]:         extracting C:\Program Files\NetBeans-16\netbeans\apisupport\ant\nblib\org-netbeans-modules-apisupport-ant.jar
[2024-09-21 10:20:14.307]:         extracting C:\Program Files\NetBeans-16\netbeans\profiler\modules\org-netbeans-modules-profiler-utilities.jar
[2024-09-21 10:20:14.308]:         extracting C:\Program Files\NetBeans-16\netbeans\profiler\config\Modules\org-netbeans-lib-profiler-common.xml
[2024-09-21 10:20:14.308]:         extracting C:\Program Files\NetBeans-16\netbeans\profiler\config\Modules\org-netbeans-lib-profiler-charts.xml
[2024-09-21 10:20:14.309]:         extracting C:\Program Files\NetBeans-16\netbeans\javafx\modules\org-netbeans-modules-javafx2-scenebuilder.jar
[2024-09-21 10:20:14.310]:         extracting C:\Program Files\NetBeans-16\netbeans\javafx\update_tracking\org-netbeans-modules-maven-htmlui.xml
[2024-09-21 10:20:14.311]:         extracting C:\Program Files\NetBeans-16\netbeans\ergonomics\config\Modules\org-netbeans-modules-php-phing.xml
[2024-09-21 10:20:14.313]:         extracting C:\Program Files\NetBeans-16\netbeans\ergonomics\config\Modules\org-netbeans-modules-web-jsf12.xml
[2024-09-21 10:20:14.314]:         extracting C:\Program Files\NetBeans-16\netbeans\ergonomics\config\Modules\org-netbeans-modules-php-zend2.xml
[2024-09-21 10:20:14.314]:         extracting C:\Program Files\NetBeans-16\netbeans\ergonomics\config\Modules\org-netbeans-modules-php-latte.xml
[2024-09-21 10:20:14.315]:         extracting C:\Program Files\NetBeans-16\netbeans\ergonomics\config\Modules\org-netbeans-modules-php-atoum.xml
[2024-09-21 10:20:14.316]:         extracting C:\Program Files\NetBeans-16\netbeans\ergonomics\config\Modules\org-netbeans-modules-web-beans.xml
[2024-09-21 10:20:14.317]:         extracting C:\Program Files\NetBeans-16\netbeans\ergonomics\config\Modules\org-netbeans-modules-maven-kit.xml
[2024-09-21 10:20:14.318]:         extracting C:\Program Files\NetBeans-16\netbeans\ergonomics\config\Modules\org-netbeans-modules-web-jsf20.xml
[2024-09-21 10:20:14.318]:         extracting C:\Program Files\NetBeans-16\netbeans\ergonomics\config\Modules\org-netbeans-modules-micronaut.xml
[2024-09-21 10:20:14.319]:         extracting C:\Program Files\NetBeans-16\netbeans\ergonomics\config\Modules\org-netbeans-modules-websocket.xml
[2024-09-21 10:20:14.321]:         extracting C:\Program Files\NetBeans-16\netbeans\ergonomics\config\Modules\org-netbeans-modules-web-debug.xml
[2024-09-21 10:20:14.321]:         extracting C:\Program Files\NetBeans-16\netbeans\java\modules\org-netbeans-modules-java-hints-legacy-spi.jar
[2024-09-21 10:20:14.322]:         extracting C:\Program Files\NetBeans-16\netbeans\java\modules\org-netbeans-modules-j2ee-jpa-verification.jar
[2024-09-21 10:20:14.325]:         extracting C:\Program Files\NetBeans-16\netbeans\java\modules\org-netbeans-modules-debugger-jpda-truffle.jar
[2024-09-21 10:20:14.328]:         extracting C:\Program Files\NetBeans-16\netbeans\java\modules\ext\spring-4\spring-aspects-4.3.29.RELEASE.jar
[2024-09-21 10:20:14.330]:         extracting C:\Program Files\NetBeans-16\netbeans\java\modules\ext\spring-4\spring-context-4.3.29.RELEASE.jar
[2024-09-21 10:20:14.335]:         extracting C:\Program Files\NetBeans-16\netbeans\java\modules\ext\org.eclipse.lsp4j.jsonrpc.debug-0.13.0.jar
[2024-09-21 10:20:14.337]:         extracting C:\Program Files\NetBeans-16\netbeans\java\modules\ext\spring-3.0\spring-beans-3.2.18.RELEASE.jar
[2024-09-21 10:20:14.340]:         extracting C:\Program Files\NetBeans-16\netbeans\java\update_tracking\org-netbeans-modules-java-examples.xml
[2024-09-21 10:20:14.341]:         extracting C:\Program Files\NetBeans-16\netbeans\java\update_tracking\org-netbeans-modules-java-sourceui.xml
[2024-09-21 10:20:14.342]:         extracting C:\Program Files\NetBeans-16\netbeans\java\update_tracking\org-netbeans-modules-j2ee-metadata.xml
[2024-09-21 10:20:14.343]:         extracting C:\Program Files\NetBeans-16\netbeans\java\update_tracking\org-netbeans-modules-debugger-jpda.xml
[2024-09-21 10:20:14.343]:         extracting C:\Program Files\NetBeans-16\netbeans\java\update_tracking\org-netbeans-modules-java-platform.xml
[2024-09-21 10:20:14.344]:         extracting C:\Program Files\NetBeans-16\netbeans\java\update_tracking\org-netbeans-modules-kotlin-editor.xml
[2024-09-21 10:20:14.346]:         extracting C:\Program Files\NetBeans-16\netbeans\java\update_tracking\org-netbeans-modules-maven-indexer.xml
[2024-09-21 10:20:14.346]:         extracting C:\Program Files\NetBeans-16\netbeans\java\update_tracking\org-netbeans-modules-java-hints-ui.xml
[2024-09-21 10:20:14.347]:         extracting C:\Program Files\NetBeans-16\netbeans\java\update_tracking\org-netbeans-modules-gradle-htmlui.xml
[2024-09-21 10:20:14.350]:         extracting C:\Program Files\NetBeans-16\netbeans\java\update_tracking\org-netbeans-modules-maven-grammar.xml
[2024-09-21 10:20:14.351]:         extracting C:\Program Files\NetBeans-16\netbeans\java\update_tracking\org-netbeans-modules-java-freeform.xml
[2024-09-21 10:20:14.352]:         extracting C:\Program Files\NetBeans-16\netbeans\java\update_tracking\org-netbeans-modules-editor-htmlui.xml
[2024-09-21 10:20:14.353]:         extracting C:\Program Files\NetBeans-16\netbeans\java\update_tracking\org-netbeans-modules-gradle-spring.xml
[2024-09-21 10:20:14.354]:         extracting C:\Program Files\NetBeans-16\netbeans\java\config\Modules\org-netbeans-modules-ant-browsetask.xml
[2024-09-21 10:20:14.356]:         extracting C:\Program Files\NetBeans-16\netbeans\java\config\Modules\org-netbeans-modules-maven-junit-ui.xml
[2024-09-21 10:20:14.358]:         extracting C:\Program Files\NetBeans-16\netbeans\java\config\Modules\org-netbeans-modules-xml-tools-java.xml
[2024-09-21 10:20:14.360]:         extracting C:\Program Files\NetBeans-16\netbeans\java\config\Modules\org-netbeans-modules-maven-embedder.xml
[2024-09-21 10:20:14.360]:         extracting C:\Program Files\NetBeans-16\netbeans\java\config\Modules\org-netbeans-modules-jshell-support.xml
[2024-09-21 10:20:14.362]:         extracting C:\Program Files\NetBeans-16\netbeans\java\config\Modules\org-netbeans-modules-ko4j-debugging.xml
[2024-09-21 10:20:14.364]:         extracting C:\Program Files\NetBeans-16\netbeans\java\config\Modules\org-netbeans-modules-maven-coverage.xml
[2024-09-21 10:20:14.365]:         extracting C:\Program Files\NetBeans-16\netbeans\java\config\Modules\org-netbeans-modules-websvc-jaxws21.xml
[2024-09-21 10:20:14.366]:         extracting C:\Program Files\NetBeans-16\netbeans\java\config\Modules\org-netbeans-modules-selenium2-java.xml
[2024-09-21 10:20:14.368]:         extracting C:\Program Files\NetBeans-16\netbeans\profiler\modules\org-netbeans-modules-profiler-freeform.jar
[2024-09-21 10:20:14.370]:         extracting C:\Program Files\NetBeans-16\netbeans\profiler\modules\org-netbeans-modules-profiler-nbmodule.jar
[2024-09-21 10:20:14.371]:         extracting C:\Program Files\NetBeans-16\netbeans\profiler\ant\nblib\org-netbeans-modules-profiler-nbimpl.jar
[2024-09-21 10:20:14.382]:         extracting C:\Program Files\NetBeans-16\netbeans\profiler\lib\deployed\jdk15\mac\libprofilerinterface.jnilib
[2024-09-21 10:20:14.384]:         extracting C:\Program Files\NetBeans-16\netbeans\profiler\lib\deployed\jdk16\mac\libprofilerinterface.jnilib
[2024-09-21 10:20:14.386]:         extracting C:\Program Files\NetBeans-16\netbeans\javafx\update_tracking\org-netbeans-modules-javafx2-kit.xml
[2024-09-21 10:20:14.387]:         extracting C:\Program Files\NetBeans-16\netbeans\javafx\config\Modules\org-netbeans-modules-maven-htmlui.xml
[2024-09-21 10:20:14.388]:         extracting C:\Program Files\NetBeans-16\netbeans\ergonomics\config\Modules\org-netbeans-modules-java-kit.xml
[2024-09-21 10:20:14.390]:         extracting C:\Program Files\NetBeans-16\netbeans\ergonomics\config\Modules\org-netbeans-modules-web-core.xml
[2024-09-21 10:20:14.391]:         extracting C:\Program Files\NetBeans-16\netbeans\ergonomics\config\Modules\org-netbeans-modules-dbschema.xml
[2024-09-21 10:20:14.392]:         extracting C:\Program Files\NetBeans-16\netbeans\ergonomics\config\Modules\org-netbeans-modules-j2ee-kit.xml
[2024-09-21 10:20:14.393]:         extracting C:\Program Files\NetBeans-16\netbeans\ergonomics\config\Modules\org-netbeans-modules-j2ee-ant.xml
[2024-09-21 10:20:14.397]:         extracting C:\Program Files\NetBeans-16\netbeans\ergonomics\config\Modules\org-netbeans-modules-php-dbgp.xml
[2024-09-21 10:20:14.398]:         extracting C:\Program Files\NetBeans-16\netbeans\ergonomics\config\Modules\org-netbeans-modules-php-twig.xml
[2024-09-21 10:20:14.399]:         extracting C:\Program Files\NetBeans-16\netbeans\ergonomics\config\Modules\org-netbeans-modules-php-zend.xml
[2024-09-21 10:20:14.400]:         extracting C:\Program Files\NetBeans-16\netbeans\ergonomics\config\Modules\org-netbeans-modules-xml-jaxb.xml
[2024-09-21 10:20:14.401]:         extracting C:\Program Files\NetBeans-16\netbeans\ergonomics\config\Modules\org-netbeans-modules-form-kit.xml
[2024-09-21 10:20:14.402]:         extracting C:\Program Files\NetBeans-16\netbeans\java\modules\org-netbeans-modules-j2ee-persistence-kit.jar
[2024-09-21 10:20:14.404]:         extracting C:\Program Files\NetBeans-16\netbeans\java\modules\org-netbeans-modules-debugger-jpda-visual.jar
[2024-09-21 10:20:14.407]:         extracting C:\Program Files\NetBeans-16\netbeans\java\modules\org-netbeans-modules-gradle-java-coverage.jar
[2024-09-21 10:20:14.408]:         extracting C:\Program Files\NetBeans-16\netbeans\java\modules\org-netbeans-modules-j2ee-jpa-refactoring.jar
[2024-09-21 10:20:14.414]:         extracting C:\Program Files\NetBeans-16\netbeans\java\modules\ext\spring-4\spring-webmvc-4.3.29.RELEASE.jar
[2024-09-21 10:20:14.420]:         extracting C:\Program Files\NetBeans-16\netbeans\java\modules\ext\spring-3.0\spring-jdbc-3.2.18.RELEASE.jar
[2024-09-21 10:20:14.424]:         extracting C:\Program Files\NetBeans-16\netbeans\java\modules\ext\spring-3.0\spring-test-3.2.18.RELEASE.jar
[2024-09-21 10:20:14.427]:         extracting C:\Program Files\NetBeans-16\netbeans\java\modules\ext\spring-3.0\spring-core-3.2.18.RELEASE.jar
[2024-09-21 10:20:14.432]:         extracting C:\Program Files\NetBeans-16\netbeans\java\modules\ext\spring-5\spring-webflux-5.2.9.RELEASE.jar
[2024-09-21 10:20:14.439]:         extracting C:\Program Files\NetBeans-16\netbeans\java\modules\ext\spring-5\spring-aspects-5.2.9.RELEASE.jar
[2024-09-21 10:20:14.440]:         extracting C:\Program Files\NetBeans-16\netbeans\java\modules\ext\spring-5\spring-context-5.2.9.RELEASE.jar
[2024-09-21 10:20:14.448]:         extracting C:\Program Files\NetBeans-16\netbeans\java\modules\ext\eclipselink\jakarta.persistence-2.2.3.jar
[2024-09-21 10:20:14.449]:         extracting C:\Program Files\NetBeans-16\netbeans\java\modules\org-netbeans-modules-java-openjdk-project.jar
[2024-09-21 10:20:14.453]:         extracting C:\Program Files\NetBeans-16\netbeans\java\update_tracking\org-netbeans-modules-java-project.xml
[2024-09-21 10:20:14.454]:         extracting C:\Program Files\NetBeans-16\netbeans\java\update_tracking\org-netbeans-modules-testng-maven.xml
[2024-09-21 10:20:14.455]:         extracting C:\Program Files\NetBeans-16\netbeans\java\update_tracking\org-netbeans-modules-java-metrics.xml
[2024-09-21 10:20:14.457]:         extracting C:\Program Files\NetBeans-16\netbeans\java\update_tracking\org-netbeans-modules-junit-ant-ui.xml
[2024-09-21 10:20:14.458]:         extracting C:\Program Files\NetBeans-16\netbeans\java\update_tracking\org-netbeans-libs-springframework.xml
[2024-09-21 10:20:14.459]:         extracting C:\Program Files\NetBeans-16\netbeans\java\update_tracking\org-netbeans-modules-maven-search.xml
[2024-09-21 10:20:14.459]:         extracting C:\Program Files\NetBeans-16\netbeans\java\update_tracking\org-netbeans-spi-debugger-jpda-ui.xml
[2024-09-21 10:20:14.461]:         extracting C:\Program Files\NetBeans-16\netbeans\java\update_tracking\org-netbeans-modules-spring-beans.xml
[2024-09-21 10:20:14.462]:         extracting C:\Program Files\NetBeans-16\netbeans\java\update_tracking\org-netbeans-modules-hudson-maven.xml
[2024-09-21 10:20:14.463]:         extracting C:\Program Files\NetBeans-16\netbeans\java\update_tracking\org-netbeans-modules-ant-debugger.xml
[2024-09-21 10:20:14.463]:         extracting C:\Program Files\NetBeans-16\netbeans\java\update_tracking\org-netbeans-modules-maven-spring.xml
[2024-09-21 10:20:14.464]:         extracting C:\Program Files\NetBeans-16\netbeans\java\update_tracking\org-netbeans-modules-javawebstart.xml
[2024-09-21 10:20:14.465]:         extracting C:\Program Files\NetBeans-16\netbeans\java\update_tracking\org-netbeans-modules-ant-freeform.xml
[2024-09-21 10:20:14.465]:         extracting C:\Program Files\NetBeans-16\netbeans\java\config\Modules\org-netbeans-modules-java-examples.xml
[2024-09-21 10:20:14.466]:         extracting C:\Program Files\NetBeans-16\netbeans\java\config\Modules\org-netbeans-modules-java-sourceui.xml
[2024-09-21 10:20:14.467]:         extracting C:\Program Files\NetBeans-16\netbeans\java\config\Modules\org-netbeans-modules-j2ee-metadata.xml
[2024-09-21 10:20:14.471]:         extracting C:\Program Files\NetBeans-16\netbeans\java\config\Modules\org-netbeans-modules-debugger-jpda.xml
[2024-09-21 10:20:14.471]:         extracting C:\Program Files\NetBeans-16\netbeans\java\config\Modules\org-netbeans-modules-java-platform.xml
[2024-09-21 10:20:14.473]:         extracting C:\Program Files\NetBeans-16\netbeans\java\config\Modules\org-netbeans-modules-kotlin-editor.xml
[2024-09-21 10:20:14.473]:         extracting C:\Program Files\NetBeans-16\netbeans\java\config\Modules\org-netbeans-modules-maven-indexer.xml
[2024-09-21 10:20:14.474]:         extracting C:\Program Files\NetBeans-16\netbeans\java\config\Modules\org-netbeans-modules-java-hints-ui.xml
[2024-09-21 10:20:14.475]:         extracting C:\Program Files\NetBeans-16\netbeans\java\config\Modules\org-netbeans-modules-gradle-htmlui.xml
[2024-09-21 10:20:14.476]:         extracting C:\Program Files\NetBeans-16\netbeans\java\config\Modules\org-netbeans-modules-maven-grammar.xml
[2024-09-21 10:20:14.477]:         extracting C:\Program Files\NetBeans-16\netbeans\java\config\Modules\org-netbeans-modules-java-freeform.xml
[2024-09-21 10:20:14.479]:         extracting C:\Program Files\NetBeans-16\netbeans\java\config\Modules\org-netbeans-modules-editor-htmlui.xml
[2024-09-21 10:20:14.481]:         extracting C:\Program Files\NetBeans-16\netbeans\java\config\Modules\org-netbeans-modules-gradle-spring.xml
[2024-09-21 10:20:14.482]:         extracting C:\Program Files\NetBeans-16\netbeans\java\sources\org\netbeans\lib\awtextra\AbsoluteLayout.java
[2024-09-21 10:20:14.483]:         extracting C:\Program Files\NetBeans-16\netbeans\apisupport\modules\org-netbeans-modules-apisupport-ant.jar
[2024-09-21 10:20:14.492]:         extracting C:\Program Files\NetBeans-16\netbeans\apisupport\modules\org-netbeans-modules-apisupport-kit.jar
[2024-09-21 10:20:14.493]:         extracting C:\Program Files\NetBeans-16\netbeans\apisupport\update_tracking\org-netbeans-modules-timers.xml
[2024-09-21 10:20:14.494]:         extracting C:\Program Files\NetBeans-16\netbeans\profiler\modules\org-netbeans-modules-profiler-ppoints.jar
[2024-09-21 10:20:14.498]:         extracting C:\Program Files\NetBeans-16\netbeans\profiler\modules\org-netbeans-modules-profiler-options.jar
[2024-09-21 10:20:14.500]:         extracting C:\Program Files\NetBeans-16\netbeans\profiler\update_tracking\org-netbeans-modules-profiler.xml
[2024-09-21 10:20:14.501]:         extracting C:\Program Files\NetBeans-16\netbeans\javafx\config\Modules\org-netbeans-modules-javafx2-kit.xml
[2024-09-21 10:20:14.501]:         extracting C:\Program Files\NetBeans-16\netbeans\ergonomics\modules\org-netbeans-modules-ide-ergonomics.jar
[2024-09-21 10:20:14.508]:         extracting C:\Program Files\NetBeans-16\netbeans\ergonomics\config\Modules\org-netbeans-libs-nbjavacapi.xml
[2024-09-21 10:20:14.508]:         extracting C:\Program Files\NetBeans-16\netbeans\ergonomics\config\Modules\org-netbeans-modules-cordova.xml
[2024-09-21 10:20:14.509]:         extracting C:\Program Files\NetBeans-16\netbeans\ergonomics\config\Modules\org-netbeans-modules-tomcat5.xml
[2024-09-21 10:20:14.509]:         extracting C:\Program Files\NetBeans-16\netbeans\ergonomics\config\Modules\org-netbeans-modules-web-kit.xml
[2024-09-21 10:20:14.510]:         extracting C:\Program Files\NetBeans-16\netbeans\ergonomics\config\Modules\org-netbeans-modules-ant-kit.xml
[2024-09-21 10:20:14.511]:         extracting C:\Program Files\NetBeans-16\netbeans\ergonomics\config\Modules\org-netbeans-modules-php-kit.xml
[2024-09-21 10:20:14.513]:         extracting C:\Program Files\NetBeans-16\netbeans\ergonomics\config\Modules\org-netbeans-modules-javadoc.xml
[2024-09-21 10:20:14.514]:         extracting C:\Program Files\NetBeans-16\netbeans\ergonomics\config\Modules\org-netbeans-modules-web-jsf.xml
[2024-09-21 10:20:14.515]:         extracting C:\Program Files\NetBeans-16\netbeans\java\modules\org-netbeans-modules-j2ee-core-utilities.jar
[2024-09-21 10:20:14.517]:         extracting C:\Program Files\NetBeans-16\netbeans\java\modules\org-netbeans-modules-java-source-compat8.jar
[2024-09-21 10:20:14.518]:         extracting C:\Program Files\NetBeans-16\netbeans\java\modules\org-netbeans-modules-java-testrunner-ant.jar
[2024-09-21 10:20:14.519]:         extracting C:\Program Files\NetBeans-16\netbeans\java\modules\org-netbeans-modules-java-source-queries.jar
[2024-09-21 10:20:14.520]:         extracting C:\Program Files\NetBeans-16\netbeans\java\modules\org-netbeans-modules-j2ee-persistenceapi.jar
[2024-09-21 10:20:14.523]:         extracting C:\Program Files\NetBeans-16\netbeans\java\modules\ext\spring-4\spring-beans-4.3.29.RELEASE.jar
[2024-09-21 10:20:14.527]:         extracting C:\Program Files\NetBeans-16\netbeans\java\modules\ext\maven\lucene-analyzers-common-8.11.1.jar
[2024-09-21 10:20:14.535]:         extracting C:\Program Files\NetBeans-16\netbeans\java\modules\ext\spring-3.0\spring-jms-3.2.18.RELEASE.jar
[2024-09-21 10:20:14.537]:         extracting C:\Program Files\NetBeans-16\netbeans\java\modules\ext\spring-3.0\spring-aop-3.2.18.RELEASE.jar
[2024-09-21 10:20:14.540]:         extracting C:\Program Files\NetBeans-16\netbeans\java\modules\ext\spring-3.0\spring-web-3.2.18.RELEASE.jar
[2024-09-21 10:20:14.543]:         extracting C:\Program Files\NetBeans-16\netbeans\java\modules\ext\spring-3.0\spring-oxm-3.2.18.RELEASE.jar
[2024-09-21 10:20:14.544]:         extracting C:\Program Files\NetBeans-16\netbeans\java\modules\ext\spring-3.0\spring-orm-3.2.18.RELEASE.jar
[2024-09-21 10:20:14.548]:         extracting C:\Program Files\NetBeans-16\netbeans\java\modules\ext\spring-5\spring-webmvc-5.2.9.RELEASE.jar
[2024-09-21 10:20:14.552]:         extracting C:\Program Files\NetBeans-16\netbeans\java\update_tracking\org-netbeans-modules-maven-model.xml
[2024-09-21 10:20:14.553]:         extracting C:\Program Files\NetBeans-16\netbeans\java\update_tracking\org-netbeans-modules-java-source.xml
[2024-09-21 10:20:14.554]:         extracting C:\Program Files\NetBeans-16\netbeans\java\update_tracking\org-netbeans-libs-jshell-compile.xml
[2024-09-21 10:20:14.554]:         extracting C:\Program Files\NetBeans-16\netbeans\java\update_tracking\org-netbeans-modules-java-editor.xml
[2024-09-21 10:20:14.555]:         extracting C:\Program Files\NetBeans-16\netbeans\java\update_tracking\org-netbeans-modules-maven-junit.xml
[2024-09-21 10:20:14.557]:         extracting C:\Program Files\NetBeans-16\netbeans\java\update_tracking\org-netbeans-modules-maven-hints.xml
[2024-09-21 10:20:14.557]:         extracting C:\Program Files\NetBeans-16\netbeans\java\update_tracking\org-netbeans-modules-ant-grammar.xml
[2024-09-21 10:20:14.557]:         extracting C:\Program Files\NetBeans-16\netbeans\java\update_tracking\org-netbeans-modules-gradle-java.xml
[2024-09-21 10:20:14.558]:         extracting C:\Program Files\NetBeans-16\netbeans\java\update_tracking\org-netbeans-modules-java-guards.xml
[2024-09-21 10:20:14.559]:         extracting C:\Program Files\NetBeans-16\netbeans\java\update_tracking\org-netbeans-modules-gradle-test.xml
[2024-09-21 10:20:14.559]:         extracting C:\Program Files\NetBeans-16\netbeans\java\update_tracking\org-netbeans-modules-maven-graph.xml
[2024-09-21 10:20:14.561]:         extracting C:\Program Files\NetBeans-16\netbeans\java\config\Modules\org-netbeans-modules-java-project.xml
[2024-09-21 10:20:14.562]:         extracting C:\Program Files\NetBeans-16\netbeans\java\config\Modules\org-netbeans-modules-testng-maven.xml
[2024-09-21 10:20:14.564]:         extracting C:\Program Files\NetBeans-16\netbeans\java\config\Modules\org-netbeans-modules-java-metrics.xml
[2024-09-21 10:20:14.565]:         extracting C:\Program Files\NetBeans-16\netbeans\java\config\Modules\org-netbeans-modules-junit-ant-ui.xml
[2024-09-21 10:20:14.565]:         extracting C:\Program Files\NetBeans-16\netbeans\java\config\Modules\org-netbeans-libs-springframework.xml
[2024-09-21 10:20:14.566]:         extracting C:\Program Files\NetBeans-16\netbeans\java\config\Modules\org-netbeans-modules-maven-search.xml
[2024-09-21 10:20:14.566]:         extracting C:\Program Files\NetBeans-16\netbeans\java\config\Modules\org-netbeans-spi-debugger-jpda-ui.xml
[2024-09-21 10:20:14.567]:         extracting C:\Program Files\NetBeans-16\netbeans\java\config\Modules\org-netbeans-modules-spring-beans.xml
[2024-09-21 10:20:14.568]:         extracting C:\Program Files\NetBeans-16\netbeans\java\config\Modules\org-netbeans-modules-hudson-maven.xml
[2024-09-21 10:20:14.568]:         extracting C:\Program Files\NetBeans-16\netbeans\java\config\Modules\org-netbeans-modules-ant-debugger.xml
[2024-09-21 10:20:14.569]:         extracting C:\Program Files\NetBeans-16\netbeans\java\config\Modules\org-netbeans-modules-maven-spring.xml
[2024-09-21 10:20:14.569]:         extracting C:\Program Files\NetBeans-16\netbeans\java\config\Modules\org-netbeans-modules-javawebstart.xml
[2024-09-21 10:20:14.571]:         extracting C:\Program Files\NetBeans-16\netbeans\java\config\Modules\org-netbeans-modules-ant-freeform.xml
[2024-09-21 10:20:14.571]:         extracting C:\Program Files\NetBeans-16\netbeans\java\ant\nblib\org-netbeans-modules-debugger-jpda-ant.jar
[2024-09-21 10:20:14.574]:         extracting C:\Program Files\NetBeans-16\netbeans\apisupport\config\Modules\org-netbeans-modules-timers.xml
[2024-09-21 10:20:14.574]:         extracting C:\Program Files\NetBeans-16\netbeans\profiler\modules\org-netbeans-modules-profiler-nbimpl.jar
[2024-09-21 10:20:14.577]:         extracting C:\Program Files\NetBeans-16\netbeans\profiler\modules\org-netbeans-modules-profiler-attach.jar
[2024-09-21 10:20:14.578]:         extracting C:\Program Files\NetBeans-16\netbeans\profiler\update_tracking\org-netbeans-lib-profiler-ui.xml
[2024-09-21 10:20:14.579]:         extracting C:\Program Files\NetBeans-16\netbeans\profiler\config\Modules\org-netbeans-modules-profiler.xml
[2024-09-21 10:20:14.580]:         extracting C:\Program Files\NetBeans-16\netbeans\profiler\lib\deployed\jdk15\windows\profilerinterface.dll
[2024-09-21 10:20:14.582]:         extracting C:\Program Files\NetBeans-16\netbeans\profiler\lib\deployed\jdk15\windows\profilerinterface.map
[2024-09-21 10:20:14.583]:         extracting C:\Program Files\NetBeans-16\netbeans\profiler\lib\deployed\jdk15\linux\libprofilerinterface.so
[2024-09-21 10:20:14.584]:         extracting C:\Program Files\NetBeans-16\netbeans\profiler\lib\deployed\cvm\windows\profilerinterface_g.dll
[2024-09-21 10:20:14.585]:         extracting C:\Program Files\NetBeans-16\netbeans\profiler\lib\deployed\cvm\windows\profilerinterface_g.map
[2024-09-21 10:20:14.586]:         extracting C:\Program Files\NetBeans-16\netbeans\profiler\lib\deployed\cvm\linux\libprofilerinterface_g.so
[2024-09-21 10:20:14.589]:         extracting C:\Program Files\NetBeans-16\netbeans\profiler\lib\deployed\jdk16\windows\profilerinterface.dll
[2024-09-21 10:20:14.590]:         extracting C:\Program Files\NetBeans-16\netbeans\profiler\lib\deployed\jdk16\windows\profilerinterface.map
[2024-09-21 10:20:14.591]:         extracting C:\Program Files\NetBeans-16\netbeans\profiler\lib\deployed\jdk16\linux\libprofilerinterface.so
[2024-09-21 10:20:14.593]:         extracting C:\Program Files\NetBeans-16\netbeans\ergonomics\config\Modules\org-apache-tools-ant-module.xml
[2024-09-21 10:20:14.594]:         extracting C:\Program Files\NetBeans-16\netbeans\ergonomics\config\Modules\org-netbeans-modules-web-el.xml
[2024-09-21 10:20:14.595]:         extracting C:\Program Files\NetBeans-16\netbeans\ergonomics\config\Modules\org-netbeans-modules-timers.xml
[2024-09-21 10:20:14.596]:         extracting C:\Program Files\NetBeans-16\netbeans\java\modules\org-netbeans-modules-java-testrunner-ui.jar
[2024-09-21 10:20:14.599]:         extracting C:\Program Files\NetBeans-16\netbeans\java\modules\org-netbeans-modules-gradle-persistence.jar
[2024-09-21 10:20:14.600]:         extracting C:\Program Files\NetBeans-16\netbeans\java\modules\org-netbeans-modules-debugger-jpda-jsui.jar
[2024-09-21 10:20:14.601]:         extracting C:\Program Files\NetBeans-16\netbeans\java\modules\ext\corba\omgapi\glassfish-corba-omgapi.jar
[2024-09-21 10:20:14.608]:         extracting C:\Program Files\NetBeans-16\netbeans\java\modules\ext\spring-4\spring-core-4.3.29.RELEASE.jar
[2024-09-21 10:20:14.615]:         extracting C:\Program Files\NetBeans-16\netbeans\java\modules\ext\spring-4\spring-test-4.3.29.RELEASE.jar
[2024-09-21 10:20:14.618]:         extracting C:\Program Files\NetBeans-16\netbeans\java\modules\ext\spring-4\spring-jdbc-4.3.29.RELEASE.jar
[2024-09-21 10:20:14.622]:         extracting C:\Program Files\NetBeans-16\netbeans\java\modules\ext\spring-3.0\spring-tx-3.2.18.RELEASE.jar
[2024-09-21 10:20:14.624]:         extracting C:\Program Files\NetBeans-16\netbeans\java\modules\ext\spring-5\spring-beans-5.2.9.RELEASE.jar
[2024-09-21 10:20:14.628]:         extracting C:\Program Files\NetBeans-16\netbeans\java\update_tracking\org-netbeans-modules-maven-osgi.xml
[2024-09-21 10:20:14.629]:         extracting C:\Program Files\NetBeans-16\netbeans\java\update_tracking\org-netbeans-modules-java-lexer.xml
[2024-09-21 10:20:14.630]:         extracting C:\Program Files\NetBeans-16\netbeans\java\update_tracking\org-netbeans-modules-java-debug.xml
[2024-09-21 10:20:14.631]:         extracting C:\Program Files\NetBeans-16\netbeans\java\update_tracking\org-netbeans-modules-hudson-ant.xml
[2024-09-21 10:20:14.632]:         extracting C:\Program Files\NetBeans-16\netbeans\java\update_tracking\org-netbeans-modules-java-graph.xml
[2024-09-21 10:20:14.633]:         extracting C:\Program Files\NetBeans-16\netbeans\java\update_tracking\org-netbeans-modules-java-hints.xml
[2024-09-21 10:20:14.635]:         extracting C:\Program Files\NetBeans-16\netbeans\java\update_tracking\org-netbeans-modules-java-disco.xml
[2024-09-21 10:20:14.635]:         extracting C:\Program Files\NetBeans-16\netbeans\java\update_tracking\org-netbeans-modules-testng-ant.xml
[2024-09-21 10:20:14.636]:         extracting C:\Program Files\NetBeans-16\netbeans\java\update_tracking\org-netbeans-modules-gradle-kit.xml
[2024-09-21 10:20:14.636]:         extracting C:\Program Files\NetBeans-16\netbeans\java\config\Modules\org-netbeans-modules-maven-model.xml
[2024-09-21 10:20:14.637]:         extracting C:\Program Files\NetBeans-16\netbeans\java\config\Modules\org-netbeans-modules-java-source.xml
[2024-09-21 10:20:14.638]:         extracting C:\Program Files\NetBeans-16\netbeans\java\config\Modules\org-netbeans-libs-jshell-compile.xml
[2024-09-21 10:20:14.639]:         extracting C:\Program Files\NetBeans-16\netbeans\java\config\Modules\org-netbeans-modules-java-editor.xml
[2024-09-21 10:20:14.641]:         extracting C:\Program Files\NetBeans-16\netbeans\java\config\Modules\org-netbeans-modules-maven-junit.xml
[2024-09-21 10:20:14.641]:         extracting C:\Program Files\NetBeans-16\netbeans\java\config\Modules\org-netbeans-modules-maven-hints.xml
[2024-09-21 10:20:14.642]:         extracting C:\Program Files\NetBeans-16\netbeans\java\config\Modules\org-netbeans-modules-ant-grammar.xml
[2024-09-21 10:20:14.642]:         extracting C:\Program Files\NetBeans-16\netbeans\java\config\Modules\org-netbeans-modules-gradle-java.xml
[2024-09-21 10:20:14.643]:         extracting C:\Program Files\NetBeans-16\netbeans\java\config\Modules\org-netbeans-modules-java-guards.xml
[2024-09-21 10:20:14.644]:         extracting C:\Program Files\NetBeans-16\netbeans\java\config\Modules\org-netbeans-modules-gradle-test.xml
[2024-09-21 10:20:14.644]:         extracting C:\Program Files\NetBeans-16\netbeans\java\config\Modules\org-netbeans-modules-maven-graph.xml
[2024-09-21 10:20:14.646]:         extracting C:\Program Files\NetBeans-16\netbeans\profiler\modules\org-netbeans-modules-maven-profiler.jar
[2024-09-21 10:20:14.648]:         extracting C:\Program Files\NetBeans-16\netbeans\profiler\config\Modules\org-netbeans-lib-profiler-ui.xml
[2024-09-21 10:20:14.649]:         extracting C:\Program Files\NetBeans-16\netbeans\javafx\modules\org-netbeans-modules-javafx2-platform.jar
[2024-09-21 10:20:14.650]:         extracting C:\Program Files\NetBeans-16\netbeans\ergonomics\config\Modules\org-netbeans-modules-maven.xml
[2024-09-21 10:20:14.651]:         extracting C:\Program Files\NetBeans-16\netbeans\ergonomics\config\Modules\org-netbeans-modules-beans.xml
[2024-09-21 10:20:14.651]:         extracting C:\Program Files\NetBeans-16\netbeans\java\modules\org-netbeans-modules-debugger-jpda-ant.jar
[2024-09-21 10:20:14.652]:         extracting C:\Program Files\NetBeans-16\netbeans\java\modules\org-netbeans-modules-java-j2seembedded.jar
[2024-09-21 10:20:14.655]:         extracting C:\Program Files\NetBeans-16\netbeans\java\modules\org-netbeans-modules-java-module-graph.jar
[2024-09-21 10:20:14.656]:         extracting C:\Program Files\NetBeans-16\netbeans\java\modules\org-netbeans-modules-java-j2seplatform.jar
[2024-09-21 10:20:14.659]:         extracting C:\Program Files\NetBeans-16\netbeans\java\modules\org-netbeans-modules-websvc-jaxws21api.jar
[2024-09-21 10:20:14.662]:         extracting C:\Program Files\NetBeans-16\netbeans\java\modules\org-netbeans-modules-maven-persistence.jar
[2024-09-21 10:20:14.664]:         extracting C:\Program Files\NetBeans-16\netbeans\java\modules\org-netbeans-modules-libs-corba-omgapi.jar
[2024-09-21 10:20:14.665]:         extracting C:\Program Files\NetBeans-16\netbeans\java\modules\org-netbeans-modules-debugger-jpda-kit.jar
[2024-09-21 10:20:14.666]:         extracting C:\Program Files\NetBeans-16\netbeans\java\modules\org-netbeans-modules-nashorn-execution.jar
[2024-09-21 10:20:14.667]:         extracting C:\Program Files\NetBeans-16\netbeans\java\modules\org-netbeans-modules-java-j2seprofiles.jar
[2024-09-21 10:20:14.669]:         extracting C:\Program Files\NetBeans-16\netbeans\java\modules\org-netbeans-modules-maven-refactoring.jar
[2024-09-21 10:20:14.671]:         extracting C:\Program Files\NetBeans-16\netbeans\java\modules\ext\org.eclipse.xtend.lib.macro-2.24.0.jar
[2024-09-21 10:20:14.672]:         extracting C:\Program Files\NetBeans-16\netbeans\java\modules\ext\spring-4\spring-aop-4.3.29.RELEASE.jar
[2024-09-21 10:20:14.674]:         extracting C:\Program Files\NetBeans-16\netbeans\java\modules\ext\spring-4\spring-jms-4.3.29.RELEASE.jar
[2024-09-21 10:20:14.677]:         extracting C:\Program Files\NetBeans-16\netbeans\java\modules\ext\spring-4\spring-orm-4.3.29.RELEASE.jar
[2024-09-21 10:20:14.680]:         extracting C:\Program Files\NetBeans-16\netbeans\java\modules\ext\spring-4\spring-web-4.3.29.RELEASE.jar
[2024-09-21 10:20:14.684]:         extracting C:\Program Files\NetBeans-16\netbeans\java\modules\ext\spring-4\spring-oxm-4.3.29.RELEASE.jar
[2024-09-21 10:20:14.685]:         extracting C:\Program Files\NetBeans-16\netbeans\java\modules\ext\docs\jakarta.persistence-2.2.3-doc.zip
[2024-09-21 10:20:14.692]:         extracting C:\Program Files\NetBeans-16\netbeans\java\modules\ext\org.eclipse.xtext.xbase.lib-2.24.0.jar
[2024-09-21 10:20:14.693]:         extracting C:\Program Files\NetBeans-16\netbeans\java\modules\ext\spring-5\spring-core-5.2.9.RELEASE.jar
[2024-09-21 10:20:14.701]:         extracting C:\Program Files\NetBeans-16\netbeans\java\modules\ext\spring-5\spring-jdbc-5.2.9.RELEASE.jar
[2024-09-21 10:20:14.704]:         extracting C:\Program Files\NetBeans-16\netbeans\java\modules\ext\spring-5\spring-test-5.2.9.RELEASE.jar
[2024-09-21 10:20:14.708]:         extracting C:\Program Files\NetBeans-16\netbeans\java\modules\ext\org.eclipse.lsp4j.generator-0.13.0.jar
[2024-09-21 10:20:14.709]:         extracting C:\Program Files\NetBeans-16\netbeans\java\update_tracking\org-netbeans-modules-i18n-form.xml
[2024-09-21 10:20:14.709]:         extracting C:\Program Files\NetBeans-16\netbeans\java\update_tracking\org-netbeans-modules-classfile.xml
[2024-09-21 10:20:14.710]:         extracting C:\Program Files\NetBeans-16\netbeans\java\update_tracking\org-netbeans-modules-ant-hints.xml
[2024-09-21 10:20:14.710]:         extracting C:\Program Files\NetBeans-16\netbeans\java\update_tracking\org-netbeans-modules-testng-ui.xml
[2024-09-21 10:20:14.710]:         extracting C:\Program Files\NetBeans-16\netbeans\java\update_tracking\org-netbeans-modules-maven-kit.xml
[2024-09-21 10:20:14.712]:         extracting C:\Program Files\NetBeans-16\netbeans\java\update_tracking\org-netbeans-api-debugger-jpda.xml
[2024-09-21 10:20:14.713]:         extracting C:\Program Files\NetBeans-16\netbeans\java\update_tracking\org-netbeans-modules-whitelist.xml
[2024-09-21 10:20:14.713]:         extracting C:\Program Files\NetBeans-16\netbeans\java\update_tracking\org-netbeans-modules-junit-ant.xml
[2024-09-21 10:20:14.714]:         extracting C:\Program Files\NetBeans-16\netbeans\java\config\Modules\org-netbeans-modules-maven-osgi.xml
[2024-09-21 10:20:14.714]:         extracting C:\Program Files\NetBeans-16\netbeans\java\config\Modules\org-netbeans-modules-java-lexer.xml
[2024-09-21 10:20:14.715]:         extracting C:\Program Files\NetBeans-16\netbeans\java\config\Modules\org-netbeans-modules-java-debug.xml
[2024-09-21 10:20:14.716]:         extracting C:\Program Files\NetBeans-16\netbeans\java\config\Modules\org-netbeans-modules-hudson-ant.xml
[2024-09-21 10:20:14.717]:         extracting C:\Program Files\NetBeans-16\netbeans\java\config\Modules\org-netbeans-modules-java-graph.xml
[2024-09-21 10:20:14.717]:         extracting C:\Program Files\NetBeans-16\netbeans\java\config\Modules\org-netbeans-modules-java-hints.xml
[2024-09-21 10:20:14.718]:         extracting C:\Program Files\NetBeans-16\netbeans\java\config\Modules\org-netbeans-modules-java-disco.xml
[2024-09-21 10:20:14.719]:         extracting C:\Program Files\NetBeans-16\netbeans\java\config\Modules\org-netbeans-modules-testng-ant.xml
[2024-09-21 10:20:14.719]:         extracting C:\Program Files\NetBeans-16\netbeans\java\config\Modules\org-netbeans-modules-gradle-kit.xml
[2024-09-21 10:20:14.721]:         extracting C:\Program Files\NetBeans-16\netbeans\java\maven\lib\maven-resolver-connector-basic-1.6.3.jar
[2024-09-21 10:20:14.723]:         extracting C:\Program Files\NetBeans-16\netbeans\java\maven\lib\maven-resolver-transport-wagon-1.6.3.jar
[2024-09-21 10:20:14.724]:         extracting C:\Program Files\NetBeans-16\netbeans\java\ant\nblib\org-netbeans-modules-java-source-ant.jar
[2024-09-21 10:20:14.725]:         extracting C:\Program Files\NetBeans-16\netbeans\profiler\modules\org-netbeans-modules-profiler-j2se.jar
[2024-09-21 10:20:14.726]:         extracting C:\Program Files\NetBeans-16\netbeans\profiler\lib\deployed\cvm\windows\profilerinterface.dll
[2024-09-21 10:20:14.728]:         extracting C:\Program Files\NetBeans-16\netbeans\profiler\lib\deployed\cvm\windows\profilerinterface.map
[2024-09-21 10:20:14.729]:         extracting C:\Program Files\NetBeans-16\netbeans\profiler\lib\deployed\cvm\linux\libprofilerinterface.so
[2024-09-21 10:20:14.730]:         extracting C:\Program Files\NetBeans-16\netbeans\profiler\remote-pack-defs\profile-linuxarmvfphflt-16.sh
[2024-09-21 10:20:14.731]:         extracting C:\Program Files\NetBeans-16\netbeans\javafx\modules\org-netbeans-modules-javafx2-samples.jar
[2024-09-21 10:20:14.740]:         extracting C:\Program Files\NetBeans-16\netbeans\javafx\modules\org-netbeans-modules-javafx2-project.jar
[2024-09-21 10:20:14.745]:         extracting C:\Program Files\NetBeans-16\netbeans\ergonomics\config\Modules\org-netbeans-modules-i18n.xml
[2024-09-21 10:20:14.746]:         extracting C:\Program Files\NetBeans-16\netbeans\ergonomics\config\Modules\org-netbeans-modules-form.xml
[2024-09-21 10:20:14.747]:         extracting C:\Program Files\NetBeans-16\netbeans\java\modules\org-netbeans-modules-java-platform-ui.jar
[2024-09-21 10:20:14.749]:         extracting C:\Program Files\NetBeans-16\netbeans\java\modules\org-netbeans-modules-j2ee-persistence.jar
[2024-09-21 10:20:14.763]:         extracting C:\Program Files\NetBeans-16\netbeans\java\modules\org-netbeans-modules-java-source-base.jar
[2024-09-21 10:20:14.779]:         extracting C:\Program Files\NetBeans-16\netbeans\java\modules\org-netbeans-modules-refactoring-java.jar
[2024-09-21 10:20:14.796]:         extracting C:\Program Files\NetBeans-16\netbeans\java\modules\org-netbeans-modules-maven-checkstyle.jar
[2024-09-21 10:20:14.798]:         extracting C:\Program Files\NetBeans-16\netbeans\java\modules\org-netbeans-modules-maven-indexer-ui.jar
[2024-09-21 10:20:14.811]:         extracting C:\Program Files\NetBeans-16\netbeans\java\modules\org-netbeans-modules-form-refactoring.jar
[2024-09-21 10:20:14.812]:         extracting C:\Program Files\NetBeans-16\netbeans\java\modules\org-netbeans-modules-debugger-jpda-ui.jar
[2024-09-21 10:20:14.820]:         extracting C:\Program Files\NetBeans-16\netbeans\java\modules\org-netbeans-modules-java-j2seproject.jar
[2024-09-21 10:20:14.826]:         extracting C:\Program Files\NetBeans-16\netbeans\java\modules\org-netbeans-modules-maven-repository.jar
[2024-09-21 10:20:14.833]:         extracting C:\Program Files\NetBeans-16\netbeans\java\modules\org-netbeans-modules-debugger-jpda-js.jar
[2024-09-21 10:20:14.834]:         extracting C:\Program Files\NetBeans-16\netbeans\java\modules\org-netbeans-modules-j2ee-eclipselink.jar
[2024-09-21 10:20:14.835]:         extracting C:\Program Files\NetBeans-16\netbeans\java\modules\org-netbeans-modules-javaee-injection.jar
[2024-09-21 10:20:14.837]:         extracting C:\Program Files\NetBeans-16\netbeans\java\modules\org-netbeans-modules-java-editor-base.jar
[2024-09-21 10:20:14.842]:         extracting C:\Program Files\NetBeans-16\netbeans\java\modules\ext\spring-4\spring-tx-4.3.29.RELEASE.jar
[2024-09-21 10:20:14.844]:         extracting C:\Program Files\NetBeans-16\netbeans\java\modules\ext\spring-5\spring-oxm-5.2.9.RELEASE.jar
[2024-09-21 10:20:14.845]:         extracting C:\Program Files\NetBeans-16\netbeans\java\modules\ext\spring-5\spring-orm-5.2.9.RELEASE.jar
[2024-09-21 10:20:14.849]:         extracting C:\Program Files\NetBeans-16\netbeans\java\modules\ext\spring-5\spring-web-5.2.9.RELEASE.jar
[2024-09-21 10:20:14.857]:         extracting C:\Program Files\NetBeans-16\netbeans\java\modules\ext\spring-5\spring-jcl-5.2.9.RELEASE.jar
[2024-09-21 10:20:14.858]:         extracting C:\Program Files\NetBeans-16\netbeans\java\modules\ext\spring-5\spring-jms-5.2.9.RELEASE.jar
[2024-09-21 10:20:14.861]:         extracting C:\Program Files\NetBeans-16\netbeans\java\modules\ext\spring-5\spring-aop-5.2.9.RELEASE.jar
[2024-09-21 10:20:14.865]:         extracting C:\Program Files\NetBeans-16\netbeans\java\update_tracking\org-netbeans-lib-jshell-agent.xml
[2024-09-21 10:20:14.866]:         extracting C:\Program Files\NetBeans-16\netbeans\java\update_tracking\org-netbeans-modules-java-kit.xml
[2024-09-21 10:20:14.867]:         extracting C:\Program Files\NetBeans-16\netbeans\java\update_tracking\org-netbeans-modules-dbschema.xml
[2024-09-21 10:20:14.867]:         extracting C:\Program Files\NetBeans-16\netbeans\java\update_tracking\org-netbeans-modules-junit-ui.xml
[2024-09-21 10:20:14.868]:         extracting C:\Program Files\NetBeans-16\netbeans\java\update_tracking\org-netbeans-modules-xml-jaxb.xml
[2024-09-21 10:20:14.868]:         extracting C:\Program Files\NetBeans-16\netbeans\java\update_tracking\org-netbeans-modules-form-kit.xml
[2024-09-21 10:20:14.870]:         extracting C:\Program Files\NetBeans-16\netbeans\java\config\Modules\org-netbeans-modules-i18n-form.xml
[2024-09-21 10:20:14.871]:         extracting C:\Program Files\NetBeans-16\netbeans\java\config\Modules\org-netbeans-modules-classfile.xml
[2024-09-21 10:20:14.871]:         extracting C:\Program Files\NetBeans-16\netbeans\java\config\Modules\org-netbeans-modules-ant-hints.xml
[2024-09-21 10:20:14.872]:         extracting C:\Program Files\NetBeans-16\netbeans\java\config\Modules\org-netbeans-modules-testng-ui.xml
[2024-09-21 10:20:14.873]:         extracting C:\Program Files\NetBeans-16\netbeans\java\config\Modules\org-netbeans-modules-maven-kit.xml
[2024-09-21 10:20:14.873]:         extracting C:\Program Files\NetBeans-16\netbeans\java\config\Modules\org-netbeans-api-debugger-jpda.xml
[2024-09-21 10:20:14.875]:         extracting C:\Program Files\NetBeans-16\netbeans\java\config\Modules\org-netbeans-modules-whitelist.xml
[2024-09-21 10:20:14.875]:         extracting C:\Program Files\NetBeans-16\netbeans\java\config\Modules\org-netbeans-modules-junit-ant.xml
[2024-09-21 10:20:14.876]:         extracting C:\Program Files\NetBeans-16\netbeans\java\ant\nblib\org-netbeans-modules-ant-browsetask.jar
[2024-09-21 10:20:14.878]:         extracting C:\Program Files\NetBeans-16\netbeans\profiler\modules\org-netbeans-modules-profiler-kit.jar
[2024-09-21 10:20:14.879]:         extracting C:\Program Files\NetBeans-16\netbeans\profiler\modules\org-netbeans-modules-profiler-api.jar
[2024-09-21 10:20:14.880]:         extracting C:\Program Files\NetBeans-16\netbeans\profiler\modules\org-netbeans-modules-profiler-oql.jar
[2024-09-21 10:20:14.883]:         extracting C:\Program Files\NetBeans-16\netbeans\profiler\update_tracking\org-netbeans-lib-profiler.xml
[2024-09-21 10:20:14.884]:         extracting C:\Program Files\NetBeans-16\netbeans\javafx\modules\org-netbeans-modules-javafx2-editor.jar
[2024-09-21 10:20:14.888]:         extracting C:\Program Files\NetBeans-16\netbeans\java\modules\org-netbeans-modules-java-testrunner.jar
[2024-09-21 10:20:14.889]:         extracting C:\Program Files\NetBeans-16\netbeans\java\modules\org-netbeans-modules-languages-antlr.jar
[2024-09-21 10:20:14.893]:         extracting C:\Program Files\NetBeans-16\netbeans\java\modules\org-netbeans-modules-java-api-common.jar
[2024-09-21 10:20:14.902]:         extracting C:\Program Files\NetBeans-16\netbeans\java\modules\org-netbeans-modules-java-completion.jar
[2024-09-21 10:20:14.906]:         extracting C:\Program Files\NetBeans-16\netbeans\java\modules\org-netbeans-modules-java-mx-project.jar
[2024-09-21 10:20:14.909]:         extracting C:\Program Files\NetBeans-16\netbeans\java\modules\org-netbeans-modules-java-navigation.jar
[2024-09-21 10:20:14.912]:         extracting C:\Program Files\NetBeans-16\netbeans\java\modules\org-netbeans-modules-java-editor-lib.jar
[2024-09-21 10:20:14.914]:         extracting C:\Program Files\NetBeans-16\netbeans\java\modules\org-netbeans-modules-selenium2-maven.jar
[2024-09-21 10:20:14.916]:         extracting C:\Program Files\NetBeans-16\netbeans\java\modules\org-netbeans-modules-java-source-ant.jar
[2024-09-21 10:20:14.917]:         extracting C:\Program Files\NetBeans-16\netbeans\java\modules\org-netbeans-modules-java-lsp-server.jar
[2024-09-21 10:20:14.925]:         extracting C:\Program Files\NetBeans-16\netbeans\java\modules\org-netbeans-modules-java-j2sedeploy.jar
[2024-09-21 10:20:14.927]:         extracting C:\Program Files\NetBeans-16\netbeans\java\modules\org-netbeans-modules-jellytools-java.jar
[2024-09-21 10:20:14.928]:         extracting C:\Program Files\NetBeans-16\netbeans\java\modules\org-netbeans-modules-java-hints-test.jar
[2024-09-21 10:20:14.930]:         extracting C:\Program Files\NetBeans-16\netbeans\java\modules\ext\jaxws22\api\jakarta.xml.soap-api.jar
[2024-09-21 10:20:14.932]:         extracting C:\Program Files\NetBeans-16\netbeans\java\modules\ext\maven\rootpackage\default-report.xml
[2024-09-21 10:20:14.933]:         extracting C:\Program Files\NetBeans-16\netbeans\java\modules\ext\spring-5\spring-tx-5.2.9.RELEASE.jar
[2024-09-21 10:20:14.935]:         extracting C:\Program Files\NetBeans-16\netbeans\java\modules\ext\org.eclipse.lsp4j.jsonrpc-0.13.0.jar
[2024-09-21 10:20:14.938]:         extracting C:\Program Files\NetBeans-16\netbeans\java\modules\org-netbeans-modules-java-project-ui.jar
[2024-09-21 10:20:14.942]:         extracting C:\Program Files\NetBeans-16\netbeans\java\modules\org-netbeans-modules-java-j2semodule.jar
[2024-09-21 10:20:14.947]:         extracting C:\Program Files\NetBeans-16\netbeans\java\update_tracking\org-netbeans-libs-nbjavacapi.xml
[2024-09-21 10:20:14.949]:         extracting C:\Program Files\NetBeans-16\netbeans\java\update_tracking\org-netbeans-modules-ant-kit.xml
[2024-09-21 10:20:14.950]:         extracting C:\Program Files\NetBeans-16\netbeans\java\update_tracking\org-netbeans-modules-form-nb.xml
[2024-09-21 10:20:14.950]:         extracting C:\Program Files\NetBeans-16\netbeans\java\update_tracking\org-netbeans-modules-javadoc.xml
[2024-09-21 10:20:14.951]:         extracting C:\Program Files\NetBeans-16\netbeans\java\config\Modules\org-netbeans-lib-jshell-agent.xml
[2024-09-21 10:20:14.954]:         extracting C:\Program Files\NetBeans-16\netbeans\java\config\Modules\org-netbeans-modules-java-kit.xml
[2024-09-21 10:20:14.954]:         extracting C:\Program Files\NetBeans-16\netbeans\java\config\Modules\org-netbeans-modules-dbschema.xml
[2024-09-21 10:20:14.955]:         extracting C:\Program Files\NetBeans-16\netbeans\java\config\Modules\org-netbeans-modules-junit-ui.xml
[2024-09-21 10:20:14.956]:         extracting C:\Program Files\NetBeans-16\netbeans\java\config\Modules\org-netbeans-modules-xml-jaxb.xml
[2024-09-21 10:20:14.956]:         extracting C:\Program Files\NetBeans-16\netbeans\java\config\Modules\org-netbeans-modules-form-kit.xml
[2024-09-21 10:20:14.957]:         extracting C:\Program Files\NetBeans-16\netbeans\java\maven\lib\plexus-component-annotations-2.1.0.jar
[2024-09-21 10:20:14.959]:         extracting C:\Program Files\NetBeans-16\netbeans\profiler\modules\org-netbeans-lib-profiler-common.jar
[2024-09-21 10:20:14.961]:         extracting C:\Program Files\NetBeans-16\netbeans\profiler\modules\org-netbeans-lib-profiler-charts.jar
[2024-09-21 10:20:14.965]:         extracting C:\Program Files\NetBeans-16\netbeans\profiler\config\Modules\org-netbeans-lib-profiler.xml
[2024-09-21 10:20:14.966]:         extracting C:\Program Files\NetBeans-16\netbeans\java\modules\org-netbeans-modules-ant-browsetask.jar
[2024-09-21 10:20:14.968]:         extracting C:\Program Files\NetBeans-16\netbeans\java\modules\org-netbeans-modules-maven-embedder.jar
[2024-09-21 10:20:14.970]:         extracting C:\Program Files\NetBeans-16\netbeans\java\modules\org-netbeans-modules-websvc-jaxws21.jar
[2024-09-21 10:20:14.971]:         extracting C:\Program Files\NetBeans-16\netbeans\java\modules\org-netbeans-modules-jshell-support.jar
[2024-09-21 10:20:14.976]:         extracting C:\Program Files\NetBeans-16\netbeans\java\modules\org-netbeans-modules-ko4j-debugging.jar
[2024-09-21 10:20:14.978]:         extracting C:\Program Files\NetBeans-16\netbeans\java\modules\org-netbeans-modules-maven-coverage.jar
[2024-09-21 10:20:14.980]:         extracting C:\Program Files\NetBeans-16\netbeans\java\modules\ext\maven\maven-dependency-tree-2.2.jar
[2024-09-21 10:20:14.983]:         extracting C:\Program Files\NetBeans-16\netbeans\java\modules\ext\maven\lucene-highlighter-8.11.1.jar
[2024-09-21 10:20:14.985]:         extracting C:\Program Files\NetBeans-16\netbeans\java\modules\ext\maven\lucene-queryparser-8.11.1.jar
[2024-09-21 10:20:14.988]:         extracting C:\Program Files\NetBeans-16\netbeans\java\modules\org-netbeans-modules-xml-tools-java.jar
[2024-09-21 10:20:14.989]:         extracting C:\Program Files\NetBeans-16\netbeans\java\modules\org-netbeans-modules-selenium2-java.jar
[2024-09-21 10:20:14.991]:         extracting C:\Program Files\NetBeans-16\netbeans\java\modules\org-netbeans-modules-maven-junit-ui.jar
[2024-09-21 10:20:14.993]:         extracting C:\Program Files\NetBeans-16\netbeans\java\update_tracking\org-netbeans-modules-testng.xml
[2024-09-21 10:20:14.993]:         extracting C:\Program Files\NetBeans-16\netbeans\java\update_tracking\org-netbeans-spi-java-hints.xml
[2024-09-21 10:20:14.994]:         extracting C:\Program Files\NetBeans-16\netbeans\java\config\Modules\org-netbeans-libs-nbjavacapi.xml
[2024-09-21 10:20:14.994]:         extracting C:\Program Files\NetBeans-16\netbeans\java\config\Modules\org-netbeans-modules-ant-kit.xml
[2024-09-21 10:20:14.995]:         extracting C:\Program Files\NetBeans-16\netbeans\java\config\Modules\org-netbeans-modules-form-nb.xml
[2024-09-21 10:20:14.996]:         extracting C:\Program Files\NetBeans-16\netbeans\java\config\Modules\org-netbeans-modules-javadoc.xml
[2024-09-21 10:20:14.998]:         extracting C:\Program Files\NetBeans-16\netbeans\java\config\ModuleAutoDeps\org-netbeans-api-java.xml
[2024-09-21 10:20:14.998]:         extracting C:\Program Files\NetBeans-16\netbeans\java\maven\lib\jansi-native\Windows\x86_64\jansi.dll
[2024-09-21 10:20:15.001]:         extracting C:\Program Files\NetBeans-16\netbeans\java\ant\nblib\org-netbeans-modules-javawebstart.jar
[2024-09-21 10:20:15.001]:         extracting C:\Program Files\NetBeans-16\netbeans\javafx\modules\org-netbeans-modules-maven-htmlui.jar
[2024-09-21 10:20:15.004]:         extracting C:\Program Files\NetBeans-16\netbeans\ergonomics\config\Modules\org-netbeans-libs-jstl.xml
[2024-09-21 10:20:15.005]:         extracting C:\Program Files\NetBeans-16\netbeans\java\modules\org-netbeans-modules-editor-htmlui.jar
[2024-09-21 10:20:15.006]:         extracting C:\Program Files\NetBeans-16\netbeans\java\modules\org-netbeans-modules-maven-grammar.jar
[2024-09-21 10:20:15.010]:         extracting C:\Program Files\NetBeans-16\netbeans\java\modules\org-netbeans-modules-debugger-jpda.jar
[2024-09-21 10:20:15.019]:         extracting C:\Program Files\NetBeans-16\netbeans\java\modules\org-netbeans-modules-java-platform.jar
[2024-09-21 10:20:15.023]:         extracting C:\Program Files\NetBeans-16\netbeans\java\modules\org-netbeans-modules-java-examples.jar
[2024-09-21 10:20:15.028]:         extracting C:\Program Files\NetBeans-16\netbeans\java\modules\org-netbeans-modules-kotlin-editor.jar
[2024-09-21 10:20:15.030]:         extracting C:\Program Files\NetBeans-16\netbeans\java\modules\org-netbeans-modules-maven-indexer.jar
[2024-09-21 10:20:15.034]:         extracting C:\Program Files\NetBeans-16\netbeans\java\modules\org-netbeans-modules-java-sourceui.jar
[2024-09-21 10:20:15.038]:         extracting C:\Program Files\NetBeans-16\netbeans\java\modules\org-netbeans-modules-gradle-htmlui.jar
[2024-09-21 10:20:15.039]:         extracting C:\Program Files\NetBeans-16\netbeans\java\modules\org-netbeans-modules-j2ee-metadata.jar
[2024-09-21 10:20:15.044]:         extracting C:\Program Files\NetBeans-16\netbeans\java\modules\org-netbeans-modules-java-freeform.jar
[2024-09-21 10:20:15.046]:         extracting C:\Program Files\NetBeans-16\netbeans\java\modules\org-netbeans-modules-java-hints-ui.jar
[2024-09-21 10:20:15.050]:         extracting C:\Program Files\NetBeans-16\netbeans\java\modules\org-netbeans-modules-gradle-spring.jar
[2024-09-21 10:20:15.053]:         extracting C:\Program Files\NetBeans-16\netbeans\java\modules\ext\org.eclipse.lsp4j.debug-0.13.0.jar
[2024-09-21 10:20:15.056]:         extracting C:\Program Files\NetBeans-16\netbeans\java\modules\ext\jaxws22\api\jakarta.xml.ws-api.jar
[2024-09-21 10:20:15.057]:         extracting C:\Program Files\NetBeans-16\netbeans\java\modules\ext\maven\javax.annotation-api-1.2.jar
[2024-09-21 10:20:15.059]:         extracting C:\Program Files\NetBeans-16\netbeans\java\update_tracking\org-netbeans-modules-junit.xml
[2024-09-21 10:20:15.063]:         extracting C:\Program Files\NetBeans-16\netbeans\java\update_tracking\org-netbeans-modules-maven.xml
[2024-09-21 10:20:15.064]:         extracting C:\Program Files\NetBeans-16\netbeans\java\update_tracking\org-netbeans-libs-javacapi.xml
[2024-09-21 10:20:15.064]:         extracting C:\Program Files\NetBeans-16\netbeans\java\update_tracking\org-netbeans-lib-nbjshell9.xml
[2024-09-21 10:20:15.066]:         extracting C:\Program Files\NetBeans-16\netbeans\java\update_tracking\org-netbeans-modules-beans.xml
[2024-09-21 10:20:15.066]:         extracting C:\Program Files\NetBeans-16\netbeans\java\config\Modules\org-netbeans-modules-testng.xml
[2024-09-21 10:20:15.067]:         extracting C:\Program Files\NetBeans-16\netbeans\java\config\Modules\org-netbeans-spi-java-hints.xml
[2024-09-21 10:20:15.068]:         extracting C:\Program Files\NetBeans-16\netbeans\java\maven\lib\plexus-component-annotations.license
[2024-09-21 10:20:15.068]:         extracting C:\Program Files\NetBeans-16\netbeans\profiler\remote-pack-defs\calibrate-solaris64-15.sh
[2024-09-21 10:20:15.070]:         extracting C:\Program Files\NetBeans-16\netbeans\javafx\modules\org-netbeans-modules-javafx2-kit.jar
[2024-09-21 10:20:15.071]:         extracting C:\Program Files\NetBeans-16\netbeans\java\modules\org-netbeans-modules-java-metrics.jar
[2024-09-21 10:20:15.072]:         extracting C:\Program Files\NetBeans-16\netbeans\java\modules\org-netbeans-modules-ant-freeform.jar
[2024-09-21 10:20:15.075]:         extracting C:\Program Files\NetBeans-16\netbeans\java\modules\org-netbeans-modules-testng-maven.jar
[2024-09-21 10:20:15.076]:         extracting C:\Program Files\NetBeans-16\netbeans\java\modules\org-netbeans-modules-ant-debugger.jar
[2024-09-21 10:20:15.078]:         extracting C:\Program Files\NetBeans-16\netbeans\java\modules\org-netbeans-modules-maven-spring.jar
[2024-09-21 10:20:15.079]:         extracting C:\Program Files\NetBeans-16\netbeans\java\modules\org-netbeans-modules-javawebstart.jar
[2024-09-21 10:20:15.082]:         extracting C:\Program Files\NetBeans-16\netbeans\java\modules\org-netbeans-modules-java-project.jar
[2024-09-21 10:20:15.083]:         extracting C:\Program Files\NetBeans-16\netbeans\java\modules\org-netbeans-modules-hudson-maven.jar
[2024-09-21 10:20:15.086]:         extracting C:\Program Files\NetBeans-16\netbeans\java\modules\org-netbeans-modules-spring-beans.jar
[2024-09-21 10:20:15.090]:         extracting C:\Program Files\NetBeans-16\netbeans\java\modules\org-netbeans-libs-springframework.jar
[2024-09-21 10:20:15.091]:         extracting C:\Program Files\NetBeans-16\netbeans\java\modules\org-netbeans-modules-junit-ant-ui.jar
[2024-09-21 10:20:15.094]:         extracting C:\Program Files\NetBeans-16\netbeans\java\modules\org-netbeans-spi-debugger-jpda-ui.jar
[2024-09-21 10:20:15.095]:         extracting C:\Program Files\NetBeans-16\netbeans\java\modules\org-netbeans-modules-maven-search.jar
[2024-09-21 10:20:15.096]:         extracting C:\Program Files\NetBeans-16\netbeans\java\update_tracking\org-netbeans-modules-i18n.xml
[2024-09-21 10:20:15.097]:         extracting C:\Program Files\NetBeans-16\netbeans\java\update_tracking\org-netbeans-lib-nbjshell.xml
[2024-09-21 10:20:15.098]:         extracting C:\Program Files\NetBeans-16\netbeans\java\update_tracking\org-netbeans-modules-form.xml
[2024-09-21 10:20:15.099]:         extracting C:\Program Files\NetBeans-16\netbeans\java\config\Modules\org-netbeans-modules-junit.xml
[2024-09-21 10:20:15.099]:         extracting C:\Program Files\NetBeans-16\netbeans\java\config\Modules\org-netbeans-modules-maven.xml
[2024-09-21 10:20:15.100]:         extracting C:\Program Files\NetBeans-16\netbeans\java\config\Modules\org-netbeans-libs-javacapi.xml
[2024-09-21 10:20:15.101]:         extracting C:\Program Files\NetBeans-16\netbeans\java\config\Modules\org-netbeans-lib-nbjshell9.xml
[2024-09-21 10:20:15.102]:         extracting C:\Program Files\NetBeans-16\netbeans\java\config\Modules\org-netbeans-modules-beans.xml
[2024-09-21 10:20:15.103]:         extracting C:\Program Files\NetBeans-16\netbeans\java\maven\lib\maven-repository-metadata-3.8.6.jar
[2024-09-21 10:20:15.103]:         extracting C:\Program Files\NetBeans-16\netbeans\apisupport\modules\org-netbeans-modules-timers.jar
[2024-09-21 10:20:15.106]:         extracting C:\Program Files\NetBeans-16\netbeans\profiler\modules\org-netbeans-modules-profiler.jar
[2024-09-21 10:20:15.114]:         extracting C:\Program Files\NetBeans-16\netbeans\profiler\remote-pack-defs\profile-solsparcv9-16.sh
[2024-09-21 10:20:15.115]:         extracting C:\Program Files\NetBeans-16\netbeans\profiler\remote-pack-defs\profile-linuxamd64-16.sh
[2024-09-21 10:20:15.116]:         extracting C:\Program Files\NetBeans-16\netbeans\profiler\remote-pack-defs\profile-linuxamd64-15.sh
[2024-09-21 10:20:15.117]:         extracting C:\Program Files\NetBeans-16\netbeans\profiler\remote-pack-defs\profile-solsparcv9-15.sh
[2024-09-21 10:20:15.118]:         extracting C:\Program Files\NetBeans-16\netbeans\java\modules\org-netbeans-modules-java-guards.jar
[2024-09-21 10:20:15.119]:         extracting C:\Program Files\NetBeans-16\netbeans\java\modules\org-netbeans-modules-maven-graph.jar
[2024-09-21 10:20:15.121]:         extracting C:\Program Files\NetBeans-16\netbeans\java\modules\org-netbeans-libs-jshell-compile.jar
[2024-09-21 10:20:15.121]:         extracting C:\Program Files\NetBeans-16\netbeans\java\modules\org-netbeans-modules-maven-model.jar
[2024-09-21 10:20:15.125]:         extracting C:\Program Files\NetBeans-16\netbeans\java\modules\org-netbeans-modules-maven-hints.jar
[2024-09-21 10:20:15.128]:         extracting C:\Program Files\NetBeans-16\netbeans\java\modules\org-netbeans-modules-ant-grammar.jar
[2024-09-21 10:20:15.129]:         extracting C:\Program Files\NetBeans-16\netbeans\java\modules\org-netbeans-modules-maven-junit.jar
[2024-09-21 10:20:15.130]:         extracting C:\Program Files\NetBeans-16\netbeans\java\modules\org-netbeans-modules-java-editor.jar
[2024-09-21 10:20:15.139]:         extracting C:\Program Files\NetBeans-16\netbeans\java\modules\org-netbeans-modules-gradle-test.jar
[2024-09-21 10:20:15.141]:         extracting C:\Program Files\NetBeans-16\netbeans\java\modules\org-netbeans-modules-java-source.jar
[2024-09-21 10:20:15.144]:         extracting C:\Program Files\NetBeans-16\netbeans\java\modules\ext\org.eclipse.xtend.lib-2.24.0.jar
[2024-09-21 10:20:15.146]:         extracting C:\Program Files\NetBeans-16\netbeans\java\modules\org-netbeans-modules-gradle-java.jar
[2024-09-21 10:20:15.149]:         extracting C:\Program Files\NetBeans-16\netbeans\java\update_tracking\org-netbeans-lib-nbjavac.xml
[2024-09-21 10:20:15.149]:         extracting C:\Program Files\NetBeans-16\netbeans\java\config\Modules\org-netbeans-modules-i18n.xml
[2024-09-21 10:20:15.150]:         extracting C:\Program Files\NetBeans-16\netbeans\java\config\Modules\org-netbeans-lib-nbjshell.xml
[2024-09-21 10:20:15.151]:         extracting C:\Program Files\NetBeans-16\netbeans\java\config\Modules\org-netbeans-modules-form.xml
[2024-09-21 10:20:15.152]:         extracting C:\Program Files\NetBeans-16\netbeans\java\maven\lib\jansi-native\Windows\x86\jansi.dll
[2024-09-21 10:20:15.154]:         extracting C:\Program Files\NetBeans-16\netbeans\profiler\modules\org-netbeans-lib-profiler-ui.jar
[2024-09-21 10:20:15.166]:         extracting C:\Program Files\NetBeans-16\netbeans\profiler\remote-pack-defs\nb-profile-amd64-15.bat
[2024-09-21 10:20:15.167]:         extracting C:\Program Files\NetBeans-16\netbeans\profiler\remote-pack-defs\profile-winamd64-16.bat
[2024-09-21 10:20:15.169]:         extracting C:\Program Files\NetBeans-16\netbeans\profiler\remote-pack-defs\profile-winamd64-15.bat
[2024-09-21 10:20:15.170]:         extracting C:\Program Files\NetBeans-16\netbeans\java\modules\org-netbeans-modules-java-graph.jar
[2024-09-21 10:20:15.171]:         extracting C:\Program Files\NetBeans-16\netbeans\java\modules\org-netbeans-modules-maven-osgi.jar
[2024-09-21 10:20:15.174]:         extracting C:\Program Files\NetBeans-16\netbeans\java\modules\org-netbeans-modules-testng-ant.jar
[2024-09-21 10:20:15.175]:         extracting C:\Program Files\NetBeans-16\netbeans\java\modules\org-netbeans-modules-hudson-ant.jar
[2024-09-21 10:20:15.176]:         extracting C:\Program Files\NetBeans-16\netbeans\java\modules\org-netbeans-modules-java-debug.jar
[2024-09-21 10:20:15.178]:         extracting C:\Program Files\NetBeans-16\netbeans\java\modules\org-netbeans-modules-java-hints.jar
[2024-09-21 10:20:15.194]:         extracting C:\Program Files\NetBeans-16\netbeans\java\modules\org-netbeans-modules-java-disco.jar
[2024-09-21 10:20:15.197]:         extracting C:\Program Files\NetBeans-16\netbeans\java\modules\org-netbeans-modules-java-lexer.jar
[2024-09-21 10:20:15.198]:         extracting C:\Program Files\NetBeans-16\netbeans\java\modules\ext\jaxws22\api\jakarta.jws-api.jar
[2024-09-21 10:20:15.202]:         extracting C:\Program Files\NetBeans-16\netbeans\java\modules\org-netbeans-modules-gradle-kit.jar
[2024-09-21 10:20:15.203]:         extracting C:\Program Files\NetBeans-16\netbeans\java\update_tracking\org-netbeans-libs-cglib.xml
[2024-09-21 10:20:15.204]:         extracting C:\Program Files\NetBeans-16\netbeans\java\config\Modules\org-netbeans-lib-nbjavac.xml
[2024-09-21 10:20:15.205]:         extracting C:\Program Files\NetBeans-16\netbeans\java\maven\lib\org.eclipse.sisu.plexus-0.3.5.jar
[2024-09-21 10:20:15.207]:         extracting C:\Program Files\NetBeans-16\netbeans\java\maven\lib\maven-resolver-provider-3.8.6.jar
[2024-09-21 10:20:15.210]:         extracting C:\Program Files\NetBeans-16\netbeans\java\maven\lib\org.eclipse.sisu.inject-0.3.5.jar
[2024-09-21 10:20:15.212]:         extracting C:\Program Files\NetBeans-16\netbeans\profiler\remote-pack-defs\calibrate-linux-cvm.sh
[2024-09-21 10:20:15.215]:         extracting C:\Program Files\NetBeans-16\netbeans\profiler\remote-pack-defs\profile-solamd64-15.sh
[2024-09-21 10:20:15.215]:         extracting C:\Program Files\NetBeans-16\netbeans\profiler\remote-pack-defs\profile-linuxarm-16.sh
[2024-09-21 10:20:15.216]:         extracting C:\Program Files\NetBeans-16\netbeans\profiler\remote-pack-defs\profile-solamd64-16.sh
[2024-09-21 10:20:15.217]:         extracting C:\Program Files\NetBeans-16\netbeans\java\modules\org-netbeans-modules-i18n-form.jar
[2024-09-21 10:20:15.219]:         extracting C:\Program Files\NetBeans-16\netbeans\java\modules\org-netbeans-api-debugger-jpda.jar
[2024-09-21 10:20:15.221]:         extracting C:\Program Files\NetBeans-16\netbeans\java\modules\org-netbeans-modules-classfile.jar
[2024-09-21 10:20:15.223]:         extracting C:\Program Files\NetBeans-16\netbeans\java\modules\org-netbeans-modules-maven-kit.jar
[2024-09-21 10:20:15.224]:         extracting C:\Program Files\NetBeans-16\netbeans\java\modules\org-netbeans-modules-testng-ui.jar
[2024-09-21 10:20:15.226]:         extracting C:\Program Files\NetBeans-16\netbeans\java\modules\org-netbeans-modules-junit-ant.jar
[2024-09-21 10:20:15.227]:         extracting C:\Program Files\NetBeans-16\netbeans\java\modules\org-netbeans-modules-whitelist.jar
[2024-09-21 10:20:15.229]:         extracting C:\Program Files\NetBeans-16\netbeans\java\modules\org-netbeans-modules-ant-hints.jar
[2024-09-21 10:20:15.231]:         extracting C:\Program Files\NetBeans-16\netbeans\java\update_tracking\org-netbeans-api-maven.xml
[2024-09-21 10:20:15.231]:         extracting C:\Program Files\NetBeans-16\netbeans\java\config\Modules\org-netbeans-libs-cglib.xml
[2024-09-21 10:20:15.233]:         extracting C:\Program Files\NetBeans-16\netbeans\java\maven\conf\logging\simplelogger.properties
[2024-09-21 10:20:15.234]:         extracting C:\Program Files\NetBeans-16\netbeans\java\maven\lib\maven-settings-builder-3.8.6.jar
[2024-09-21 10:20:15.235]:         extracting C:\Program Files\NetBeans-16\netbeans\profiler\remote-pack-defs\calibrate-win-cvm.bat
[2024-09-21 10:20:15.236]:         extracting C:\Program Files\NetBeans-16\netbeans\java\modules\org-netbeans-modules-java-kit.jar
[2024-09-21 10:20:15.237]:         extracting C:\Program Files\NetBeans-16\netbeans\java\modules\org-netbeans-modules-dbschema.jar
[2024-09-21 10:20:15.240]:         extracting C:\Program Files\NetBeans-16\netbeans\java\modules\org-netbeans-modules-form-kit.jar
[2024-09-21 10:20:15.241]:         extracting C:\Program Files\NetBeans-16\netbeans\java\modules\org-netbeans-lib-jshell-agent.jar
[2024-09-21 10:20:15.242]:         extracting C:\Program Files\NetBeans-16\netbeans\java\modules\org-netbeans-modules-xml-jaxb.jar
[2024-09-21 10:20:15.245]:         extracting C:\Program Files\NetBeans-16\netbeans\java\modules\org-netbeans-modules-junit-ui.jar
[2024-09-21 10:20:15.247]:         extracting C:\Program Files\NetBeans-16\netbeans\java\update_tracking\org-netbeans-api-java.xml
[2024-09-21 10:20:15.248]:         extracting C:\Program Files\NetBeans-16\netbeans\java\config\Modules\org-netbeans-api-maven.xml
[2024-09-21 10:20:15.249]:         extracting C:\Program Files\NetBeans-16\netbeans\java\maven\lib\org.eclipse.sisu.inject.license
[2024-09-21 10:20:15.249]:         extracting C:\Program Files\NetBeans-16\netbeans\java\maven\lib\org.eclipse.sisu.plexus.license
[2024-09-21 10:20:15.250]:         extracting C:\Program Files\NetBeans-16\netbeans\java\maven\lib\maven-builder-support-3.8.6.jar
[2024-09-21 10:20:15.252]:         extracting C:\Program Files\NetBeans-16\netbeans\profiler\modules\org-netbeans-lib-profiler.jar
[2024-09-21 10:20:15.259]:         extracting C:\Program Files\NetBeans-16\netbeans\profiler\lib\deployed\jdk16\linux-arm-vfp-hflt
[2024-09-21 10:20:15.259]:         extracting C:\Program Files\NetBeans-16\netbeans\profiler\remote-pack-defs\profile-solx86-16.sh
[2024-09-21 10:20:15.260]:         extracting C:\Program Files\NetBeans-16\netbeans\profiler\remote-pack-defs\profile-solx86-15.sh
[2024-09-21 10:20:15.261]:         extracting C:\Program Files\NetBeans-16\netbeans\profiler\remote-pack-defs\profile-linux-cvm.sh
[2024-09-21 10:20:15.262]:         extracting C:\Program Files\NetBeans-16\netbeans\java\modules\org-netbeans-libs-nbjavacapi.jar
[2024-09-21 10:20:15.264]:         extracting C:\Program Files\NetBeans-16\netbeans\java\modules\org-netbeans-modules-javadoc.jar
[2024-09-21 10:20:15.267]:         extracting C:\Program Files\NetBeans-16\netbeans\java\modules\org-netbeans-modules-ant-kit.jar
[2024-09-21 10:20:15.268]:         extracting C:\Program Files\NetBeans-16\netbeans\java\modules\ext\org.eclipse.lsp4j-0.13.0.jar
[2024-09-21 10:20:15.274]:         extracting C:\Program Files\NetBeans-16\netbeans\java\modules\ext\maven\indexer-core-6.2.2.jar
[2024-09-21 10:20:15.277]:         extracting C:\Program Files\NetBeans-16\netbeans\java\modules\ext\maven\lucene-core-8.11.1.jar
[2024-09-21 10:20:15.295]:         extracting C:\Program Files\NetBeans-16\netbeans\java\modules\org-netbeans-modules-form-nb.jar
[2024-09-21 10:20:15.297]:         extracting C:\Program Files\NetBeans-16\netbeans\java\config\Modules\org-netbeans-api-java.xml
[2024-09-21 10:20:15.298]:         extracting C:\Program Files\NetBeans-16\netbeans\java\maven\lib\maven-slf4j-provider-3.8.6.jar
[2024-09-21 10:20:15.300]:         extracting C:\Program Files\NetBeans-16\netbeans\profiler\remote-pack-defs\profile-win-cvm.bat
[2024-09-21 10:20:15.301]:         extracting C:\Program Files\NetBeans-16\netbeans\profiler\remote-pack-defs\profile-linux-16.sh
[2024-09-21 10:20:15.302]:         extracting C:\Program Files\NetBeans-16\netbeans\profiler\remote-pack-defs\profile-linux-15.sh
[2024-09-21 10:20:15.302]:         extracting C:\Program Files\NetBeans-16\netbeans\profiler\remote-pack-defs\calibrate-mac-15.sh
[2024-09-21 10:20:15.303]:         extracting C:\Program Files\NetBeans-16\netbeans\java\modules\org-netbeans-modules-testng.jar
[2024-09-21 10:20:15.305]:         extracting C:\Program Files\NetBeans-16\netbeans\java\modules\org-netbeans-spi-java-hints.jar
[2024-09-21 10:20:15.309]:         extracting C:\Program Files\NetBeans-16\netbeans\java\maven\boot\plexus-classworlds-2.6.0.jar
[2024-09-21 10:20:15.310]:         extracting C:\Program Files\NetBeans-16\netbeans\java\maven\lib\maven-resolver-impl-1.6.3.jar
[2024-09-21 10:20:15.312]:         extracting C:\Program Files\NetBeans-16\netbeans\java\maven\lib\plexus-interpolation-1.26.jar
[2024-09-21 10:20:15.314]:         extracting C:\Program Files\NetBeans-16\netbeans\java\maven\lib\plexus-sec-dispatcher.license
[2024-09-21 10:20:15.314]:         extracting C:\Program Files\NetBeans-16\netbeans\java\maven\lib\plexus-sec-dispatcher-2.0.jar
[2024-09-21 10:20:15.315]:         extracting C:\Program Files\NetBeans-16\netbeans\java\maven\lib\maven-model-builder-3.8.6.jar
[2024-09-21 10:20:15.317]:         extracting C:\Program Files\NetBeans-16\netbeans\java\maven\lib\maven-resolver-util-1.6.3.jar
[2024-09-21 10:20:15.319]:         extracting C:\Program Files\NetBeans-16\netbeans\profiler\lib\deployed\jdk15\hpux-pa_risc2.0w
[2024-09-21 10:20:15.319]:         extracting C:\Program Files\NetBeans-16\netbeans\profiler\lib\deployed\jdk16\hpux-pa_risc2.0w
[2024-09-21 10:20:15.319]:         extracting C:\Program Files\NetBeans-16\netbeans\profiler\remote-pack-defs\profile-win-16.bat
[2024-09-21 10:20:15.320]:         extracting C:\Program Files\NetBeans-16\netbeans\profiler\remote-pack-defs\profile-win-15.bat
[2024-09-21 10:20:15.321]:         extracting C:\Program Files\NetBeans-16\netbeans\java\modules\org-netbeans-lib-nbjshell9.jar
[2024-09-21 10:20:15.322]:         extracting C:\Program Files\NetBeans-16\netbeans\java\modules\org-netbeans-libs-javacapi.jar
[2024-09-21 10:20:15.323]:         extracting C:\Program Files\NetBeans-16\netbeans\java\modules\org-netbeans-modules-junit.jar
[2024-09-21 10:20:15.326]:         extracting C:\Program Files\NetBeans-16\netbeans\java\modules\org-netbeans-modules-beans.jar
[2024-09-21 10:20:15.330]:         extracting C:\Program Files\NetBeans-16\netbeans\java\modules\ext\nb-custom-jshell-probe.jar
[2024-09-21 10:20:15.331]:         extracting C:\Program Files\NetBeans-16\netbeans\java\modules\ext\jaxws22\gmbal-api-only.jar
[2024-09-21 10:20:15.332]:         extracting C:\Program Files\NetBeans-16\netbeans\java\modules\ext\jaxws22\management-api.jar
[2024-09-21 10:20:15.334]:         extracting C:\Program Files\NetBeans-16\netbeans\java\modules\org-netbeans-modules-maven.jar
[2024-09-21 10:20:15.348]:         extracting C:\Program Files\NetBeans-16\netbeans\java\maven\lib\javax.annotation-api-1.2.jar
[2024-09-21 10:20:15.349]:         extracting C:\Program Files\NetBeans-16\netbeans\java\maven\lib\wagon-provider-api-3.5.1.jar
[2024-09-21 10:20:15.350]:         extracting C:\Program Files\NetBeans-16\netbeans\java\maven\lib\maven-shared-utils-3.3.4.jar
[2024-09-21 10:20:15.352]:         extracting C:\Program Files\NetBeans-16\netbeans\java\maven\lib\maven-resolver-api-1.6.3.jar
[2024-09-21 10:20:15.354]:         extracting C:\Program Files\NetBeans-16\netbeans\java\maven\lib\javax.annotation-api.license
[2024-09-21 10:20:15.355]:         extracting C:\Program Files\NetBeans-16\netbeans\java\maven\lib\plexus-interpolation.license
[2024-09-21 10:20:15.355]:         extracting C:\Program Files\NetBeans-16\netbeans\java\maven\lib\maven-resolver-spi-1.6.3.jar
[2024-09-21 10:20:15.356]:         extracting C:\Program Files\NetBeans-16\netbeans\profiler\lib\deployed\jdk15\solaris-sparcv9
[2024-09-21 10:20:15.356]:         extracting C:\Program Files\NetBeans-16\netbeans\profiler\lib\deployed\jdk15\hpux-pa_risc2.0
[2024-09-21 10:20:15.357]:         extracting C:\Program Files\NetBeans-16\netbeans\profiler\lib\deployed\jdk16\solaris-sparcv9
[2024-09-21 10:20:15.357]:         extracting C:\Program Files\NetBeans-16\netbeans\profiler\lib\deployed\jdk16\hpux-pa_risc2.0
[2024-09-21 10:20:15.357]:         extracting C:\Program Files\NetBeans-16\netbeans\profiler\remote-pack-defs\profile-mac-16.sh
[2024-09-21 10:20:15.357]:         extracting C:\Program Files\NetBeans-16\netbeans\profiler\remote-pack-defs\nb-profile-15.bat
[2024-09-21 10:20:15.358]:         extracting C:\Program Files\NetBeans-16\netbeans\profiler\remote-pack-defs\profile-mac-15.sh
[2024-09-21 10:20:15.359]:         extracting C:\Program Files\NetBeans-16\netbeans\java\modules\org-netbeans-lib-nbjshell.jar
[2024-09-21 10:20:15.361]:         extracting C:\Program Files\NetBeans-16\netbeans\java\modules\org-netbeans-modules-i18n.jar
[2024-09-21 10:20:15.364]:         extracting C:\Program Files\NetBeans-16\netbeans\java\modules\ext\jaxws22\woodstox-core.jar
[2024-09-21 10:20:15.372]:         extracting C:\Program Files\NetBeans-16\netbeans\java\modules\org-netbeans-modules-form.jar
[2024-09-21 10:20:15.398]:         extracting C:\Program Files\NetBeans-16\netbeans\java\maven\boot\plexus-classworlds.license
[2024-09-21 10:20:15.401]:         extracting C:\Program Files\NetBeans-16\netbeans\java\maven\lib\wagon-http-3.5.1-shaded.jar
[2024-09-21 10:20:15.409]:         extracting C:\Program Files\NetBeans-16\netbeans\java\maven\lib\jansi-native\Windows\x86_64
[2024-09-21 10:20:15.409]:         extracting C:\Program Files\NetBeans-16\netbeans\profiler\remote-pack-defs\calibrate-15.bat
[2024-09-21 10:20:15.411]:         extracting C:\Program Files\NetBeans-16\netbeans\java\modules\org-netbeans-lib-nbjavac.jar
[2024-09-21 10:20:15.414]:         extracting C:\Program Files\NetBeans-16\netbeans\java\modules\ext\jaxws22\streambuffer.jar
[2024-09-21 10:20:15.418]:         extracting C:\Program Files\NetBeans-16\netbeans\java\modules\ext\jaxws22\jakarta.mail.jar
[2024-09-21 10:20:15.422]:         extracting C:\Program Files\NetBeans-16\netbeans\java\maven\lib\maven-plugin-api-3.8.6.jar
[2024-09-21 10:20:15.423]:         extracting C:\Program Files\NetBeans-16\netbeans\profiler\lib\deployed\jdk15\solaris-sparc
[2024-09-21 10:20:15.423]:         extracting C:\Program Files\NetBeans-16\netbeans\profiler\lib\deployed\jdk15\windows-amd64
[2024-09-21 10:20:15.423]:         extracting C:\Program Files\NetBeans-16\netbeans\profiler\lib\deployed\jdk15\solaris-amd64
[2024-09-21 10:20:15.423]:         extracting C:\Program Files\NetBeans-16\netbeans\profiler\lib\deployed\jdk16\solaris-sparc
[2024-09-21 10:20:15.424]:         extracting C:\Program Files\NetBeans-16\netbeans\profiler\lib\deployed\jdk16\windows-amd64
[2024-09-21 10:20:15.424]:         extracting C:\Program Files\NetBeans-16\netbeans\profiler\lib\deployed\jdk16\solaris-amd64
[2024-09-21 10:20:15.424]:         extracting C:\Program Files\NetBeans-16\netbeans\profiler\remote-pack-defs\calibrate-15.sh
[2024-09-21 10:20:15.426]:         extracting C:\Program Files\NetBeans-16\netbeans\profiler\remote-pack-defs\calibrate-16.sh
[2024-09-21 10:20:15.428]:         extracting C:\Program Files\NetBeans-16\netbeans\java\modules\org-netbeans-libs-cglib.jar
[2024-09-21 10:20:15.432]:         extracting C:\Program Files\NetBeans-16\netbeans\java\modules\ext\jaxws22\FastInfoset.jar
[2024-09-21 10:20:15.435]:         extracting C:\Program Files\NetBeans-16\netbeans\java\modules\ext\jaxws22\jaxws-tools.jar
[2024-09-21 10:20:15.441]:         extracting C:\Program Files\NetBeans-16\netbeans\java\modules\ext\nb-mod-jshell-probe.jar
[2024-09-21 10:20:15.443]:         extracting C:\Program Files\NetBeans-16\netbeans\java\modules\ext\nb-javac-jdk-19-api.jar
[2024-09-21 10:20:15.447]:         extracting C:\Program Files\NetBeans-16\netbeans\java\maven\lib\jcl-over-slf4j-1.7.36.jar
[2024-09-21 10:20:15.449]:         extracting C:\Program Files\NetBeans-16\netbeans\profiler\lib\deployed\jdk15\solaris-i386
[2024-09-21 10:20:15.449]:         extracting C:\Program Files\NetBeans-16\netbeans\profiler\lib\deployed\jdk16\solaris-i386
[2024-09-21 10:20:15.449]:         extracting C:\Program Files\NetBeans-16\netbeans\java\modules\org-netbeans-api-maven.jar
[2024-09-21 10:20:15.451]:         extracting C:\Program Files\NetBeans-16\netbeans\java\modules\gradle\org.jacoco.core.jar
[2024-09-21 10:20:15.455]:         extracting C:\Program Files\NetBeans-16\netbeans\java\modules\ext\checker-qual-3.9.1.jar
[2024-09-21 10:20:15.457]:         extracting C:\Program Files\NetBeans-16\netbeans\java\modules\ext\discoclient-2.0.24.jar
[2024-09-21 10:20:15.458]:         extracting C:\Program Files\NetBeans-16\netbeans\java\scripts\build-langtools-consol.xml
[2024-09-21 10:20:15.459]:         extracting C:\Program Files\NetBeans-16\netbeans\java\maven\lib\maven-embedder-3.8.6.jar
[2024-09-21 10:20:15.462]:         extracting C:\Program Files\NetBeans-16\netbeans\java\maven\lib\maven-settings-3.8.6.jar
[2024-09-21 10:20:15.464]:         extracting C:\Program Files\NetBeans-16\netbeans\java\maven\lib\maven-artifact-3.8.6.jar
[2024-09-21 10:20:15.466]:         extracting C:\Program Files\NetBeans-16\netbeans\java\maven\lib\jansi-native\Windows\x86
[2024-09-21 10:20:15.466]:         extracting C:\Program Files\NetBeans-16\netbeans\profiler\lib\deployed\jdk15\linux-amd64
[2024-09-21 10:20:15.466]:         extracting C:\Program Files\NetBeans-16\netbeans\profiler\lib\deployed\jdk16\linux-amd64
[2024-09-21 10:20:15.466]:         extracting C:\Program Files\NetBeans-16\netbeans\java\modules\org-netbeans-api-java.jar
[2024-09-21 10:20:15.468]:         extracting C:\Program Files\NetBeans-16\netbeans\java\modules\ext\jaxws22\stax2-api.jar
[2024-09-21 10:20:15.471]:         extracting C:\Program Files\NetBeans-16\netbeans\java\modules\ext\jaxws22\saaj-impl.jar
[2024-09-21 10:20:15.474]:         extracting C:\Program Files\NetBeans-16\netbeans\java\modules\ext\byte-buddy-1.10.6.jar
[2024-09-21 10:20:15.488]:         extracting C:\Program Files\NetBeans-16\netbeans\java\maven\lib\commons-lang3-3.8.1.jar
[2024-09-21 10:20:15.493]:         extracting C:\Program Files\NetBeans-16\netbeans\java\maven\lib\jansi-native\README.txt
[2024-09-21 10:20:15.493]:         extracting C:\Program Files\NetBeans-16\netbeans\java\maven-nblib\netbeans-eventspy.jar
[2024-09-21 10:20:15.495]:         extracting C:\Program Files\NetBeans-16\netbeans\java\sources\org\netbeans\lib\awtextra
[2024-09-21 10:20:15.495]:         extracting C:\Program Files\NetBeans-16\netbeans\java\modules\ext\jaxws22\mimepull.jar
[2024-09-21 10:20:15.496]:         extracting C:\Program Files\NetBeans-16\netbeans\java\modules\ext\jaxws22\jaxws-rt.jar
[2024-09-21 10:20:15.509]:         extracting C:\Program Files\NetBeans-16\netbeans\java\modules\ext\jdktools-11.0.11.jar
[2024-09-21 10:20:15.511]:         extracting C:\Program Files\NetBeans-16\netbeans\java\maven\lib\maven-compat-3.8.6.jar
[2024-09-21 10:20:15.514]:         extracting C:\Program Files\NetBeans-16\netbeans\java\maven\lib\plexus-utils-3.3.1.jar
[2024-09-21 10:20:15.516]:         extracting C:\Program Files\NetBeans-16\netbeans\java\maven\lib\jcl-over-slf4j.license
[2024-09-21 10:20:15.517]:         extracting C:\Program Files\NetBeans-16\netbeans\java\maven\lib\guice-4.2.2-no_aop.jar
[2024-09-21 10:20:15.521]:         extracting C:\Program Files\NetBeans-16\netbeans\java\maven\lib\guava-25.1-android.jar
[2024-09-21 10:20:15.533]:         extracting C:\Program Files\NetBeans-16\netbeans\profiler\lib\deployed\jdk16\linux-arm
[2024-09-21 10:20:15.534]:         extracting C:\Program Files\NetBeans-16\netbeans\java\modules\ext\jaxws22\stax-ex.jar
[2024-09-21 10:20:15.535]:         extracting C:\Program Files\NetBeans-16\netbeans\java\modules\ext\nb-javac-jdk-19.jar
[2024-09-21 10:20:15.587]:         extracting C:\Program Files\NetBeans-16\netbeans\java\maven\lib\plexus-cipher.license
[2024-09-21 10:20:15.589]:         extracting C:\Program Files\NetBeans-16\netbeans\java\maven\lib\plexus-cipher-2.0.jar
[2024-09-21 10:20:15.590]:         extracting C:\Program Files\NetBeans-16\netbeans\java\maven\lib\commons-lang3.license
[2024-09-21 10:20:15.590]:         extracting C:\Program Files\NetBeans-16\netbeans\java\maven\lib\maven-model-3.8.6.jar
[2024-09-21 10:20:15.592]:         extracting C:\Program Files\NetBeans-16\netbeans\profiler\remote-pack-defs\README.txt
[2024-09-21 10:20:15.593]:         extracting C:\Program Files\NetBeans-16\netbeans\java\modules\ext\fakeJdkClasses.zip
[2024-09-21 10:20:15.594]:         extracting C:\Program Files\NetBeans-16\netbeans\java\modules\ext\jaxws22\policy.jar
[2024-09-21 10:20:15.596]:         extracting C:\Program Files\NetBeans-16\netbeans\java\modules\ext\jaxws22\ha-api.jar
[2024-09-21 10:20:15.597]:         extracting C:\Program Files\NetBeans-16\netbeans\java\modules\ext\commons-io-2.5.jar
[2024-09-21 10:20:15.599]:         extracting C:\Program Files\NetBeans-16\netbeans\java\modules\ext\maven\jdom-1.0.jar
[2024-09-21 10:20:15.601]:         extracting C:\Program Files\NetBeans-16\netbeans\java\modules\ext\AbsoluteLayout.jar
[2024-09-21 10:20:15.602]:         extracting C:\Program Files\NetBeans-16\netbeans\java\scripts\J2SEPlatformProbe.java
[2024-09-21 10:20:15.604]:         extracting C:\Program Files\NetBeans-16\netbeans\java\maven\lib\wagon-file-3.5.1.jar
[2024-09-21 10:20:15.605]:         extracting C:\Program Files\NetBeans-16\netbeans\java\maven\lib\maven-core-3.8.6.jar
[2024-09-21 10:20:15.608]:         extracting C:\Program Files\NetBeans-16\netbeans\java\maven\lib\slf4j-api-1.7.36.jar
[2024-09-21 10:20:15.608]:         extracting C:\Program Files\NetBeans-16\netbeans\java\maven\lib\javax.inject.license
[2024-09-21 10:20:15.609]:         extracting C:\Program Files\NetBeans-16\netbeans\java\maven\lib\plexus-utils.license
[2024-09-21 10:20:15.610]:         extracting C:\Program Files\NetBeans-16\netbeans\java\maven\lib\jansi-native\Windows
[2024-09-21 10:20:15.611]:         extracting C:\Program Files\NetBeans-16\netbeans\profiler\lib\deployed\jdk15\windows
[2024-09-21 10:20:15.611]:         extracting C:\Program Files\NetBeans-16\netbeans\profiler\lib\deployed\jdk16\windows
[2024-09-21 10:20:15.611]:         extracting C:\Program Files\NetBeans-16\netbeans\profiler\remote-pack-defs\build.xml
[2024-09-21 10:20:15.612]:         extracting C:\Program Files\NetBeans-16\netbeans\java\modules\ext\maven\rootpackage
[2024-09-21 10:20:15.612]:         extracting C:\Program Files\NetBeans-16\netbeans\java\maven\lib\commons-cli.license
[2024-09-21 10:20:15.614]:         extracting C:\Program Files\NetBeans-16\netbeans\java\maven\lib\commons-cli-1.4.jar
[2024-09-21 10:20:15.615]:         extracting C:\Program Files\NetBeans-16\netbeans\profiler\lib\jfluid-server-cvm.jar
[2024-09-21 10:20:15.615]:         extracting C:\Program Files\NetBeans-16\netbeans\java\maven\lib\commons-io-2.6.jar
[2024-09-21 10:20:15.618]:         extracting C:\Program Files\NetBeans-16\netbeans\java\maven\lib\commons-io.license
[2024-09-21 10:20:15.619]:         extracting C:\Program Files\NetBeans-16\netbeans\java\maven\lib\javax.inject-1.jar
[2024-09-21 10:20:15.620]:         extracting C:\Program Files\NetBeans-16\netbeans\java\maven-nblib\netbeans-cos.jar
[2024-09-21 10:20:15.621]:         extracting C:\Program Files\NetBeans-16\netbeans\profiler\lib\deployed\jdk15\linux
[2024-09-21 10:20:15.621]:         extracting C:\Program Files\NetBeans-16\netbeans\profiler\lib\deployed\cvm\windows
[2024-09-21 10:20:15.621]:         extracting C:\Program Files\NetBeans-16\netbeans\profiler\lib\deployed\jdk16\linux
[2024-09-21 10:20:15.621]:         extracting C:\Program Files\NetBeans-16\netbeans\profiler\lib\jfluid-server-15.jar
[2024-09-21 10:20:15.623]:         extracting C:\Program Files\NetBeans-16\netbeans\java\scripts\build-langtools.xml
[2024-09-21 10:20:15.625]:         extracting C:\Program Files\NetBeans-16\netbeans\java\maven\lib\slf4j-api.license
[2024-09-21 10:20:15.626]:         extracting C:\Program Files\NetBeans-16\netbeans\java\patterns\project-marker-jdk
[2024-09-21 10:20:15.628]:         extracting C:\Program Files\NetBeans-16\netbeans\java\org.eclipse.jdt.core.prefs
[2024-09-21 10:20:15.629]:         extracting C:\Program Files\NetBeans-16\netbeans\profiler\lib\deployed\jdk15\mac
[2024-09-21 10:20:15.630]:         extracting C:\Program Files\NetBeans-16\netbeans\profiler\lib\deployed\cvm\linux
[2024-09-21 10:20:15.630]:         extracting C:\Program Files\NetBeans-16\netbeans\profiler\lib\deployed\jdk16\mac
[2024-09-21 10:20:15.630]:         extracting C:\Program Files\NetBeans-16\netbeans\java\modules\ext\cglib-2.2.jar
[2024-09-21 10:20:15.633]:         extracting C:\Program Files\NetBeans-16\netbeans\java\scripts\build-generic.xml
[2024-09-21 10:20:15.634]:         extracting C:\Program Files\NetBeans-16\netbeans\java\maven\conf\toolchains.xml
[2024-09-21 10:20:15.635]:         extracting C:\Program Files\NetBeans-16\netbeans\java\maven\lib\jansi-2.4.0.jar
[2024-09-21 10:20:15.638]:         extracting C:\Program Files\NetBeans-16\netbeans\profiler\lib\jfluid-server.jar
[2024-09-21 10:20:15.640]:         extracting C:\Program Files\NetBeans-16\netbeans\java\modules\ext\corba\omgapi
[2024-09-21 10:20:15.641]:         extracting C:\Program Files\NetBeans-16\netbeans\java\maven\lib\ext\README.txt
[2024-09-21 10:20:15.642]:         extracting C:\Program Files\NetBeans-16\netbeans\java\sources\org\netbeans\lib
[2024-09-21 10:20:15.642]:         extracting C:\Program Files\NetBeans-16\netbeans\java\modules\ext\jaxws22\api
[2024-09-21 10:20:15.642]:         extracting C:\Program Files\NetBeans-16\netbeans\java\modules\ext\eclipselink
[2024-09-21 10:20:15.643]:         extracting C:\Program Files\NetBeans-16\netbeans\java\maven\conf\settings.xml
[2024-09-21 10:20:15.643]:         extracting C:\Program Files\NetBeans-16\netbeans\java\maven\lib\jansi.license
[2024-09-21 10:20:15.644]:         extracting C:\Program Files\NetBeans-16\netbeans\java\maven\lib\guice.license
[2024-09-21 10:20:15.646]:         extracting C:\Program Files\NetBeans-16\netbeans\java\maven\lib\guava.license
[2024-09-21 10:20:15.646]:         extracting C:\Program Files\NetBeans-16\netbeans\java\modules\ext\spring-3.0
[2024-09-21 10:20:15.646]:         extracting C:\Program Files\NetBeans-16\netbeans\java\maven\bin\mvnDebug.cmd
[2024-09-21 10:20:15.648]:         extracting C:\Program Files\NetBeans-16\netbeans\java\maven\lib\jansi-native
[2024-09-21 10:20:15.648]:         extracting C:\Program Files\NetBeans-16\netbeans\java\docs\jaxws-api-doc.zip
[2024-09-21 10:20:15.652]:         extracting C:\Program Files\NetBeans-16\netbeans\profiler\lib\deployed\jdk15
[2024-09-21 10:20:15.652]:         extracting C:\Program Files\NetBeans-16\netbeans\profiler\lib\deployed\jdk16
[2024-09-21 10:20:15.653]:         extracting C:\Program Files\NetBeans-16\netbeans\java\config\ModuleAutoDeps
[2024-09-21 10:20:15.653]:         extracting C:\Program Files\NetBeans-16\netbeans\apisupport\update_tracking
[2024-09-21 10:20:15.653]:         extracting C:\Program Files\NetBeans-16\netbeans\ergonomics\update_tracking
[2024-09-21 10:20:15.653]:         extracting C:\Program Files\NetBeans-16\netbeans\java\modules\ext\spring-4
[2024-09-21 10:20:15.653]:         extracting C:\Program Files\NetBeans-16\netbeans\java\modules\ext\spring-5
[2024-09-21 10:20:15.653]:         extracting C:\Program Files\NetBeans-16\netbeans\java\sources\org\netbeans
[2024-09-21 10:20:15.654]:         extracting C:\Program Files\NetBeans-16\netbeans\apisupport\config\Modules
[2024-09-21 10:20:15.654]:         extracting C:\Program Files\NetBeans-16\netbeans\profiler\lib\deployed\cvm
[2024-09-21 10:20:15.654]:         extracting C:\Program Files\NetBeans-16\netbeans\profiler\remote-pack-defs
[2024-09-21 10:20:15.654]:         extracting C:\Program Files\NetBeans-16\netbeans\ergonomics\config\Modules
[2024-09-21 10:20:15.654]:         extracting C:\Program Files\NetBeans-16\netbeans\java\modules\ext\jaxws22
[2024-09-21 10:20:15.654]:         extracting C:\Program Files\NetBeans-16\netbeans\apisupport\.lastModified
[2024-09-21 10:20:15.656]:         extracting C:\Program Files\NetBeans-16\netbeans\profiler\update_tracking
[2024-09-21 10:20:15.656]:         extracting C:\Program Files\NetBeans-16\netbeans\ergonomics\.lastModified
[2024-09-21 10:20:15.657]:         extracting C:\Program Files\NetBeans-16\netbeans\java\maven\conf\logging
[2024-09-21 10:20:15.657]:         extracting C:\Program Files\NetBeans-16\netbeans\java\maven\bin\mvnDebug
[2024-09-21 10:20:15.659]:         extracting C:\Program Files\NetBeans-16\netbeans\java\sources\readme.txt
[2024-09-21 10:20:15.660]:         extracting C:\Program Files\NetBeans-16\netbeans\profiler\config\Modules
[2024-09-21 10:20:15.660]:         extracting C:\Program Files\NetBeans-16\netbeans\java\modules\ext\corba
[2024-09-21 10:20:15.660]:         extracting C:\Program Files\NetBeans-16\netbeans\java\modules\ext\maven
[2024-09-21 10:20:15.660]:         extracting C:\Program Files\NetBeans-16\netbeans\java\maven\bin\m2.conf
[2024-09-21 10:20:15.662]:         extracting C:\Program Files\NetBeans-16\netbeans\java\maven\bin\mvn.cmd
[2024-09-21 10:20:15.663]:         extracting C:\Program Files\NetBeans-16\netbeans\apisupport\VERSION.txt
[2024-09-21 10:20:15.664]:         extracting C:\Program Files\NetBeans-16\netbeans\profiler\.lastModified
[2024-09-21 10:20:15.664]:         extracting C:\Program Files\NetBeans-16\netbeans\javafx\update_tracking
[2024-09-21 10:20:15.664]:         extracting C:\Program Files\NetBeans-16\netbeans\java\modules\ext\docs
[2024-09-21 10:20:15.664]:         extracting C:\Program Files\NetBeans-16\netbeans\java\maven\bin\mvnyjp
[2024-09-21 10:20:15.666]:         extracting C:\Program Files\NetBeans-16\netbeans\java\maven\README.txt
[2024-09-21 10:20:15.667]:         extracting C:\Program Files\NetBeans-16\netbeans\profiler\lib\deployed
[2024-09-21 10:20:15.667]:         extracting C:\Program Files\NetBeans-16\netbeans\javafx\config\Modules
[2024-09-21 10:20:15.667]:         extracting C:\Program Files\NetBeans-16\netbeans\java\update_tracking
[2024-09-21 10:20:15.668]:         extracting C:\Program Files\NetBeans-16\netbeans\apisupport\ant\nblib
[2024-09-21 10:20:15.668]:         extracting C:\Program Files\NetBeans-16\netbeans\profiler\VERSION.txt
[2024-09-21 10:20:15.668]:         extracting C:\Program Files\NetBeans-16\netbeans\javafx\.lastModified
[2024-09-21 10:20:15.668]:         extracting C:\Program Files\NetBeans-16\netbeans\java\modules\gradle
[2024-09-21 10:20:15.669]:         extracting C:\Program Files\NetBeans-16\netbeans\java\config\Modules
[2024-09-21 10:20:15.669]:         extracting C:\Program Files\NetBeans-16\netbeans\java\.lastModified
[2024-09-21 10:20:15.670]:         extracting C:\Program Files\NetBeans-16\netbeans\java\maven\bin\mvn
[2024-09-21 10:20:15.671]:         extracting C:\Program Files\NetBeans-16\netbeans\java\maven\LICENSE
[2024-09-21 10:20:15.672]:         extracting C:\Program Files\NetBeans-16\netbeans\java\maven\lib\ext
[2024-09-21 10:20:15.672]:         extracting C:\Program Files\NetBeans-16\netbeans\apisupport\modules
[2024-09-21 10:20:15.672]:         extracting C:\Program Files\NetBeans-16\netbeans\profiler\ant\nblib
[2024-09-21 10:20:15.672]:         extracting C:\Program Files\NetBeans-16\netbeans\javafx\VERSION.txt
[2024-09-21 10:20:15.673]:         extracting C:\Program Files\NetBeans-16\netbeans\ergonomics\modules
[2024-09-21 10:20:15.673]:         extracting C:\Program Files\NetBeans-16\netbeans\java\maven\NOTICE
[2024-09-21 10:20:15.674]:         extracting C:\Program Files\NetBeans-16\netbeans\apisupport\config
[2024-09-21 10:20:15.674]:         extracting C:\Program Files\NetBeans-16\netbeans\ergonomics\config
[2024-09-21 10:20:15.674]:         extracting C:\Program Files\NetBeans-16\netbeans\java\modules\ext
[2024-09-21 10:20:15.675]:         extracting C:\Program Files\NetBeans-16\netbeans\java\maven-nblib
[2024-09-21 10:20:15.675]:         extracting C:\Program Files\NetBeans-16\netbeans\java\sources\org
[2024-09-21 10:20:15.675]:         extracting C:\Program Files\NetBeans-16\netbeans\java\VERSION.txt
[2024-09-21 10:20:15.675]:         extracting C:\Program Files\NetBeans-16\netbeans\profiler\modules
[2024-09-21 10:20:15.675]:         extracting C:\Program Files\NetBeans-16\netbeans\java\maven\conf
[2024-09-21 10:20:15.675]:         extracting C:\Program Files\NetBeans-16\netbeans\java\maven\boot
[2024-09-21 10:20:15.676]:         extracting C:\Program Files\NetBeans-16\netbeans\profiler\config
[2024-09-21 10:20:15.676]:         extracting C:\Program Files\NetBeans-16\netbeans\java\maven\bin
[2024-09-21 10:20:15.676]:         extracting C:\Program Files\NetBeans-16\netbeans\java\maven\lib
[2024-09-21 10:20:15.676]:         extracting C:\Program Files\NetBeans-16\netbeans\java\ant\nblib
[2024-09-21 10:20:15.676]:         extracting C:\Program Files\NetBeans-16\netbeans\java\ant\extra
[2024-09-21 10:20:15.676]:         extracting C:\Program Files\NetBeans-16\netbeans\apisupport\ant
[2024-09-21 10:20:15.676]:         extracting C:\Program Files\NetBeans-16\netbeans\javafx\modules
[2024-09-21 10:20:15.676]:         extracting C:\Program Files\NetBeans-16\netbeans\java\patterns
[2024-09-21 10:20:15.676]:         extracting C:\Program Files\NetBeans-16\netbeans\javafx\config
[2024-09-21 10:20:15.680]:         extracting C:\Program Files\NetBeans-16\netbeans\java\modules
[2024-09-21 10:20:15.680]:         extracting C:\Program Files\NetBeans-16\netbeans\java\scripts
[2024-09-21 10:20:15.680]:         extracting C:\Program Files\NetBeans-16\netbeans\java\sources
[2024-09-21 10:20:15.680]:         extracting C:\Program Files\NetBeans-16\netbeans\profiler\ant
[2024-09-21 10:20:15.682]:         extracting C:\Program Files\NetBeans-16\netbeans\profiler\lib
[2024-09-21 10:20:15.682]:         extracting C:\Program Files\NetBeans-16\netbeans\java\config
[2024-09-21 10:20:15.682]:         extracting C:\Program Files\NetBeans-16\netbeans\java\maven
[2024-09-21 10:20:15.682]:         extracting C:\Program Files\NetBeans-16\netbeans\apisupport
[2024-09-21 10:20:15.682]:         extracting C:\Program Files\NetBeans-16\netbeans\ergonomics
[2024-09-21 10:20:15.682]:         extracting C:\Program Files\NetBeans-16\netbeans\java\docs
[2024-09-21 10:20:15.682]:         extracting C:\Program Files\NetBeans-16\netbeans\java\ant
[2024-09-21 10:20:15.683]:         extracting C:\Program Files\NetBeans-16\netbeans\profiler
[2024-09-21 10:20:15.683]:         extracting C:\Program Files\NetBeans-16\netbeans\javafx
[2024-09-21 10:20:15.683]:         extracting C:\Program Files\NetBeans-16\netbeans\java
[2024-09-21 10:20:15.683]:         extracting C:\Program Files\NetBeans-16\netbeans
[2024-09-21 10:20:15.687]:         deleting file: C:\Users\monal\.nbi\tmp\data,1.jar.2
[2024-09-21 10:20:15.695]:         ... saving legal artifacts if required
[2024-09-21 10:20:15.696]:         ... running installation logic
[2024-09-21 10:20:15.696]:         NameResolver - to parse C:\Program Files\NetBeans-16
[2024-09-21 10:20:15.696]:         NameResolver - to parse C:\Program Files\NetBeans-16
[2024-09-21 10:20:15.697]:         Modifying netbeans.conf for NetBeans installed at C:\Program Files\NetBeans-16 by adding cluster "java"
[2024-09-21 10:20:15.699]:         ... initial list of clusters : 
[2024-09-21 10:20:15.699]:             # Licensed to the Apache Software Foundation (ASF) under one
[2024-09-21 10:20:15.699]:             # or more contributor license agreements.  See the NOTICE file
[2024-09-21 10:20:15.699]:             # distributed with this work for additional information
[2024-09-21 10:20:15.699]:             # regarding copyright ownership.  The ASF licenses this file
[2024-09-21 10:20:15.699]:             # to you under the Apache License, Version 2.0 (the
[2024-09-21 10:20:15.699]:             # "License"); you may not use this file except in compliance
[2024-09-21 10:20:15.699]:             # with the License.  You may obtain a copy of the License at
[2024-09-21 10:20:15.699]:             #
[2024-09-21 10:20:15.699]:             #   http://www.apache.org/licenses/LICENSE-2.0
[2024-09-21 10:20:15.699]:             #
[2024-09-21 10:20:15.699]:             # Unless required by applicable law or agreed to in writing,
[2024-09-21 10:20:15.699]:             # software distributed under the License is distributed on an
[2024-09-21 10:20:15.699]:             # "AS IS" BASIS, WITHOUT WARRANTIES OR CONDITIONS OF ANY
[2024-09-21 10:20:15.699]:             # KIND, either express or implied.  See the License for the
[2024-09-21 10:20:15.699]:             # specific language governing permissions and limitations
[2024-09-21 10:20:15.700]:             # under the License.
[2024-09-21 10:20:15.700]:             
[2024-09-21 10:20:15.700]:             # platform cluster first
[2024-09-21 10:20:15.700]:             platform
[2024-09-21 10:20:15.700]:             # application cluster second
[2024-09-21 10:20:15.700]:             nb
[2024-09-21 10:20:15.700]:             # ergonomics cluster if present
[2024-09-21 10:20:15.700]:             ergonomics
[2024-09-21 10:20:15.700]:             # and now the rest
[2024-09-21 10:20:15.700]:             ide
[2024-09-21 10:20:15.700]:             extide
[2024-09-21 10:20:15.700]:             java
[2024-09-21 10:20:15.700]:             apisupport
[2024-09-21 10:20:15.700]:             webcommon
[2024-09-21 10:20:15.700]:             websvccommon
[2024-09-21 10:20:15.700]:             enterprise
[2024-09-21 10:20:15.700]:             mobility
[2024-09-21 10:20:15.700]:             profiler
[2024-09-21 10:20:15.700]:             python
[2024-09-21 10:20:15.700]:             php
[2024-09-21 10:20:15.700]:             identity
[2024-09-21 10:20:15.700]:             harness
[2024-09-21 10:20:15.700]:             cnd
[2024-09-21 10:20:15.700]:             cndext
[2024-09-21 10:20:15.700]:             cpplite
[2024-09-21 10:20:15.700]:             dlight
[2024-09-21 10:20:15.700]:             groovy
[2024-09-21 10:20:15.700]:             extra
[2024-09-21 10:20:15.700]:             javacard
[2024-09-21 10:20:15.700]:             javafx
[2024-09-21 10:20:15.700]:         ... requested cluster already exist, do nothing
[2024-09-21 10:20:15.700]:         Modifying netbeans.conf for NetBeans installed at C:\Program Files\NetBeans-16 by adding cluster "apisupport"
[2024-09-21 10:20:15.701]:         ... initial list of clusters : 
[2024-09-21 10:20:15.701]:             # Licensed to the Apache Software Foundation (ASF) under one
[2024-09-21 10:20:15.701]:             # or more contributor license agreements.  See the NOTICE file
[2024-09-21 10:20:15.701]:             # distributed with this work for additional information
[2024-09-21 10:20:15.701]:             # regarding copyright ownership.  The ASF licenses this file
[2024-09-21 10:20:15.711]:             # to you under the Apache License, Version 2.0 (the
[2024-09-21 10:20:15.711]:             # "License"); you may not use this file except in compliance
[2024-09-21 10:20:15.711]:             # with the License.  You may obtain a copy of the License at
[2024-09-21 10:20:15.711]:             #
[2024-09-21 10:20:15.711]:             #   http://www.apache.org/licenses/LICENSE-2.0
[2024-09-21 10:20:15.711]:             #
[2024-09-21 10:20:15.711]:             # Unless required by applicable law or agreed to in writing,
[2024-09-21 10:20:15.711]:             # software distributed under the License is distributed on an
[2024-09-21 10:20:15.711]:             # "AS IS" BASIS, WITHOUT WARRANTIES OR CONDITIONS OF ANY
[2024-09-21 10:20:15.711]:             # KIND, either express or implied.  See the License for the
[2024-09-21 10:20:15.711]:             # specific language governing permissions and limitations
[2024-09-21 10:20:15.711]:             # under the License.
[2024-09-21 10:20:15.711]:             
[2024-09-21 10:20:15.711]:             # platform cluster first
[2024-09-21 10:20:15.711]:             platform
[2024-09-21 10:20:15.711]:             # application cluster second
[2024-09-21 10:20:15.711]:             nb
[2024-09-21 10:20:15.711]:             # ergonomics cluster if present
[2024-09-21 10:20:15.711]:             ergonomics
[2024-09-21 10:20:15.711]:             # and now the rest
[2024-09-21 10:20:15.711]:             ide
[2024-09-21 10:20:15.711]:             extide
[2024-09-21 10:20:15.711]:             java
[2024-09-21 10:20:15.711]:             apisupport
[2024-09-21 10:20:15.711]:             webcommon
[2024-09-21 10:20:15.711]:             websvccommon
[2024-09-21 10:20:15.711]:             enterprise
[2024-09-21 10:20:15.711]:             mobility
[2024-09-21 10:20:15.711]:             profiler
[2024-09-21 10:20:15.711]:             python
[2024-09-21 10:20:15.711]:             php
[2024-09-21 10:20:15.711]:             identity
[2024-09-21 10:20:15.711]:             harness
[2024-09-21 10:20:15.711]:             cnd
[2024-09-21 10:20:15.711]:             cndext
[2024-09-21 10:20:15.711]:             cpplite
[2024-09-21 10:20:15.711]:             dlight
[2024-09-21 10:20:15.711]:             groovy
[2024-09-21 10:20:15.711]:             extra
[2024-09-21 10:20:15.711]:             javacard
[2024-09-21 10:20:15.711]:             javafx
[2024-09-21 10:20:15.711]:         ... requested cluster already exist, do nothing
[2024-09-21 10:20:15.713]:         Modifying netbeans.conf for NetBeans installed at C:\Program Files\NetBeans-16 by adding cluster "harness"
[2024-09-21 10:20:15.715]:         ... initial list of clusters : 
[2024-09-21 10:20:15.715]:             # Licensed to the Apache Software Foundation (ASF) under one
[2024-09-21 10:20:15.715]:             # or more contributor license agreements.  See the NOTICE file
[2024-09-21 10:20:15.715]:             # distributed with this work for additional information
[2024-09-21 10:20:15.715]:             # regarding copyright ownership.  The ASF licenses this file
[2024-09-21 10:20:15.715]:             # to you under the Apache License, Version 2.0 (the
[2024-09-21 10:20:15.715]:             # "License"); you may not use this file except in compliance
[2024-09-21 10:20:15.715]:             # with the License.  You may obtain a copy of the License at
[2024-09-21 10:20:15.715]:             #
[2024-09-21 10:20:15.715]:             #   http://www.apache.org/licenses/LICENSE-2.0
[2024-09-21 10:20:15.715]:             #
[2024-09-21 10:20:15.715]:             # Unless required by applicable law or agreed to in writing,
[2024-09-21 10:20:15.715]:             # software distributed under the License is distributed on an
[2024-09-21 10:20:15.715]:             # "AS IS" BASIS, WITHOUT WARRANTIES OR CONDITIONS OF ANY
[2024-09-21 10:20:15.715]:             # KIND, either express or implied.  See the License for the
[2024-09-21 10:20:15.715]:             # specific language governing permissions and limitations
[2024-09-21 10:20:15.727]:             # under the License.
[2024-09-21 10:20:15.727]:             
[2024-09-21 10:20:15.727]:             # platform cluster first
[2024-09-21 10:20:15.727]:             platform
[2024-09-21 10:20:15.727]:             # application cluster second
[2024-09-21 10:20:15.727]:             nb
[2024-09-21 10:20:15.727]:             # ergonomics cluster if present
[2024-09-21 10:20:15.727]:             ergonomics
[2024-09-21 10:20:15.727]:             # and now the rest
[2024-09-21 10:20:15.727]:             ide
[2024-09-21 10:20:15.727]:             extide
[2024-09-21 10:20:15.727]:             java
[2024-09-21 10:20:15.727]:             apisupport
[2024-09-21 10:20:15.727]:             webcommon
[2024-09-21 10:20:15.728]:             websvccommon
[2024-09-21 10:20:15.728]:             enterprise
[2024-09-21 10:20:15.728]:             mobility
[2024-09-21 10:20:15.728]:             profiler
[2024-09-21 10:20:15.728]:             python
[2024-09-21 10:20:15.728]:             php
[2024-09-21 10:20:15.728]:             identity
[2024-09-21 10:20:15.728]:             harness
[2024-09-21 10:20:15.728]:             cnd
[2024-09-21 10:20:15.728]:             cndext
[2024-09-21 10:20:15.728]:             cpplite
[2024-09-21 10:20:15.728]:             dlight
[2024-09-21 10:20:15.728]:             groovy
[2024-09-21 10:20:15.728]:             extra
[2024-09-21 10:20:15.728]:             javacard
[2024-09-21 10:20:15.728]:             javafx
[2024-09-21 10:20:15.728]:         ... requested cluster already exist, do nothing
[2024-09-21 10:20:15.729]:         Modifying netbeans.conf for NetBeans installed at C:\Program Files\NetBeans-16 by adding cluster "profiler"
[2024-09-21 10:20:15.730]:         ... initial list of clusters : 
[2024-09-21 10:20:15.730]:             # Licensed to the Apache Software Foundation (ASF) under one
[2024-09-21 10:20:15.730]:             # or more contributor license agreements.  See the NOTICE file
[2024-09-21 10:20:15.730]:             # distributed with this work for additional information
[2024-09-21 10:20:15.730]:             # regarding copyright ownership.  The ASF licenses this file
[2024-09-21 10:20:15.730]:             # to you under the Apache License, Version 2.0 (the
[2024-09-21 10:20:15.730]:             # "License"); you may not use this file except in compliance
[2024-09-21 10:20:15.730]:             # with the License.  You may obtain a copy of the License at
[2024-09-21 10:20:15.730]:             #
[2024-09-21 10:20:15.731]:             #   http://www.apache.org/licenses/LICENSE-2.0
[2024-09-21 10:20:15.731]:             #
[2024-09-21 10:20:15.731]:             # Unless required by applicable law or agreed to in writing,
[2024-09-21 10:20:15.731]:             # software distributed under the License is distributed on an
[2024-09-21 10:20:15.731]:             # "AS IS" BASIS, WITHOUT WARRANTIES OR CONDITIONS OF ANY
[2024-09-21 10:20:15.731]:             # KIND, either express or implied.  See the License for the
[2024-09-21 10:20:15.731]:             # specific language governing permissions and limitations
[2024-09-21 10:20:15.731]:             # under the License.
[2024-09-21 10:20:15.731]:             
[2024-09-21 10:20:15.731]:             # platform cluster first
[2024-09-21 10:20:15.731]:             platform
[2024-09-21 10:20:15.731]:             # application cluster second
[2024-09-21 10:20:15.731]:             nb
[2024-09-21 10:20:15.731]:             # ergonomics cluster if present
[2024-09-21 10:20:15.731]:             ergonomics
[2024-09-21 10:20:15.731]:             # and now the rest
[2024-09-21 10:20:15.731]:             ide
[2024-09-21 10:20:15.731]:             extide
[2024-09-21 10:20:15.731]:             java
[2024-09-21 10:20:15.731]:             apisupport
[2024-09-21 10:20:15.731]:             webcommon
[2024-09-21 10:20:15.731]:             websvccommon
[2024-09-21 10:20:15.731]:             enterprise
[2024-09-21 10:20:15.731]:             mobility
[2024-09-21 10:20:15.731]:             profiler
[2024-09-21 10:20:15.742]:             python
[2024-09-21 10:20:15.742]:             php
[2024-09-21 10:20:15.742]:             identity
[2024-09-21 10:20:15.742]:             harness
[2024-09-21 10:20:15.742]:             cnd
[2024-09-21 10:20:15.742]:             cndext
[2024-09-21 10:20:15.742]:             cpplite
[2024-09-21 10:20:15.742]:             dlight
[2024-09-21 10:20:15.742]:             groovy
[2024-09-21 10:20:15.742]:             extra
[2024-09-21 10:20:15.742]:             javacard
[2024-09-21 10:20:15.742]:             javafx
[2024-09-21 10:20:15.742]:         ... requested cluster already exist, do nothing
[2024-09-21 10:20:15.743]:             child = apisupport
[2024-09-21 10:20:15.743]:             child = bin
[2024-09-21 10:20:15.745]:             child = cpplite
[2024-09-21 10:20:15.745]:             child = DEPENDENCIES
[2024-09-21 10:20:15.745]:             child = ergonomics
[2024-09-21 10:20:15.745]:             child = etc
[2024-09-21 10:20:15.745]:             child = extide
[2024-09-21 10:20:15.745]:             child = harness
[2024-09-21 10:20:15.745]:             child = ide
[2024-09-21 10:20:15.745]:             child = java
[2024-09-21 10:20:15.745]:             child = javafx
[2024-09-21 10:20:15.745]:             child = LICENSE
[2024-09-21 10:20:15.746]:             child = licenses
[2024-09-21 10:20:15.746]:             child = nb
[2024-09-21 10:20:15.747]:         NameResolver - to parse C:\Program Files\NetBeans-16
[2024-09-21 10:20:15.748]:         NameResolver - to parse C:\Program Files\NetBeans-16
[2024-09-21 10:20:15.748]:         NameResolver - to parse C:\Program Files\NetBeans-16
[2024-09-21 10:20:15.749]:         ... getting JavaFX SOFTWARE\JavaSoft\JavaFX SDK value: JFXSDKHome
[2024-09-21 10:20:15.749]:         ... cannot find SOFTWARE\JavaSoft\JavaFX SDK for this product
[2024-09-21 10:20:15.749]:         ... cannot find SOFTWARE\Oracle\JavaFX\ for this product
[2024-09-21 10:20:15.749]:         ... register in system, create uninstaller, etc
[2024-09-21 10:20:15.749]:         ... save installation files list
[2024-09-21 10:20:15.832]:     ... finished installation of Java SE(nb-javase/16.0.0.221119.0)
[2024-09-21 10:20:16.039]:     NameResolver - to parse Installing {0}...
[2024-09-21 10:20:16.039]:     Start installation of Java EE(nb-javaee/16.0.0.221119.0)
[2024-09-21 10:20:16.039]:         NameResolver - to parse C:\Program Files\NetBeans-16
[2024-09-21 10:20:16.039]:         NameResolver - to parse C:\Program Files\NetBeans-16
[2024-09-21 10:20:16.040]:         NameResolver - to parse C:\Program Files\NetBeans-16
[2024-09-21 10:20:16.041]:         NameResolver - to parse C:\Program Files\NetBeans-16
[2024-09-21 10:20:16.041]:         ... extracting files from the data archives
[2024-09-21 10:20:16.041]:         NameResolver - to parse C:\Program Files\NetBeans-16
[2024-09-21 10:20:16.046]:         deleting file: C:\Users\monal\AppData\Local\Temp\nbi-8459226088555599856.tmp
[2024-09-21 10:20:16.046]:         extracting C:\Program Files\NetBeans-16\netbeans\enterprise\update_tracking\org-netbeans-modules-projectimport-eclipse-web.xml
[2024-09-21 10:20:16.049]:         extracting C:\Program Files\NetBeans-16\netbeans\enterprise\update_tracking\org-netbeans-modules-websvc-saas-codegen-j2ee.xml
[2024-09-21 10:20:16.049]:         extracting C:\Program Files\NetBeans-16\netbeans\enterprise\config\Modules\org-netbeans-modules-projectimport-eclipse-web.xml
[2024-09-21 10:20:16.051]:         extracting C:\Program Files\NetBeans-16\netbeans\enterprise\config\Modules\org-netbeans-modules-websvc-saas-codegen-j2ee.xml
[2024-09-21 10:20:16.051]:         extracting C:\Program Files\NetBeans-16\netbeans\enterprise\ant\sources\org\netbeans\modules\web\project\ant\JspCSingle.java
[2024-09-21 10:20:16.056]:         extracting C:\Program Files\NetBeans-16\netbeans\enterprise\modules\ext\aws-sdk\aws-java-sdk-elasticbeanstalk-1.11.569.jar
[2024-09-21 10:20:16.067]:         extracting C:\Program Files\NetBeans-16\netbeans\enterprise\update_tracking\org-netbeans-modules-javaee-beanvalidation.xml
[2024-09-21 10:20:16.068]:         extracting C:\Program Files\NetBeans-16\netbeans\enterprise\update_tracking\org-netbeans-modules-jellytools-enterprise.xml
[2024-09-21 10:20:16.068]:         extracting C:\Program Files\NetBeans-16\netbeans\enterprise\update_tracking\org-netbeans-modules-websvc-jaxws-lightapi.xml
[2024-09-21 10:20:16.069]:         extracting C:\Program Files\NetBeans-16\netbeans\enterprise\update_tracking\org-netbeans-modules-javaee-specs-support.xml
[2024-09-21 10:20:16.070]:         extracting C:\Program Files\NetBeans-16\netbeans\enterprise\update_tracking\org-netbeans-modules-websvc-customization.xml
[2024-09-21 10:20:16.071]:         extracting C:\Program Files\NetBeans-16\netbeans\enterprise\update_tracking\org-netbeans-modules-j2ee-ejbverification.xml
[2024-09-21 10:20:16.072]:         extracting C:\Program Files\NetBeans-16\netbeans\enterprise\config\Modules\org-netbeans-modules-javaee-beanvalidation.xml
[2024-09-21 10:20:16.074]:         extracting C:\Program Files\NetBeans-16\netbeans\enterprise\config\Modules\org-netbeans-modules-jellytools-enterprise.xml
[2024-09-21 10:20:16.075]:         extracting C:\Program Files\NetBeans-16\netbeans\enterprise\config\Modules\org-netbeans-modules-websvc-jaxws-lightapi.xml
[2024-09-21 10:20:16.076]:         extracting C:\Program Files\NetBeans-16\netbeans\enterprise\update_tracking\org-netbeans-modules-websvc-editor-hints.xml
[2024-09-21 10:20:16.079]:         extracting C:\Program Files\NetBeans-16\netbeans\enterprise\update_tracking\org-netbeans-modules-jakartaee9-platform.xml
[2024-09-21 10:20:16.081]:         extracting C:\Program Files\NetBeans-16\netbeans\enterprise\update_tracking\org-netbeans-modules-jakartaee8-platform.xml
[2024-09-21 10:20:16.081]:         extracting C:\Program Files\NetBeans-16\netbeans\enterprise\update_tracking\org-netbeans-modules-j2ee-ejbrefactoring.xml
[2024-09-21 10:20:16.082]:         extracting C:\Program Files\NetBeans-16\netbeans\enterprise\config\Modules\org-netbeans-modules-javaee-specs-support.xml
[2024-09-21 10:20:16.083]:         extracting C:\Program Files\NetBeans-16\netbeans\enterprise\config\Modules\org-netbeans-modules-websvc-customization.xml
[2024-09-21 10:20:16.083]:         extracting C:\Program Files\NetBeans-16\netbeans\enterprise\config\Modules\org-netbeans-modules-j2ee-ejbverification.xml
[2024-09-21 10:20:16.084]:         extracting C:\Program Files\NetBeans-16\netbeans\enterprise\update_tracking\org-netbeans-modules-web-jsf-navigation.xml
[2024-09-21 10:20:16.085]:         extracting C:\Program Files\NetBeans-16\netbeans\enterprise\update_tracking\org-netbeans-modules-j2ee-genericserver.xml
[2024-09-21 10:20:16.086]:         extracting C:\Program Files\NetBeans-16\netbeans\enterprise\update_tracking\org-netbeans-modules-j2ee-api-ejbmodule.xml
[2024-09-21 10:20:16.086]:         extracting C:\Program Files\NetBeans-16\netbeans\enterprise\update_tracking\org-netbeans-modules-j2ee-ejbjarproject.xml
[2024-09-21 10:20:16.087]:         extracting C:\Program Files\NetBeans-16\netbeans\enterprise\update_tracking\org-netbeans-modules-j2ee-dd-webservice.xml
[2024-09-21 10:20:16.087]:         extracting C:\Program Files\NetBeans-16\netbeans\enterprise\update_tracking\org-netbeans-modules-glassfish-eecommon.xml
[2024-09-21 10:20:16.089]:         extracting C:\Program Files\NetBeans-16\netbeans\enterprise\update_tracking\org-netbeans-modules-j2ee-clientproject.xml
[2024-09-21 10:20:16.089]:         extracting C:\Program Files\NetBeans-16\netbeans\enterprise\config\Modules\org-netbeans-modules-websvc-editor-hints.xml
[2024-09-21 10:20:16.090]:         extracting C:\Program Files\NetBeans-16\netbeans\enterprise\config\Modules\org-netbeans-modules-jakartaee9-platform.xml
[2024-09-21 10:20:16.091]:         extracting C:\Program Files\NetBeans-16\netbeans\enterprise\config\Modules\org-netbeans-modules-jakartaee8-platform.xml
[2024-09-21 10:20:16.091]:         extracting C:\Program Files\NetBeans-16\netbeans\enterprise\config\Modules\org-netbeans-modules-j2ee-ejbrefactoring.xml
[2024-09-21 10:20:16.092]:         extracting C:\Program Files\NetBeans-16\netbeans\enterprise\modules\org-netbeans-modules-projectimport-eclipse-web.jar
[2024-09-21 10:20:16.093]:         extracting C:\Program Files\NetBeans-16\netbeans\enterprise\modules\ext\jersey2\jersey-container-servlet-core-2.34.jar
[2024-09-21 10:20:16.095]:         extracting C:\Program Files\NetBeans-16\netbeans\enterprise\update_tracking\org-netbeans-modules-websvc-wsstackapi.xml
[2024-09-21 10:20:16.096]:         extracting C:\Program Files\NetBeans-16\netbeans\enterprise\update_tracking\org-netbeans-modules-websvc-jaxwsmodel.xml
[2024-09-21 10:20:16.098]:         extracting C:\Program Files\NetBeans-16\netbeans\enterprise\update_tracking\org-netbeans-modules-web-jsf-richfaces.xml
[2024-09-21 10:20:16.098]:         extracting C:\Program Files\NetBeans-16\netbeans\enterprise\update_tracking\org-netbeans-modules-websvc-projectapi.xml
[2024-09-21 10:20:16.099]:         extracting C:\Program Files\NetBeans-16\netbeans\enterprise\update_tracking\org-netbeans-modules-glassfish-tooling.xml
[2024-09-21 10:20:16.100]:         extracting C:\Program Files\NetBeans-16\netbeans\enterprise\config\Modules\org-netbeans-modules-web-jsf-navigation.xml
[2024-09-21 10:20:16.101]:         extracting C:\Program Files\NetBeans-16\netbeans\enterprise\config\Modules\org-netbeans-modules-j2ee-genericserver.xml
[2024-09-21 10:20:16.103]:         extracting C:\Program Files\NetBeans-16\netbeans\enterprise\config\Modules\org-netbeans-modules-j2ee-api-ejbmodule.xml
[2024-09-21 10:20:16.104]:         extracting C:\Program Files\NetBeans-16\netbeans\enterprise\config\Modules\org-netbeans-modules-j2ee-ejbjarproject.xml
[2024-09-21 10:20:16.105]:         extracting C:\Program Files\NetBeans-16\netbeans\enterprise\config\Modules\org-netbeans-modules-j2ee-dd-webservice.xml
[2024-09-21 10:20:16.105]:         extracting C:\Program Files\NetBeans-16\netbeans\enterprise\config\Modules\org-netbeans-modules-glassfish-eecommon.xml
[2024-09-21 10:20:16.105]:         extracting C:\Program Files\NetBeans-16\netbeans\enterprise\config\Modules\org-netbeans-modules-j2ee-clientproject.xml
[2024-09-21 10:20:16.106]:         extracting C:\Program Files\NetBeans-16\netbeans\enterprise\ant\sources\org\netbeans\modules\web\project\ant\JspC.java
[2024-09-21 10:20:16.107]:         extracting C:\Program Files\NetBeans-16\netbeans\enterprise\modules\org-netbeans-modules-websvc-saas-codegen-j2ee.jar
[2024-09-21 10:20:16.109]:         extracting C:\Program Files\NetBeans-16\netbeans\enterprise\update_tracking\org-netbeans-modules-websvc-websvcapi.xml
[2024-09-21 10:20:16.110]:         extracting C:\Program Files\NetBeans-16\netbeans\enterprise\update_tracking\org-netbeans-modules-websvc-utilities.xml
[2024-09-21 10:20:16.111]:         extracting C:\Program Files\NetBeans-16\netbeans\enterprise\update_tracking\org-netbeans-modules-glassfish-javaee.xml
[2024-09-21 10:20:16.111]:         extracting C:\Program Files\NetBeans-16\netbeans\enterprise\update_tracking\org-netbeans-modules-web-jsf-icefaces.xml
[2024-09-21 10:20:16.112]:         extracting C:\Program Files\NetBeans-16\netbeans\enterprise\update_tracking\org-netbeans-modules-javaee-resources.xml
[2024-09-21 10:20:16.113]:         extracting C:\Program Files\NetBeans-16\netbeans\enterprise\update_tracking\org-netbeans-modules-websvc-metro-lib.xml
[2024-09-21 10:20:16.113]:         extracting C:\Program Files\NetBeans-16\netbeans\enterprise\update_tracking\org-netbeans-modules-payara-jakartaee.xml
[2024-09-21 10:20:16.115]:         extracting C:\Program Files\NetBeans-16\netbeans\enterprise\update_tracking\org-netbeans-modules-glassfish-common.xml
[2024-09-21 10:20:16.115]:         extracting C:\Program Files\NetBeans-16\netbeans\enterprise\update_tracking\org-netbeans-modules-websvc-clientapi.xml
[2024-09-21 10:20:16.117]:         extracting C:\Program Files\NetBeans-16\netbeans\enterprise\config\Modules\org-netbeans-modules-websvc-wsstackapi.xml
[2024-09-21 10:20:16.119]:         extracting C:\Program Files\NetBeans-16\netbeans\enterprise\config\Modules\org-netbeans-modules-websvc-jaxwsmodel.xml
[2024-09-21 10:20:16.120]:         extracting C:\Program Files\NetBeans-16\netbeans\enterprise\config\Modules\org-netbeans-modules-web-jsf-richfaces.xml
[2024-09-21 10:20:16.120]:         extracting C:\Program Files\NetBeans-16\netbeans\enterprise\config\Modules\org-netbeans-modules-websvc-projectapi.xml
[2024-09-21 10:20:16.121]:         extracting C:\Program Files\NetBeans-16\netbeans\enterprise\config\Modules\org-netbeans-modules-glassfish-tooling.xml
[2024-09-21 10:20:16.122]:         extracting C:\Program Files\NetBeans-16\netbeans\enterprise\modules\ext\spring-boot-configuration-metadata-2.4.4.jar
[2024-09-21 10:20:16.123]:         extracting C:\Program Files\NetBeans-16\netbeans\enterprise\update_tracking\org-netbeans-libs-commons_fileupload.xml
[2024-09-21 10:20:16.125]:         extracting C:\Program Files\NetBeans-16\netbeans\enterprise\update_tracking\org-netbeans-modules-web-core-syntax.xml
[2024-09-21 10:20:16.125]:         extracting C:\Program Files\NetBeans-16\netbeans\enterprise\update_tracking\org-netbeans-modules-web-client-rest.xml
[2024-09-21 10:20:16.126]:         extracting C:\Program Files\NetBeans-16\netbeans\enterprise\update_tracking\org-netbeans-modules-payara-eecommon.xml
[2024-09-21 10:20:16.127]:         extracting C:\Program Files\NetBeans-16\netbeans\enterprise\update_tracking\org-netbeans-modules-j2ee-earproject.xml
[2024-09-21 10:20:16.127]:         extracting C:\Program Files\NetBeans-16\netbeans\enterprise\update_tracking\org-netbeans-modules-j2ee-sun-appsrv.xml
[2024-09-21 10:20:16.129]:         extracting C:\Program Files\NetBeans-16\netbeans\enterprise\update_tracking\org-netbeans-modules-web-refactoring.xml
[2024-09-21 10:20:16.130]:         extracting C:\Program Files\NetBeans-16\netbeans\enterprise\update_tracking\org-netbeans-modules-websvc-jaxwsapi.xml
[2024-09-21 10:20:16.131]:         extracting C:\Program Files\NetBeans-16\netbeans\enterprise\update_tracking\org-netbeans-modules-weblogic-common.xml
[2024-09-21 10:20:16.131]:         extracting C:\Program Files\NetBeans-16\netbeans\enterprise\config\Modules\org-netbeans-modules-websvc-websvcapi.xml
[2024-09-21 10:20:16.132]:         extracting C:\Program Files\NetBeans-16\netbeans\enterprise\config\Modules\org-netbeans-modules-websvc-utilities.xml
[2024-09-21 10:20:16.133]:         extracting C:\Program Files\NetBeans-16\netbeans\enterprise\config\Modules\org-netbeans-modules-glassfish-javaee.xml
[2024-09-21 10:20:16.133]:         extracting C:\Program Files\NetBeans-16\netbeans\enterprise\config\Modules\org-netbeans-modules-web-jsf-icefaces.xml
[2024-09-21 10:20:16.134]:         extracting C:\Program Files\NetBeans-16\netbeans\enterprise\config\Modules\org-netbeans-modules-javaee-resources.xml
[2024-09-21 10:20:16.134]:         extracting C:\Program Files\NetBeans-16\netbeans\enterprise\config\Modules\org-netbeans-modules-websvc-metro-lib.xml
[2024-09-21 10:20:16.135]:         extracting C:\Program Files\NetBeans-16\netbeans\enterprise\config\Modules\org-netbeans-modules-payara-jakartaee.xml
[2024-09-21 10:20:16.135]:         extracting C:\Program Files\NetBeans-16\netbeans\enterprise\config\Modules\org-netbeans-modules-glassfish-common.xml
[2024-09-21 10:20:16.136]:         extracting C:\Program Files\NetBeans-16\netbeans\enterprise\config\Modules\org-netbeans-modules-websvc-clientapi.xml
[2024-09-21 10:20:16.138]:         extracting C:\Program Files\NetBeans-16\netbeans\enterprise\update_tracking\org-netbeans-modules-web-bootsfaces.xml
[2024-09-21 10:20:16.138]:         extracting C:\Program Files\NetBeans-16\netbeans\enterprise\update_tracking\org-netbeans-modules-web-primefaces.xml
[2024-09-21 10:20:16.139]:         extracting C:\Program Files\NetBeans-16\netbeans\enterprise\update_tracking\org-netbeans-modules-websvc-restlib.xml
[2024-09-21 10:20:16.140]:         extracting C:\Program Files\NetBeans-16\netbeans\enterprise\update_tracking\org-netbeans-libs-glassfish_logging.xml
[2024-09-21 10:20:16.141]:         extracting C:\Program Files\NetBeans-16\netbeans\enterprise\update_tracking\org-netbeans-modules-websvc-manager.xml
[2024-09-21 10:20:16.142]:         extracting C:\Program Files\NetBeans-16\netbeans\enterprise\update_tracking\org-netbeans-modules-payara-tooling.xml
[2024-09-21 10:20:16.143]:         extracting C:\Program Files\NetBeans-16\netbeans\enterprise\update_tracking\org-netbeans-modules-javaee-wildfly.xml
[2024-09-21 10:20:16.143]:         extracting C:\Program Files\NetBeans-16\netbeans\enterprise\update_tracking\org-netbeans-modules-j2ee-ddloaders.xml
[2024-09-21 10:20:16.144]:         extracting C:\Program Files\NetBeans-16\netbeans\enterprise\update_tracking\org-netbeans-modules-jakartaee8-api.xml
[2024-09-21 10:20:16.145]:         extracting C:\Program Files\NetBeans-16\netbeans\enterprise\update_tracking\org-netbeans-modules-jakartaee9-api.xml
[2024-09-21 10:20:16.146]:         extracting C:\Program Files\NetBeans-16\netbeans\enterprise\update_tracking\org-netbeans-modules-javaee-project.xml
[2024-09-21 10:20:16.147]:         extracting C:\Program Files\NetBeans-16\netbeans\enterprise\update_tracking\org-netbeans-modules-websvc-restkit.xml
[2024-09-21 10:20:16.148]:         extracting C:\Program Files\NetBeans-16\netbeans\enterprise\update_tracking\org-netbeans-modules-web-jsf-editor.xml
[2024-09-21 10:20:16.148]:         extracting C:\Program Files\NetBeans-16\netbeans\enterprise\update_tracking\org-netbeans-modules-websvc-restapi.xml
[2024-09-21 10:20:16.150]:         extracting C:\Program Files\NetBeans-16\netbeans\enterprise\config\Modules\org-netbeans-libs-commons_fileupload.xml
[2024-09-21 10:20:16.150]:         extracting C:\Program Files\NetBeans-16\netbeans\enterprise\config\Modules\org-netbeans-modules-web-core-syntax.xml
[2024-09-21 10:20:16.152]:         extracting C:\Program Files\NetBeans-16\netbeans\enterprise\config\Modules\org-netbeans-modules-web-client-rest.xml
[2024-09-21 10:20:16.153]:         extracting C:\Program Files\NetBeans-16\netbeans\enterprise\config\Modules\org-netbeans-modules-payara-eecommon.xml
[2024-09-21 10:20:16.154]:         extracting C:\Program Files\NetBeans-16\netbeans\enterprise\config\Modules\org-netbeans-modules-j2ee-earproject.xml
[2024-09-21 10:20:16.154]:         extracting C:\Program Files\NetBeans-16\netbeans\enterprise\config\Modules\org-netbeans-modules-j2ee-sun-appsrv.xml
[2024-09-21 10:20:16.155]:         extracting C:\Program Files\NetBeans-16\netbeans\enterprise\config\Modules\org-netbeans-modules-web-refactoring.xml
[2024-09-21 10:20:16.156]:         extracting C:\Program Files\NetBeans-16\netbeans\enterprise\config\Modules\org-netbeans-modules-websvc-jaxwsapi.xml
[2024-09-21 10:20:16.156]:         extracting C:\Program Files\NetBeans-16\netbeans\enterprise\config\Modules\org-netbeans-modules-weblogic-common.xml
[2024-09-21 10:20:16.157]:         extracting C:\Program Files\NetBeans-16\netbeans\groovy\update_tracking\org-netbeans-modules-groovy-refactoring.xml
[2024-09-21 10:20:16.159]:         extracting C:\Program Files\NetBeans-16\netbeans\enterprise\modules\org-netbeans-modules-websvc-jaxws-lightapi.jar
[2024-09-21 10:20:16.160]:         extracting C:\Program Files\NetBeans-16\netbeans\enterprise\modules\org-netbeans-modules-javaee-beanvalidation.jar
[2024-09-21 10:20:16.161]:         extracting C:\Program Files\NetBeans-16\netbeans\enterprise\modules\org-netbeans-modules-jellytools-enterprise.jar
[2024-09-21 10:20:16.163]:         extracting C:\Program Files\NetBeans-16\netbeans\enterprise\modules\ext\jackson\jackson-dataformat-cbor-2.12.0.jar
[2024-09-21 10:20:16.164]:         extracting C:\Program Files\NetBeans-16\netbeans\enterprise\modules\ext\jackson\jackson-datatype-jsr310-2.12.0.jar
[2024-09-21 10:20:16.166]:         extracting C:\Program Files\NetBeans-16\netbeans\enterprise\update_tracking\org-netbeans-modules-gradle-javaee.xml
[2024-09-21 10:20:16.166]:         extracting C:\Program Files\NetBeans-16\netbeans\enterprise\update_tracking\org-netbeans-modules-web-jspparser.xml
[2024-09-21 10:20:16.167]:         extracting C:\Program Files\NetBeans-16\netbeans\enterprise\update_tracking\org-netbeans-modules-websvc-design.xml
[2024-09-21 10:20:16.169]:         extracting C:\Program Files\NetBeans-16\netbeans\enterprise\update_tracking\org-netbeans-modules-servletjspapi.xml
[2024-09-21 10:20:16.169]:         extracting C:\Program Files\NetBeans-16\netbeans\enterprise\update_tracking\org-netbeans-modules-spring-webmvc.xml
[2024-09-21 10:20:16.170]:         extracting C:\Program Files\NetBeans-16\netbeans\enterprise\update_tracking\org-netbeans-modules-profiler-j2ee.xml
[2024-09-21 10:20:16.170]:         extracting C:\Program Files\NetBeans-16\netbeans\enterprise\update_tracking\org-netbeans-modules-payara-common.xml
[2024-09-21 10:20:16.171]:         extracting C:\Program Files\NetBeans-16\netbeans\enterprise\update_tracking\org-netbeans-modules-j2ee-sun-ddui.xml
[2024-09-21 10:20:16.172]:         extracting C:\Program Files\NetBeans-16\netbeans\enterprise\update_tracking\org-netbeans-modules-j2ee-platform.xml
[2024-09-21 10:20:16.173]:         extracting C:\Program Files\NetBeans-16\netbeans\enterprise\config\Modules\org-netbeans-modules-web-bootsfaces.xml
[2024-09-21 10:20:16.173]:         extracting C:\Program Files\NetBeans-16\netbeans\enterprise\config\Modules\org-netbeans-modules-web-primefaces.xml
[2024-09-21 10:20:16.174]:         extracting C:\Program Files\NetBeans-16\netbeans\enterprise\config\Modules\org-netbeans-modules-websvc-restlib.xml
[2024-09-21 10:20:16.176]:         extracting C:\Program Files\NetBeans-16\netbeans\enterprise\config\Modules\org-netbeans-libs-glassfish_logging.xml
[2024-09-21 10:20:16.177]:         extracting C:\Program Files\NetBeans-16\netbeans\enterprise\config\Modules\org-netbeans-modules-websvc-manager.xml
[2024-09-21 10:20:16.177]:         extracting C:\Program Files\NetBeans-16\netbeans\enterprise\config\Modules\org-netbeans-modules-payara-tooling.xml
[2024-09-21 10:20:16.178]:         extracting C:\Program Files\NetBeans-16\netbeans\enterprise\config\Modules\org-netbeans-modules-javaee-wildfly.xml
[2024-09-21 10:20:16.178]:         extracting C:\Program Files\NetBeans-16\netbeans\enterprise\config\Modules\org-netbeans-modules-j2ee-ddloaders.xml
[2024-09-21 10:20:16.179]:         extracting C:\Program Files\NetBeans-16\netbeans\enterprise\config\Modules\org-netbeans-modules-jakartaee8-api.xml
[2024-09-21 10:20:16.180]:         extracting C:\Program Files\NetBeans-16\netbeans\enterprise\config\Modules\org-netbeans-modules-jakartaee9-api.xml
[2024-09-21 10:20:16.180]:         extracting C:\Program Files\NetBeans-16\netbeans\enterprise\config\Modules\org-netbeans-modules-javaee-project.xml
[2024-09-21 10:20:16.180]:         extracting C:\Program Files\NetBeans-16\netbeans\enterprise\config\Modules\org-netbeans-modules-websvc-restkit.xml
[2024-09-21 10:20:16.182]:         extracting C:\Program Files\NetBeans-16\netbeans\enterprise\config\Modules\org-netbeans-modules-web-jsf-editor.xml
[2024-09-21 10:20:16.183]:         extracting C:\Program Files\NetBeans-16\netbeans\enterprise\config\Modules\org-netbeans-modules-websvc-restapi.xml
[2024-09-21 10:20:16.184]:         extracting C:\Program Files\NetBeans-16\netbeans\groovy\update_tracking\org-netbeans-modules-groovy-antproject.xml
[2024-09-21 10:20:16.184]:         extracting C:\Program Files\NetBeans-16\netbeans\groovy\config\Modules\org-netbeans-modules-groovy-refactoring.xml
[2024-09-21 10:20:16.186]:         extracting C:\Program Files\NetBeans-16\netbeans\enterprise\modules\org-netbeans-modules-websvc-customization.jar
[2024-09-21 10:20:16.188]:         extracting C:\Program Files\NetBeans-16\netbeans\enterprise\modules\org-netbeans-modules-javaee-specs-support.jar
[2024-09-21 10:20:16.190]:         extracting C:\Program Files\NetBeans-16\netbeans\enterprise\modules\org-netbeans-modules-j2ee-ejbverification.jar
[2024-09-21 10:20:16.192]:         extracting C:\Program Files\NetBeans-16\netbeans\enterprise\modules\ext\javaee6-endorsed\webservices-api-osgi.jar
[2024-09-21 10:20:16.194]:         extracting C:\Program Files\NetBeans-16\netbeans\enterprise\modules\ext\jersey2\jersey-container-servlet-2.34.jar
[2024-09-21 10:20:16.196]:         extracting C:\Program Files\NetBeans-16\netbeans\enterprise\modules\ext\jersey2\jakarta.persistence-api-2.2.3.jar
[2024-09-21 10:20:16.198]:         extracting C:\Program Files\NetBeans-16\netbeans\enterprise\modules\ext\javaee7-endorsed\javax.annotation-api.jar
[2024-09-21 10:20:16.199]:         extracting C:\Program Files\NetBeans-16\netbeans\enterprise\update_tracking\org-netbeans-modules-cloud-oracle.xml
[2024-09-21 10:20:16.199]:         extracting C:\Program Files\NetBeans-16\netbeans\enterprise\update_tracking\org-netbeans-modules-cloud-amazon.xml
[2024-09-21 10:20:16.200]:         extracting C:\Program Files\NetBeans-16\netbeans\enterprise\update_tracking\org-netbeans-modules-j2ee-ejbcore.xml
[2024-09-21 10:20:16.201]:         extracting C:\Program Files\NetBeans-16\netbeans\enterprise\update_tracking\org-netbeans-modules-web-freeform.xml
[2024-09-21 10:20:16.202]:         extracting C:\Program Files\NetBeans-16\netbeans\enterprise\update_tracking\org-netbeans-modules-payara-micro.xml
[2024-09-21 10:20:16.202]:         extracting C:\Program Files\NetBeans-16\netbeans\enterprise\update_tracking\org-netbeans-modules-cloud-common.xml
[2024-09-21 10:20:16.203]:         extracting C:\Program Files\NetBeans-16\netbeans\enterprise\config\Modules\org-netbeans-modules-gradle-javaee.xml
[2024-09-21 10:20:16.204]:         extracting C:\Program Files\NetBeans-16\netbeans\enterprise\config\Modules\org-netbeans-modules-web-jspparser.xml
[2024-09-21 10:20:16.205]:         extracting C:\Program Files\NetBeans-16\netbeans\enterprise\config\Modules\org-netbeans-modules-websvc-design.xml
[2024-09-21 10:20:16.205]:         extracting C:\Program Files\NetBeans-16\netbeans\enterprise\config\Modules\org-netbeans-modules-servletjspapi.xml
[2024-09-21 10:20:16.207]:         extracting C:\Program Files\NetBeans-16\netbeans\enterprise\config\Modules\org-netbeans-modules-spring-webmvc.xml
[2024-09-21 10:20:16.208]:         extracting C:\Program Files\NetBeans-16\netbeans\enterprise\config\Modules\org-netbeans-modules-profiler-j2ee.xml
[2024-09-21 10:20:16.208]:         extracting C:\Program Files\NetBeans-16\netbeans\enterprise\config\Modules\org-netbeans-modules-payara-common.xml
[2024-09-21 10:20:16.209]:         extracting C:\Program Files\NetBeans-16\netbeans\enterprise\config\Modules\org-netbeans-modules-j2ee-sun-ddui.xml
[2024-09-21 10:20:16.210]:         extracting C:\Program Files\NetBeans-16\netbeans\enterprise\config\Modules\org-netbeans-modules-j2ee-platform.xml
[2024-09-21 10:20:16.210]:         extracting C:\Program Files\NetBeans-16\netbeans\groovy\config\Modules\org-netbeans-modules-groovy-antproject.xml
[2024-09-21 10:20:16.211]:         extracting C:\Program Files\NetBeans-16\netbeans\enterprise\modules\org-netbeans-modules-jakartaee9-platform.jar
[2024-09-21 10:20:16.214]:         extracting C:\Program Files\NetBeans-16\netbeans\enterprise\modules\org-netbeans-modules-jakartaee8-platform.jar
[2024-09-21 10:20:16.215]:         extracting C:\Program Files\NetBeans-16\netbeans\enterprise\modules\org-netbeans-modules-j2ee-ejbrefactoring.jar
[2024-09-21 10:20:16.216]:         extracting C:\Program Files\NetBeans-16\netbeans\enterprise\modules\org-netbeans-modules-websvc-editor-hints.jar
[2024-09-21 10:20:16.219]:         extracting C:\Program Files\NetBeans-16\netbeans\enterprise\modules\ext\jersey2\jakarta.validation-api-2.0.2.jar
[2024-09-21 10:20:16.220]:         extracting C:\Program Files\NetBeans-16\netbeans\enterprise\modules\ext\jersey2\aopalliance-repackaged-2.6.1.jar
[2024-09-21 10:20:16.221]:         extracting C:\Program Files\NetBeans-16\netbeans\enterprise\modules\ext\jersey2\jersey-entity-filtering-2.34.jar
[2024-09-21 10:20:16.222]:         extracting C:\Program Files\NetBeans-16\netbeans\enterprise\modules\ext\jersey2\jakarta.annotation-api-1.3.5.jar
[2024-09-21 10:20:16.223]:         extracting C:\Program Files\NetBeans-16\netbeans\enterprise\modules\ext\org-netbeans-modules-web-httpmonitor.jar
[2024-09-21 10:20:16.225]:         extracting C:\Program Files\NetBeans-16\netbeans\enterprise\update_tracking\org-netbeans-modules-web-monitor.xml
[2024-09-21 10:20:16.226]:         extracting C:\Program Files\NetBeans-16\netbeans\enterprise\update_tracking\org-netbeans-modules-j2ee-common.xml
[2024-09-21 10:20:16.226]:         extracting C:\Program Files\NetBeans-16\netbeans\enterprise\update_tracking\org-netbeans-modules-web-project.xml
[2024-09-21 10:20:16.227]:         extracting C:\Program Files\NetBeans-16\netbeans\enterprise\update_tracking\org-netbeans-modules-javaee8-api.xml
[2024-09-21 10:20:16.228]:         extracting C:\Program Files\NetBeans-16\netbeans\enterprise\update_tracking\org-netbeans-modules-javaee7-api.xml
[2024-09-21 10:20:16.228]:         extracting C:\Program Files\NetBeans-16\netbeans\enterprise\update_tracking\org-netbeans-modules-web-jsf12ri.xml
[2024-09-21 10:20:16.229]:         extracting C:\Program Files\NetBeans-16\netbeans\enterprise\update_tracking\org-netbeans-modules-websvc-core.xml
[2024-09-21 10:20:16.230]:         extracting C:\Program Files\NetBeans-16\netbeans\enterprise\update_tracking\org-netbeans-modules-web-jsf-kit.xml
[2024-09-21 10:20:16.230]:         extracting C:\Program Files\NetBeans-16\netbeans\enterprise\update_tracking\org-netbeans-modules-j2ee-sun-dd.xml
[2024-09-21 10:20:16.231]:         extracting C:\Program Files\NetBeans-16\netbeans\enterprise\update_tracking\org-netbeans-modules-websvc-owsm.xml
[2024-09-21 10:20:16.232]:         extracting C:\Program Files\NetBeans-16\netbeans\enterprise\update_tracking\org-netbeans-modules-websvc-rest.xml
[2024-09-21 10:20:16.233]:         extracting C:\Program Files\NetBeans-16\netbeans\enterprise\update_tracking\org-netbeans-modules-maven-jaxws.xml
[2024-09-21 10:20:16.233]:         extracting C:\Program Files\NetBeans-16\netbeans\enterprise\config\Modules\org-netbeans-modules-cloud-oracle.xml
[2024-09-21 10:20:16.234]:         extracting C:\Program Files\NetBeans-16\netbeans\enterprise\config\Modules\org-netbeans-modules-cloud-amazon.xml
[2024-09-21 10:20:16.234]:         extracting C:\Program Files\NetBeans-16\netbeans\enterprise\config\Modules\org-netbeans-modules-j2ee-ejbcore.xml
[2024-09-21 10:20:16.235]:         extracting C:\Program Files\NetBeans-16\netbeans\enterprise\config\Modules\org-netbeans-modules-web-freeform.xml
[2024-09-21 10:20:16.237]:         extracting C:\Program Files\NetBeans-16\netbeans\enterprise\config\Modules\org-netbeans-modules-payara-micro.xml
[2024-09-21 10:20:16.237]:         extracting C:\Program Files\NetBeans-16\netbeans\enterprise\config\Modules\org-netbeans-modules-cloud-common.xml
[2024-09-21 10:20:16.238]:         extracting C:\Program Files\NetBeans-16\netbeans\enterprise\modules\org-netbeans-modules-j2ee-dd-webservice.jar
[2024-09-21 10:20:16.250]:         extracting C:\Program Files\NetBeans-16\netbeans\enterprise\modules\org-netbeans-modules-j2ee-api-ejbmodule.jar
[2024-09-21 10:20:16.253]:         extracting C:\Program Files\NetBeans-16\netbeans\enterprise\modules\org-netbeans-modules-j2ee-clientproject.jar
[2024-09-21 10:20:16.257]:         extracting C:\Program Files\NetBeans-16\netbeans\enterprise\modules\org-netbeans-modules-j2ee-ejbjarproject.jar
[2024-09-21 10:20:16.260]:         extracting C:\Program Files\NetBeans-16\netbeans\enterprise\modules\org-netbeans-modules-glassfish-eecommon.jar
[2024-09-21 10:20:16.262]:         extracting C:\Program Files\NetBeans-16\netbeans\enterprise\modules\org-netbeans-modules-web-jsf-navigation.jar
[2024-09-21 10:20:16.265]:         extracting C:\Program Files\NetBeans-16\netbeans\enterprise\modules\ext\struts\struts-mailreader-dao-1.3.10.jar
[2024-09-21 10:20:16.266]:         extracting C:\Program Files\NetBeans-16\netbeans\enterprise\modules\ext\jersey2\osgi-resource-locator-1.0.3.jar
[2024-09-21 10:20:16.268]:         extracting C:\Program Files\NetBeans-16\netbeans\enterprise\modules\ext\javaee7-endorsed\javax.xml.soap-api.jar
[2024-09-21 10:20:16.269]:         extracting C:\Program Files\NetBeans-16\netbeans\enterprise\modules\org-netbeans-modules-j2ee-genericserver.jar
[2024-09-21 10:20:16.270]:         extracting C:\Program Files\NetBeans-16\netbeans\enterprise\update_tracking\org-netbeans-modules-maven-j2ee.xml
[2024-09-21 10:20:16.270]:         extracting C:\Program Files\NetBeans-16\netbeans\enterprise\update_tracking\org-netbeans-modules-j2eeserver.xml
[2024-09-21 10:20:16.271]:         extracting C:\Program Files\NetBeans-16\netbeans\enterprise\update_tracking\org-netbeans-modules-websvc-kit.xml
[2024-09-21 10:20:16.272]:         extracting C:\Program Files\NetBeans-16\netbeans\enterprise\update_tracking\org-netbeans-modules-web-jsfapi.xml
[2024-09-21 10:20:16.272]:         extracting C:\Program Files\NetBeans-16\netbeans\enterprise\update_tracking\org-netbeans-modules-web-struts.xml
[2024-09-21 10:20:16.273]:         extracting C:\Program Files\NetBeans-16\netbeans\enterprise\update_tracking\org-netbeans-modules-javaee-api.xml
[2024-09-21 10:20:16.273]:         extracting C:\Program Files\NetBeans-16\netbeans\enterprise\config\Modules\org-netbeans-modules-web-monitor.xml
[2024-09-21 10:20:16.275]:         extracting C:\Program Files\NetBeans-16\netbeans\enterprise\config\Modules\org-netbeans-modules-j2ee-common.xml
[2024-09-21 10:20:16.276]:         extracting C:\Program Files\NetBeans-16\netbeans\enterprise\config\Modules\org-netbeans-modules-web-project.xml
[2024-09-21 10:20:16.276]:         extracting C:\Program Files\NetBeans-16\netbeans\enterprise\config\Modules\org-netbeans-modules-javaee8-api.xml
[2024-09-21 10:20:16.277]:         extracting C:\Program Files\NetBeans-16\netbeans\enterprise\config\Modules\org-netbeans-modules-javaee7-api.xml
[2024-09-21 10:20:16.278]:         extracting C:\Program Files\NetBeans-16\netbeans\enterprise\config\Modules\org-netbeans-modules-web-jsf12ri.xml
[2024-09-21 10:20:16.278]:         extracting C:\Program Files\NetBeans-16\netbeans\enterprise\config\Modules\org-netbeans-modules-websvc-core.xml
[2024-09-21 10:20:16.279]:         extracting C:\Program Files\NetBeans-16\netbeans\enterprise\config\Modules\org-netbeans-modules-web-jsf-kit.xml
[2024-09-21 10:20:16.280]:         extracting C:\Program Files\NetBeans-16\netbeans\enterprise\config\Modules\org-netbeans-modules-j2ee-sun-dd.xml
[2024-09-21 10:20:16.280]:         extracting C:\Program Files\NetBeans-16\netbeans\enterprise\config\Modules\org-netbeans-modules-websvc-owsm.xml
[2024-09-21 10:20:16.281]:         extracting C:\Program Files\NetBeans-16\netbeans\enterprise\config\Modules\org-netbeans-modules-websvc-rest.xml
[2024-09-21 10:20:16.281]:         extracting C:\Program Files\NetBeans-16\netbeans\enterprise\config\Modules\org-netbeans-modules-maven-jaxws.xml
[2024-09-21 10:20:16.282]:         extracting C:\Program Files\NetBeans-16\netbeans\groovy\update_tracking\org-netbeans-modules-groovy-support.xml
[2024-09-21 10:20:16.283]:         extracting C:\Program Files\NetBeans-16\netbeans\groovy\update_tracking\org-netbeans-modules-groovy-samples.xml
[2024-09-21 10:20:16.284]:         extracting C:\Program Files\NetBeans-16\netbeans\enterprise\modules\org-netbeans-modules-glassfish-tooling.jar
[2024-09-21 10:20:16.287]:         extracting C:\Program Files\NetBeans-16\netbeans\enterprise\modules\org-netbeans-modules-websvc-projectapi.jar
[2024-09-21 10:20:16.289]:         extracting C:\Program Files\NetBeans-16\netbeans\enterprise\modules\org-netbeans-modules-websvc-jaxwsmodel.jar
[2024-09-21 10:20:16.292]:         extracting C:\Program Files\NetBeans-16\netbeans\enterprise\modules\org-netbeans-modules-web-jsf-richfaces.jar
[2024-09-21 10:20:16.294]:         extracting C:\Program Files\NetBeans-16\netbeans\enterprise\modules\org-netbeans-modules-websvc-wsstackapi.jar
[2024-09-21 10:20:16.296]:         extracting C:\Program Files\NetBeans-16\netbeans\enterprise\modules\ext\oci-java-sdk-circuitbreaker-2.27.0.jar
[2024-09-21 10:20:16.297]:         extracting C:\Program Files\NetBeans-16\netbeans\enterprise\modules\ext\aws-sdk\aws-java-sdk-core-1.11.569.jar
[2024-09-21 10:20:16.302]:         extracting C:\Program Files\NetBeans-16\netbeans\enterprise\modules\ext\jersey2\jakarta.xml.bind-api-2.3.3.jar
[2024-09-21 10:20:16.303]:         extracting C:\Program Files\NetBeans-16\netbeans\enterprise\modules\ext\jackson\jackson-annotations-2.12.0.jar
[2024-09-21 10:20:16.305]:         extracting C:\Program Files\NetBeans-16\netbeans\enterprise\update_tracking\org-netbeans-modules-jsp-lexer.xml
[2024-09-21 10:20:16.306]:         extracting C:\Program Files\NetBeans-16\netbeans\enterprise\update_tracking\org-netbeans-modules-web-jsf12.xml
[2024-09-21 10:20:16.307]:         extracting C:\Program Files\NetBeans-16\netbeans\enterprise\update_tracking\org-netbeans-modules-web-beans.xml
[2024-09-21 10:20:16.307]:         extracting C:\Program Files\NetBeans-16\netbeans\enterprise\update_tracking\org-netbeans-api-web-webmodule.xml
[2024-09-21 10:20:16.308]:         extracting C:\Program Files\NetBeans-16\netbeans\enterprise\update_tracking\org-netbeans-modules-web-jsf20.xml
[2024-09-21 10:20:16.308]:         extracting C:\Program Files\NetBeans-16\netbeans\enterprise\update_tracking\org-netbeans-modules-micronaut.xml
[2024-09-21 10:20:16.310]:         extracting C:\Program Files\NetBeans-16\netbeans\enterprise\update_tracking\org-netbeans-modules-websocket.xml
[2024-09-21 10:20:16.310]:         extracting C:\Program Files\NetBeans-16\netbeans\enterprise\update_tracking\org-netbeans-modules-web-debug.xml
[2024-09-21 10:20:16.311]:         extracting C:\Program Files\NetBeans-16\netbeans\enterprise\update_tracking\org-netbeans-modules-j2ee-core.xml
[2024-09-21 10:20:16.312]:         extracting C:\Program Files\NetBeans-16\netbeans\enterprise\config\Modules\org-netbeans-modules-maven-j2ee.xml
[2024-09-21 10:20:16.313]:         extracting C:\Program Files\NetBeans-16\netbeans\enterprise\config\Modules\org-netbeans-modules-j2eeserver.xml
[2024-09-21 10:20:16.314]:         extracting C:\Program Files\NetBeans-16\netbeans\enterprise\config\Modules\org-netbeans-modules-websvc-kit.xml
[2024-09-21 10:20:16.315]:         extracting C:\Program Files\NetBeans-16\netbeans\enterprise\config\Modules\org-netbeans-modules-web-jsfapi.xml
[2024-09-21 10:20:16.315]:         extracting C:\Program Files\NetBeans-16\netbeans\enterprise\config\Modules\org-netbeans-modules-web-struts.xml
[2024-09-21 10:20:16.317]:         extracting C:\Program Files\NetBeans-16\netbeans\enterprise\config\Modules\org-netbeans-modules-javaee-api.xml
[2024-09-21 10:20:16.317]:         extracting C:\Program Files\NetBeans-16\netbeans\groovy\update_tracking\org-netbeans-modules-gradle-groovy.xml
[2024-09-21 10:20:16.318]:         extracting C:\Program Files\NetBeans-16\netbeans\groovy\update_tracking\org-netbeans-modules-groovy-editor.xml
[2024-09-21 10:20:16.319]:         extracting C:\Program Files\NetBeans-16\netbeans\groovy\config\Modules\org-netbeans-modules-groovy-support.xml
[2024-09-21 10:20:16.320]:         extracting C:\Program Files\NetBeans-16\netbeans\groovy\config\Modules\org-netbeans-modules-groovy-samples.xml
[2024-09-21 10:20:16.321]:         extracting C:\Program Files\NetBeans-16\netbeans\enterprise\modules\org-netbeans-modules-javaee-resources.jar
[2024-09-21 10:20:16.323]:         extracting C:\Program Files\NetBeans-16\netbeans\enterprise\modules\org-netbeans-modules-payara-jakartaee.jar
[2024-09-21 10:20:16.326]:         extracting C:\Program Files\NetBeans-16\netbeans\enterprise\modules\org-netbeans-modules-websvc-utilities.jar
[2024-09-21 10:20:16.328]:         extracting C:\Program Files\NetBeans-16\netbeans\enterprise\modules\org-netbeans-modules-glassfish-common.jar
[2024-09-21 10:20:16.334]:         extracting C:\Program Files\NetBeans-16\netbeans\enterprise\modules\org-netbeans-modules-glassfish-javaee.jar
[2024-09-21 10:20:16.337]:         extracting C:\Program Files\NetBeans-16\netbeans\enterprise\modules\org-netbeans-modules-websvc-metro-lib.jar
[2024-09-21 10:20:16.339]:         extracting C:\Program Files\NetBeans-16\netbeans\enterprise\modules\org-netbeans-modules-websvc-clientapi.jar
[2024-09-21 10:20:16.340]:         extracting C:\Program Files\NetBeans-16\netbeans\enterprise\modules\ext\aws-sdk\aws-java-sdk-kms-1.11.569.jar
[2024-09-21 10:20:16.344]:         extracting C:\Program Files\NetBeans-16\netbeans\enterprise\modules\ext\jaxrs-2.1\jakarta.ws.rs-api-2.1.6.jar
[2024-09-21 10:20:16.347]:         extracting C:\Program Files\NetBeans-16\netbeans\enterprise\modules\ext\javaee6-endorsed\javax.annotation.jar
[2024-09-21 10:20:16.348]:         extracting C:\Program Files\NetBeans-16\netbeans\enterprise\modules\ext\android-json-0.0.20131108.vaadin1.jar
[2024-09-21 10:20:16.349]:         extracting C:\Program Files\NetBeans-16\netbeans\enterprise\modules\ext\jersey2\jakarta.servlet-api-4.0.4.jar
[2024-09-21 10:20:16.350]:         extracting C:\Program Files\NetBeans-16\netbeans\enterprise\modules\ext\resilience4j-circuitbreaker-1.2.0.jar
[2024-09-21 10:20:16.351]:         extracting C:\Program Files\NetBeans-16\netbeans\enterprise\modules\org-netbeans-modules-web-jsf-icefaces.jar
[2024-09-21 10:20:16.353]:         extracting C:\Program Files\NetBeans-16\netbeans\enterprise\modules\org-netbeans-modules-websvc-websvcapi.jar
[2024-09-21 10:20:16.354]:         extracting C:\Program Files\NetBeans-16\netbeans\enterprise\update_tracking\org-netbeans-modules-j2eeapis.xml
[2024-09-21 10:20:16.355]:         extracting C:\Program Files\NetBeans-16\netbeans\enterprise\update_tracking\org-netbeans-modules-web-core.xml
[2024-09-21 10:20:16.356]:         extracting C:\Program Files\NetBeans-16\netbeans\enterprise\update_tracking\org-netbeans-modules-j2ee-kit.xml
[2024-09-21 10:20:16.357]:         extracting C:\Program Files\NetBeans-16\netbeans\enterprise\update_tracking\org-netbeans-modules-j2ee-ant.xml
[2024-09-21 10:20:16.358]:         extracting C:\Program Files\NetBeans-16\netbeans\enterprise\update_tracking\org-netbeans-modules-el-lexer.xml
[2024-09-21 10:20:16.359]:         extracting C:\Program Files\NetBeans-16\netbeans\enterprise\config\Modules\org-netbeans-modules-jsp-lexer.xml
[2024-09-21 10:20:16.359]:         extracting C:\Program Files\NetBeans-16\netbeans\enterprise\config\Modules\org-netbeans-modules-web-jsf12.xml
[2024-09-21 10:20:16.360]:         extracting C:\Program Files\NetBeans-16\netbeans\enterprise\config\Modules\org-netbeans-modules-web-beans.xml
[2024-09-21 10:20:16.361]:         extracting C:\Program Files\NetBeans-16\netbeans\enterprise\config\Modules\org-netbeans-api-web-webmodule.xml
[2024-09-21 10:20:16.361]:         extracting C:\Program Files\NetBeans-16\netbeans\enterprise\config\Modules\org-netbeans-modules-web-jsf20.xml
[2024-09-21 10:20:16.362]:         extracting C:\Program Files\NetBeans-16\netbeans\enterprise\config\Modules\org-netbeans-modules-micronaut.xml
[2024-09-21 10:20:16.363]:         extracting C:\Program Files\NetBeans-16\netbeans\enterprise\config\Modules\org-netbeans-modules-websocket.xml
[2024-09-21 10:20:16.364]:         extracting C:\Program Files\NetBeans-16\netbeans\enterprise\config\Modules\org-netbeans-modules-web-debug.xml
[2024-09-21 10:20:16.365]:         extracting C:\Program Files\NetBeans-16\netbeans\enterprise\config\Modules\org-netbeans-modules-j2ee-core.xml
[2024-09-21 10:20:16.365]:         extracting C:\Program Files\NetBeans-16\netbeans\groovy\update_tracking\org-netbeans-modules-maven-groovy.xml
[2024-09-21 10:20:16.367]:         extracting C:\Program Files\NetBeans-16\netbeans\groovy\update_tracking\org-netbeans-modules-groovy-debug.xml
[2024-09-21 10:20:16.367]:         extracting C:\Program Files\NetBeans-16\netbeans\groovy\config\Modules\org-netbeans-modules-gradle-groovy.xml
[2024-09-21 10:20:16.368]:         extracting C:\Program Files\NetBeans-16\netbeans\groovy\config\Modules\org-netbeans-modules-groovy-editor.xml
[2024-09-21 10:20:16.369]:         extracting C:\Program Files\NetBeans-16\netbeans\enterprise\modules\org-netbeans-modules-web-refactoring.jar
[2024-09-21 10:20:16.372]:         extracting C:\Program Files\NetBeans-16\netbeans\enterprise\modules\org-netbeans-modules-weblogic-common.jar
[2024-09-21 10:20:16.374]:         extracting C:\Program Files\NetBeans-16\netbeans\enterprise\modules\org-netbeans-modules-web-client-rest.jar
[2024-09-21 10:20:16.375]:         extracting C:\Program Files\NetBeans-16\netbeans\enterprise\modules\org-netbeans-libs-commons_fileupload.jar
[2024-09-21 10:20:16.377]:         extracting C:\Program Files\NetBeans-16\netbeans\enterprise\modules\org-netbeans-modules-web-core-syntax.jar
[2024-09-21 10:20:16.380]:         extracting C:\Program Files\NetBeans-16\netbeans\enterprise\modules\org-netbeans-modules-payara-eecommon.jar
[2024-09-21 10:20:16.384]:         extracting C:\Program Files\NetBeans-16\netbeans\enterprise\modules\org-netbeans-modules-j2ee-sun-appsrv.jar
[2024-09-21 10:20:16.388]:         extracting C:\Program Files\NetBeans-16\netbeans\enterprise\modules\org-netbeans-modules-j2ee-earproject.jar
[2024-09-21 10:20:16.391]:         extracting C:\Program Files\NetBeans-16\netbeans\enterprise\modules\ext\aws-sdk\aws-java-sdk-s3-1.11.569.jar
[2024-09-21 10:20:16.397]:         extracting C:\Program Files\NetBeans-16\netbeans\enterprise\modules\ext\oci-java-sdk-workrequests-2.27.0.jar
[2024-09-21 10:20:16.400]:         extracting C:\Program Files\NetBeans-16\netbeans\enterprise\modules\org-netbeans-modules-websvc-jaxwsapi.jar
[2024-09-21 10:20:16.401]:         extracting C:\Program Files\NetBeans-16\netbeans\enterprise\update_tracking\org-netbeans-modules-tomcat5.xml
[2024-09-21 10:20:16.402]:         extracting C:\Program Files\NetBeans-16\netbeans\enterprise\update_tracking\org-netbeans-modules-web-kit.xml
[2024-09-21 10:20:16.403]:         extracting C:\Program Files\NetBeans-16\netbeans\enterprise\update_tracking\org-netbeans-modules-j2ee-dd.xml
[2024-09-21 10:20:16.403]:         extracting C:\Program Files\NetBeans-16\netbeans\enterprise\update_tracking\org-netbeans-modules-web-jsf.xml
[2024-09-21 10:20:16.404]:         extracting C:\Program Files\NetBeans-16\netbeans\enterprise\config\Modules\org-netbeans-modules-j2eeapis.xml
[2024-09-21 10:20:16.405]:         extracting C:\Program Files\NetBeans-16\netbeans\enterprise\config\Modules\org-netbeans-modules-web-core.xml
[2024-09-21 10:20:16.406]:         extracting C:\Program Files\NetBeans-16\netbeans\enterprise\config\Modules\org-netbeans-modules-j2ee-kit.xml
[2024-09-21 10:20:16.406]:         extracting C:\Program Files\NetBeans-16\netbeans\enterprise\config\Modules\org-netbeans-modules-j2ee-ant.xml
[2024-09-21 10:20:16.407]:         extracting C:\Program Files\NetBeans-16\netbeans\enterprise\config\Modules\org-netbeans-modules-el-lexer.xml
[2024-09-21 10:20:16.409]:         extracting C:\Program Files\NetBeans-16\netbeans\enterprise\ant\sources\org\netbeans\modules\web\project\ant
[2024-09-21 10:20:16.409]:         extracting C:\Program Files\NetBeans-16\netbeans\groovy\update_tracking\org-netbeans-modules-libs-groovy.xml
[2024-09-21 10:20:16.409]:         extracting C:\Program Files\NetBeans-16\netbeans\groovy\config\Modules\org-netbeans-modules-maven-groovy.xml
[2024-09-21 10:20:16.410]:         extracting C:\Program Files\NetBeans-16\netbeans\groovy\config\Modules\org-netbeans-modules-groovy-debug.xml
[2024-09-21 10:20:16.410]:         extracting C:\Program Files\NetBeans-16\netbeans\enterprise\modules\org-netbeans-modules-websvc-restapi.jar
[2024-09-21 10:20:16.413]:         extracting C:\Program Files\NetBeans-16\netbeans\enterprise\modules\org-netbeans-modules-jakartaee8-api.jar
[2024-09-21 10:20:16.414]:         extracting C:\Program Files\NetBeans-16\netbeans\enterprise\modules\org-netbeans-modules-jakartaee9-api.jar
[2024-09-21 10:20:16.418]:         extracting C:\Program Files\NetBeans-16\netbeans\enterprise\modules\org-netbeans-modules-web-bootsfaces.jar
[2024-09-21 10:20:16.419]:         extracting C:\Program Files\NetBeans-16\netbeans\enterprise\modules\org-netbeans-modules-payara-tooling.jar
[2024-09-21 10:20:16.423]:         extracting C:\Program Files\NetBeans-16\netbeans\enterprise\modules\org-netbeans-modules-websvc-restlib.jar
[2024-09-21 10:20:16.424]:         extracting C:\Program Files\NetBeans-16\netbeans\enterprise\modules\org-netbeans-modules-j2ee-ddloaders.jar
[2024-09-21 10:20:16.431]:         extracting C:\Program Files\NetBeans-16\netbeans\enterprise\modules\org-netbeans-modules-web-primefaces.jar
[2024-09-21 10:20:16.432]:         extracting C:\Program Files\NetBeans-16\netbeans\enterprise\modules\org-netbeans-modules-web-jsf-editor.jar
[2024-09-21 10:20:16.436]:         extracting C:\Program Files\NetBeans-16\netbeans\enterprise\modules\org-netbeans-modules-websvc-restkit.jar
[2024-09-21 10:20:16.436]:         extracting C:\Program Files\NetBeans-16\netbeans\enterprise\modules\org-netbeans-libs-glassfish_logging.jar
[2024-09-21 10:20:16.438]:         extracting C:\Program Files\NetBeans-16\netbeans\enterprise\modules\org-netbeans-modules-javaee-wildfly.jar
[2024-09-21 10:20:16.452]:         extracting C:\Program Files\NetBeans-16\netbeans\enterprise\modules\org-netbeans-modules-javaee-project.jar
[2024-09-21 10:20:16.455]:         extracting C:\Program Files\NetBeans-16\netbeans\enterprise\modules\ext\jakarta.jakartaee-web-api-8.0.0.jar
[2024-09-21 10:20:16.465]:         extracting C:\Program Files\NetBeans-16\netbeans\enterprise\modules\ext\jakarta.jakartaee-web-api-9.0.0.jar
[2024-09-21 10:20:16.474]:         extracting C:\Program Files\NetBeans-16\netbeans\enterprise\modules\ext\struts\commons-fileupload-1.1.1.jar
[2024-09-21 10:20:16.475]:         extracting C:\Program Files\NetBeans-16\netbeans\enterprise\modules\ext\jackson\jackson-databind-2.12.0.jar
[2024-09-21 10:20:16.482]:         extracting C:\Program Files\NetBeans-16\netbeans\enterprise\modules\org-netbeans-modules-websvc-manager.jar
[2024-09-21 10:20:16.485]:         extracting C:\Program Files\NetBeans-16\netbeans\enterprise\update_tracking\org-netbeans-modules-web-el.xml
[2024-09-21 10:20:16.486]:         extracting C:\Program Files\NetBeans-16\netbeans\enterprise\config\Modules\org-netbeans-modules-tomcat5.xml
[2024-09-21 10:20:16.488]:         extracting C:\Program Files\NetBeans-16\netbeans\enterprise\config\Modules\org-netbeans-modules-web-kit.xml
[2024-09-21 10:20:16.489]:         extracting C:\Program Files\NetBeans-16\netbeans\enterprise\config\Modules\org-netbeans-modules-j2ee-dd.xml
[2024-09-21 10:20:16.490]:         extracting C:\Program Files\NetBeans-16\netbeans\enterprise\config\Modules\org-netbeans-modules-web-jsf.xml
[2024-09-21 10:20:16.490]:         extracting C:\Program Files\NetBeans-16\netbeans\groovy\modules\org-netbeans-modules-groovy-refactoring.jar
[2024-09-21 10:20:16.493]:         extracting C:\Program Files\NetBeans-16\netbeans\groovy\update_tracking\org-netbeans-modules-groovy-kit.xml
[2024-09-21 10:20:16.493]:         extracting C:\Program Files\NetBeans-16\netbeans\groovy\update_tracking\org-netbeans-modules-groovy-gsp.xml
[2024-09-21 10:20:16.494]:         extracting C:\Program Files\NetBeans-16\netbeans\groovy\config\Modules\org-netbeans-modules-libs-groovy.xml
[2024-09-21 10:20:16.495]:         extracting C:\Program Files\NetBeans-16\netbeans\enterprise\modules\org-netbeans-modules-servletjspapi.jar
[2024-09-21 10:20:16.496]:         extracting C:\Program Files\NetBeans-16\netbeans\enterprise\modules\org-netbeans-modules-spring-webmvc.jar
[2024-09-21 10:20:16.500]:         extracting C:\Program Files\NetBeans-16\netbeans\enterprise\modules\org-netbeans-modules-j2ee-sun-ddui.jar
[2024-09-21 10:20:16.505]:         extracting C:\Program Files\NetBeans-16\netbeans\enterprise\modules\org-netbeans-modules-websvc-design.jar
[2024-09-21 10:20:16.509]:         extracting C:\Program Files\NetBeans-16\netbeans\enterprise\modules\org-netbeans-modules-gradle-javaee.jar
[2024-09-21 10:20:16.511]:         extracting C:\Program Files\NetBeans-16\netbeans\enterprise\modules\org-netbeans-modules-payara-common.jar
[2024-09-21 10:20:16.518]:         extracting C:\Program Files\NetBeans-16\netbeans\enterprise\modules\org-netbeans-modules-web-jspparser.jar
[2024-09-21 10:20:16.520]:         extracting C:\Program Files\NetBeans-16\netbeans\enterprise\modules\org-netbeans-modules-profiler-j2ee.jar
[2024-09-21 10:20:16.521]:         extracting C:\Program Files\NetBeans-16\netbeans\enterprise\modules\ext\aws-sdk\jmespath-java-1.11.569.jar
[2024-09-21 10:20:16.522]:         extracting C:\Program Files\NetBeans-16\netbeans\enterprise\modules\ext\struts\struts-scripting-1.3.10.jar
[2024-09-21 10:20:16.524]:         extracting C:\Program Files\NetBeans-16\netbeans\enterprise\modules\ext\struts\commons-validator-1.3.1.jar
[2024-09-21 10:20:16.526]:         extracting C:\Program Files\NetBeans-16\netbeans\enterprise\modules\ext\struts\commons-beanutils-1.8.0.jar
[2024-09-21 10:20:16.527]:         extracting C:\Program Files\NetBeans-16\netbeans\enterprise\modules\ext\jersey-media-json-jackson-2.34.jar
[2024-09-21 10:20:16.530]:         extracting C:\Program Files\NetBeans-16\netbeans\enterprise\modules\ext\javaee6-endorsed\jaxb-api-osgi.jar
[2024-09-21 10:20:16.532]:         extracting C:\Program Files\NetBeans-16\netbeans\enterprise\modules\ext\jersey2\jersey-media-moxy-2.34.jar
[2024-09-21 10:20:16.533]:         extracting C:\Program Files\NetBeans-16\netbeans\enterprise\modules\ext\javaee7-endorsed\jaxb-api-osgi.jar
[2024-09-21 10:20:16.537]:         extracting C:\Program Files\NetBeans-16\netbeans\enterprise\modules\org-netbeans-modules-j2ee-platform.jar
[2024-09-21 10:20:16.538]:         extracting C:\Program Files\NetBeans-16\netbeans\enterprise\config\Modules\org-netbeans-modules-web-el.xml
[2024-09-21 10:20:16.539]:         extracting C:\Program Files\NetBeans-16\netbeans\groovy\modules\org-netbeans-modules-groovy-antproject.jar
[2024-09-21 10:20:16.541]:         extracting C:\Program Files\NetBeans-16\netbeans\groovy\config\Modules\org-netbeans-modules-groovy-kit.xml
[2024-09-21 10:20:16.541]:         extracting C:\Program Files\NetBeans-16\netbeans\groovy\config\Modules\org-netbeans-modules-groovy-gsp.xml
[2024-09-21 10:20:16.542]:         extracting C:\Program Files\NetBeans-16\netbeans\enterprise\modules\org-netbeans-modules-cloud-common.jar
[2024-09-21 10:20:16.543]:         extracting C:\Program Files\NetBeans-16\netbeans\enterprise\modules\org-netbeans-modules-cloud-oracle.jar
[2024-09-21 10:20:16.545]:         extracting C:\Program Files\NetBeans-16\netbeans\enterprise\modules\org-netbeans-modules-cloud-amazon.jar
[2024-09-21 10:20:16.547]:         extracting C:\Program Files\NetBeans-16\netbeans\enterprise\modules\org-netbeans-modules-payara-micro.jar
[2024-09-21 10:20:16.550]:         extracting C:\Program Files\NetBeans-16\netbeans\enterprise\modules\org-netbeans-modules-web-freeform.jar
[2024-09-21 10:20:16.552]:         extracting C:\Program Files\NetBeans-16\netbeans\enterprise\modules\org-netbeans-modules-j2ee-ejbcore.jar
[2024-09-21 10:20:16.557]:         extracting C:\Program Files\NetBeans-16\netbeans\enterprise\update_tracking\org-netbeans-libs-jackson.xml
[2024-09-21 10:20:16.558]:         extracting C:\Program Files\NetBeans-16\netbeans\enterprise\modules\org-netbeans-modules-javaee7-api.jar
[2024-09-21 10:20:16.559]:         extracting C:\Program Files\NetBeans-16\netbeans\enterprise\modules\org-netbeans-modules-web-project.jar
[2024-09-21 10:20:16.565]:         extracting C:\Program Files\NetBeans-16\netbeans\enterprise\modules\org-netbeans-modules-websvc-core.jar
[2024-09-21 10:20:16.572]:         extracting C:\Program Files\NetBeans-16\netbeans\enterprise\modules\org-netbeans-modules-websvc-rest.jar
[2024-09-21 10:20:16.579]:         extracting C:\Program Files\NetBeans-16\netbeans\enterprise\modules\org-netbeans-modules-web-jsf-kit.jar
[2024-09-21 10:20:16.583]:         extracting C:\Program Files\NetBeans-16\netbeans\enterprise\modules\org-netbeans-modules-web-monitor.jar
[2024-09-21 10:20:16.585]:         extracting C:\Program Files\NetBeans-16\netbeans\enterprise\modules\org-netbeans-modules-maven-jaxws.jar
[2024-09-21 10:20:16.591]:         extracting C:\Program Files\NetBeans-16\netbeans\enterprise\modules\org-netbeans-modules-javaee8-api.jar
[2024-09-21 10:20:16.592]:         extracting C:\Program Files\NetBeans-16\netbeans\enterprise\modules\org-netbeans-modules-web-jsf12ri.jar
[2024-09-21 10:20:16.593]:         extracting C:\Program Files\NetBeans-16\netbeans\enterprise\modules\org-netbeans-modules-websvc-owsm.jar
[2024-09-21 10:20:16.595]:         extracting C:\Program Files\NetBeans-16\netbeans\enterprise\modules\org-netbeans-modules-j2ee-sun-dd.jar
[2024-09-21 10:20:16.609]:         extracting C:\Program Files\NetBeans-16\netbeans\enterprise\modules\org-netbeans-modules-j2ee-common.jar
[2024-09-21 10:20:16.611]:         extracting C:\Program Files\NetBeans-16\netbeans\enterprise\modules\ext\oci-java-sdk-identity-2.27.0.jar
[2024-09-21 10:20:16.623]:         extracting C:\Program Files\NetBeans-16\netbeans\enterprise\modules\ext\struts\commons-logging-1.0.4.jar
[2024-09-21 10:20:16.624]:         extracting C:\Program Files\NetBeans-16\netbeans\enterprise\modules\ext\jakarta.activation-api-1.2.1.jar
[2024-09-21 10:20:16.625]:         extracting C:\Program Files\NetBeans-16\netbeans\enterprise\modules\ext\jersey-apache-connector-2.34.jar
[2024-09-21 10:20:16.626]:         extracting C:\Program Files\NetBeans-16\netbeans\enterprise\modules\ext\jersey2\jakarta.inject-2.6.1.jar
[2024-09-21 10:20:16.627]:         extracting C:\Program Files\NetBeans-16\netbeans\enterprise\modules\ext\oci-java-sdk-database-2.27.0.jar
[2024-09-21 10:20:16.652]:         extracting C:\Program Files\NetBeans-16\netbeans\enterprise\update_tracking\org-netbeans-libs-amazon.xml
[2024-09-21 10:20:16.654]:         extracting C:\Program Files\NetBeans-16\netbeans\enterprise\update_tracking\org-netbeans-libs-elimpl.xml
[2024-09-21 10:20:16.655]:         extracting C:\Program Files\NetBeans-16\netbeans\enterprise\config\Modules\org-netbeans-libs-jackson.xml
[2024-09-21 10:20:16.655]:         extracting C:\Program Files\NetBeans-16\netbeans\enterprise\ant\sources\org\netbeans\modules\web\project
[2024-09-21 10:20:16.656]:         extracting C:\Program Files\NetBeans-16\netbeans\enterprise\modules\org-netbeans-modules-web-jsfapi.jar
[2024-09-21 10:20:16.657]:         extracting C:\Program Files\NetBeans-16\netbeans\enterprise\modules\org-netbeans-modules-javaee-api.jar
[2024-09-21 10:20:16.657]:         extracting C:\Program Files\NetBeans-16\netbeans\enterprise\modules\org-netbeans-modules-maven-j2ee.jar
[2024-09-21 10:20:16.662]:         extracting C:\Program Files\NetBeans-16\netbeans\enterprise\modules\org-netbeans-modules-web-struts.jar
[2024-09-21 10:20:16.669]:         extracting C:\Program Files\NetBeans-16\netbeans\enterprise\modules\org-netbeans-modules-websvc-kit.jar
[2024-09-21 10:20:16.671]:         extracting C:\Program Files\NetBeans-16\netbeans\enterprise\modules\ext\jakarta.jakartaee-api-8.0.0.jar
[2024-09-21 10:20:16.680]:         extracting C:\Program Files\NetBeans-16\netbeans\enterprise\modules\ext\struts\struts-taglib-1.3.10.jar
[2024-09-21 10:20:16.682]:         extracting C:\Program Files\NetBeans-16\netbeans\enterprise\modules\ext\struts\commons-digester-1.8.jar
[2024-09-21 10:20:16.684]:         extracting C:\Program Files\NetBeans-16\netbeans\enterprise\modules\ext\struts\struts-extras-1.3.10.jar
[2024-09-21 10:20:16.686]:         extracting C:\Program Files\NetBeans-16\netbeans\enterprise\modules\ext\metro\webservices-extra-api.jar
[2024-09-21 10:20:16.687]:         extracting C:\Program Files\NetBeans-16\netbeans\enterprise\modules\ext\javaee7-endorsed\jsr181-api.jar
[2024-09-21 10:20:16.688]:         extracting C:\Program Files\NetBeans-16\netbeans\enterprise\modules\ext\jakarta.jakartaee-api-9.0.0.jar
[2024-09-21 10:20:16.699]:         extracting C:\Program Files\NetBeans-16\netbeans\enterprise\modules\ext\jackson\jackson-core-2.12.0.jar
[2024-09-21 10:20:16.701]:         extracting C:\Program Files\NetBeans-16\netbeans\enterprise\modules\org-netbeans-modules-j2eeserver.jar
[2024-09-21 10:20:16.706]:         extracting C:\Program Files\NetBeans-16\netbeans\enterprise\config\Modules\org-netbeans-libs-amazon.xml
[2024-09-21 10:20:16.707]:         extracting C:\Program Files\NetBeans-16\netbeans\enterprise\config\Modules\org-netbeans-libs-elimpl.xml
[2024-09-21 10:20:16.709]:         extracting C:\Program Files\NetBeans-16\netbeans\enterprise\ant\nblib\org-netbeans-modules-j2ee-ant.jar
[2024-09-21 10:20:16.710]:         extracting C:\Program Files\NetBeans-16\netbeans\groovy\modules\org-netbeans-modules-groovy-support.jar
[2024-09-21 10:20:16.713]:         extracting C:\Program Files\NetBeans-16\netbeans\groovy\modules\org-netbeans-modules-groovy-samples.jar
[2024-09-21 10:20:16.716]:         extracting C:\Program Files\NetBeans-16\netbeans\enterprise\modules\org-netbeans-modules-web-debug.jar
[2024-09-21 10:20:16.718]:         extracting C:\Program Files\NetBeans-16\netbeans\enterprise\modules\org-netbeans-modules-j2ee-core.jar
[2024-09-21 10:20:16.719]:         extracting C:\Program Files\NetBeans-16\netbeans\enterprise\modules\org-netbeans-modules-web-jsf20.jar
[2024-09-21 10:20:16.719]:         extracting C:\Program Files\NetBeans-16\netbeans\enterprise\modules\org-netbeans-modules-websocket.jar
[2024-09-21 10:20:16.721]:         extracting C:\Program Files\NetBeans-16\netbeans\enterprise\modules\org-netbeans-modules-jsp-lexer.jar
[2024-09-21 10:20:16.723]:         extracting C:\Program Files\NetBeans-16\netbeans\enterprise\modules\org-netbeans-modules-micronaut.jar
[2024-09-21 10:20:16.725]:         extracting C:\Program Files\NetBeans-16\netbeans\enterprise\modules\org-netbeans-api-web-webmodule.jar
[2024-09-21 10:20:16.726]:         extracting C:\Program Files\NetBeans-16\netbeans\enterprise\modules\org-netbeans-modules-web-beans.jar
[2024-09-21 10:20:16.732]:         extracting C:\Program Files\NetBeans-16\netbeans\enterprise\modules\ext\oci-java-sdk-common-2.27.0.jar
[2024-09-21 10:20:16.735]:         extracting C:\Program Files\NetBeans-16\netbeans\enterprise\modules\ext\oci-java-sdk-devops-2.27.0.jar
[2024-09-21 10:20:16.747]:         extracting C:\Program Files\NetBeans-16\netbeans\enterprise\modules\ext\struts\struts-faces-1.3.10.jar
[2024-09-21 10:20:16.748]:         extracting C:\Program Files\NetBeans-16\netbeans\enterprise\modules\ext\struts\struts-tiles-1.3.10.jar
[2024-09-21 10:20:16.750]:         extracting C:\Program Files\NetBeans-16\netbeans\enterprise\modules\ext\jersey2\jersey-server-2.34.jar
[2024-09-21 10:20:16.755]:         extracting C:\Program Files\NetBeans-16\netbeans\enterprise\modules\ext\jersey2\jersey-client-2.34.jar
[2024-09-21 10:20:16.757]:         extracting C:\Program Files\NetBeans-16\netbeans\enterprise\modules\ext\jersey2\jersey-common-2.34.jar
[2024-09-21 10:20:16.762]:         extracting C:\Program Files\NetBeans-16\netbeans\enterprise\modules\ext\jersey2\jersey-core-1.18.6.jar
[2024-09-21 10:20:16.766]:         extracting C:\Program Files\NetBeans-16\netbeans\enterprise\modules\ext\javaee7-endorsed\jaxws-api.jar
[2024-09-21 10:20:16.766]:         extracting C:\Program Files\NetBeans-16\netbeans\enterprise\modules\org-netbeans-modules-web-jsf12.jar
[2024-09-21 10:20:16.768]:         extracting C:\Program Files\NetBeans-16\netbeans\enterprise\update_tracking\org-netbeans-libs-jstl.xml
[2024-09-21 10:20:16.769]:         extracting C:\Program Files\NetBeans-16\netbeans\groovy\modules\org-netbeans-modules-groovy-editor.jar
[2024-09-21 10:20:16.775]:         extracting C:\Program Files\NetBeans-16\netbeans\groovy\modules\org-netbeans-modules-gradle-groovy.jar
[2024-09-21 10:20:16.776]:         extracting C:\Program Files\NetBeans-16\netbeans\enterprise\modules\org-netbeans-modules-web-core.jar
[2024-09-21 10:20:16.784]:         extracting C:\Program Files\NetBeans-16\netbeans\enterprise\modules\org-netbeans-modules-el-lexer.jar
[2024-09-21 10:20:16.785]:         extracting C:\Program Files\NetBeans-16\netbeans\enterprise\modules\org-netbeans-modules-j2eeapis.jar
[2024-09-21 10:20:16.787]:         extracting C:\Program Files\NetBeans-16\netbeans\enterprise\modules\org-netbeans-modules-j2ee-kit.jar
[2024-09-21 10:20:16.788]:         extracting C:\Program Files\NetBeans-16\netbeans\enterprise\modules\org-netbeans-modules-j2ee-ant.jar
[2024-09-21 10:20:16.790]:         extracting C:\Program Files\NetBeans-16\netbeans\enterprise\modules\ext\struts\struts-core-1.3.10.jar
[2024-09-21 10:20:16.793]:         extracting C:\Program Files\NetBeans-16\netbeans\enterprise\modules\ext\jersey2\hk2-locator-2.6.1.jar
[2024-09-21 10:20:16.796]:         extracting C:\Program Files\NetBeans-16\netbeans\enterprise\modules\ext\primefaces\primefaces-5.0.jar
[2024-09-21 10:20:16.806]:         extracting C:\Program Files\NetBeans-16\netbeans\enterprise\config\Modules\org-netbeans-libs-jstl.xml
[2024-09-21 10:20:16.807]:         extracting C:\Program Files\NetBeans-16\netbeans\groovy\modules\org-netbeans-modules-maven-groovy.jar
[2024-09-21 10:20:16.808]:         extracting C:\Program Files\NetBeans-16\netbeans\groovy\modules\org-netbeans-modules-groovy-debug.jar
[2024-09-21 10:20:16.809]:         extracting C:\Program Files\NetBeans-16\netbeans\enterprise\modules\org-netbeans-modules-web-kit.jar
[2024-09-21 10:20:16.810]:         extracting C:\Program Files\NetBeans-16\netbeans\enterprise\modules\org-netbeans-modules-tomcat5.jar
[2024-09-21 10:20:16.815]:         extracting C:\Program Files\NetBeans-16\netbeans\enterprise\modules\org-netbeans-modules-web-jsf.jar
[2024-09-21 10:20:16.825]:         extracting C:\Program Files\NetBeans-16\netbeans\enterprise\modules\org-netbeans-modules-j2ee-dd.jar
[2024-09-21 10:20:16.869]:         extracting C:\Program Files\NetBeans-16\netbeans\enterprise\modules\ext\aws-sdk\httpclient-4.5.5.jar
[2024-09-21 10:20:16.874]:         extracting C:\Program Files\NetBeans-16\netbeans\enterprise\modules\ext\struts\commons-chain-1.2.jar
[2024-09-21 10:20:16.875]:         extracting C:\Program Files\NetBeans-16\netbeans\groovy\modules\org-netbeans-modules-libs-groovy.jar
[2024-09-21 10:20:16.876]:         extracting C:\Program Files\NetBeans-16\netbeans\enterprise\modules\org-netbeans-modules-web-el.jar
[2024-09-21 10:20:16.879]:         extracting C:\Program Files\NetBeans-16\netbeans\enterprise\modules\ext\oci-java-sdk-adm-2.27.0.jar
[2024-09-21 10:20:16.882]:         extracting C:\Program Files\NetBeans-16\netbeans\enterprise\modules\ext\aws-sdk\joda-time-2.8.1.jar
[2024-09-21 10:20:16.884]:         extracting C:\Program Files\NetBeans-16\netbeans\enterprise\modules\ext\struts\struts-el-1.3.10.jar
[2024-09-21 10:20:16.888]:         extracting C:\Program Files\NetBeans-16\netbeans\enterprise\modules\ext\metro\webservices-tools.jar
[2024-09-21 10:20:16.900]:         extracting C:\Program Files\NetBeans-16\netbeans\enterprise\modules\ext\metro\webservices-extra.jar
[2024-09-21 10:20:16.905]:         extracting C:\Program Files\NetBeans-16\netbeans\enterprise\modules\ext\glassfish-jspparser-4.0.jar
[2024-09-21 10:20:16.908]:         extracting C:\Program Files\NetBeans-16\netbeans\enterprise\modules\ext\jersey2\osgi.core-8.0.0.jar
[2024-09-21 10:20:16.911]:         extracting C:\Program Files\NetBeans-16\netbeans\enterprise\modules\ext\jersey2\hk2-utils-2.6.1.jar
[2024-09-21 10:20:16.913]:         extracting C:\Program Files\NetBeans-16\netbeans\enterprise\modules\ext\jersey2\jersey-hk2-2.34.jar
[2024-09-21 10:20:16.914]:         extracting C:\Program Files\NetBeans-16\netbeans\enterprise\modules\ext\resilience4j-core-1.2.0.jar
[2024-09-21 10:20:16.916]:         extracting C:\Program Files\NetBeans-16\netbeans\groovy\modules\org-netbeans-modules-groovy-kit.jar
[2024-09-21 10:20:16.918]:         extracting C:\Program Files\NetBeans-16\netbeans\groovy\modules\org-netbeans-modules-groovy-gsp.jar
[2024-09-21 10:20:16.919]:         extracting C:\Program Files\NetBeans-16\netbeans\enterprise\modules\ext\aws-sdk\httpcore-4.4.9.jar
[2024-09-21 10:20:16.921]:         extracting C:\Program Files\NetBeans-16\netbeans\enterprise\modules\ext\aws-sdk\ion-java-1.0.2.jar
[2024-09-21 10:20:16.924]:         extracting C:\Program Files\NetBeans-16\netbeans\enterprise\modules\ext\commons-fileupload-1.4.jar
[2024-09-21 10:20:16.927]:         extracting C:\Program Files\NetBeans-16\netbeans\enterprise\modules\ext\nimbus-jose-jwt-9.11.1.jar
[2024-09-21 10:20:16.931]:         extracting C:\Program Files\NetBeans-16\netbeans\enterprise\docs\webservices-extra-api-javadoc.jar
[2024-09-21 10:20:16.936]:         extracting C:\Program Files\NetBeans-16\netbeans\enterprise\modules\org-netbeans-libs-jackson.jar
[2024-09-21 10:20:16.937]:         extracting C:\Program Files\NetBeans-16\netbeans\enterprise\modules\ext\struts\standard-1.0.6.jar
[2024-09-21 10:20:16.940]:         extracting C:\Program Files\NetBeans-16\netbeans\enterprise\modules\ext\struts\commons-io-1.1.jar
[2024-09-21 10:20:16.941]:         extracting C:\Program Files\NetBeans-16\netbeans\enterprise\modules\ext\metro\webservices-api.jar
[2024-09-21 10:20:16.943]:         extracting C:\Program Files\NetBeans-16\netbeans\enterprise\modules\ext\jersey2\hk2-api-2.6.1.jar
[2024-09-21 10:20:16.945]:         extracting C:\Program Files\NetBeans-16\netbeans\enterprise\modules\ext\servlet3.1-jsp2.3-api.jar
[2024-09-21 10:20:16.948]:         extracting C:\Program Files\NetBeans-16\netbeans\enterprise\modules\org-netbeans-libs-amazon.jar
[2024-09-21 10:20:16.948]:         extracting C:\Program Files\NetBeans-16\netbeans\enterprise\modules\org-netbeans-libs-elimpl.jar
[2024-09-21 10:20:16.951]:         extracting C:\Program Files\NetBeans-16\netbeans\enterprise\modules\ext\metro\webservices-rt.jar
[2024-09-21 10:20:17.029]:         extracting C:\Program Files\NetBeans-16\netbeans\enterprise\ant\sources\org\netbeans\modules\web
[2024-09-21 10:20:17.029]:         extracting C:\Program Files\NetBeans-16\netbeans\enterprise\modules\ext\jsf-2_2\javax.faces.jar
[2024-09-21 10:20:17.048]:         extracting C:\Program Files\NetBeans-16\netbeans\enterprise\modules\org-netbeans-libs-jstl.jar
[2024-09-21 10:20:17.049]:         extracting C:\Program Files\NetBeans-16\netbeans\enterprise\modules\ext\javaee-web-api-7.0.jar
[2024-09-21 10:20:17.056]:         extracting C:\Program Files\NetBeans-16\netbeans\enterprise\modules\ext\struts\antlr-2.7.2.jar
[2024-09-21 10:20:17.059]:         extracting C:\Program Files\NetBeans-16\netbeans\enterprise\modules\ext\javaee-web-api-8.0.jar
[2024-09-21 10:20:17.067]:         extracting C:\Program Files\NetBeans-16\netbeans\enterprise\modules\ext\javaee-web-api-6.0.jar
[2024-09-21 10:20:17.073]:         extracting C:\Program Files\NetBeans-16\netbeans\enterprise\docs\webservices-extra-javadoc.jar
[2024-09-21 10:20:17.083]:         extracting C:\Program Files\NetBeans-16\netbeans\enterprise\docs\webservices-tools-javadoc.jar
[2024-09-21 10:20:17.110]:         extracting C:\Program Files\NetBeans-16\netbeans\enterprise\modules\ext\struts\jstl-1.0.2.jar
[2024-09-21 10:20:17.113]:         extracting C:\Program Files\NetBeans-16\netbeans\enterprise\modules\ext\logging-api-1.0.4.jar
[2024-09-21 10:20:17.115]:         extracting C:\Program Files\NetBeans-16\netbeans\enterprise\modules\ext\vavr-match-0.10.2.jar
[2024-09-21 10:20:17.117]:         extracting C:\Program Files\NetBeans-16\netbeans\enterprise\modules\ext\struts\oro-2.0.8.jar
[2024-09-21 10:20:17.120]:         extracting C:\Program Files\NetBeans-16\netbeans\enterprise\modules\ext\struts\bsf-2.3.0.jar
[2024-09-21 10:20:17.122]:         extracting C:\Program Files\NetBeans-16\netbeans\enterprise\modules\ext\jsf-1_2\jsf-impl.jar
[2024-09-21 10:20:17.132]:         extracting C:\Program Files\NetBeans-16\netbeans\enterprise\docs\webservices-api-javadoc.jar
[2024-09-21 10:20:17.140]:         extracting C:\Program Files\NetBeans-16\netbeans\enterprise\ant\sources\org\netbeans\modules
[2024-09-21 10:20:17.140]:         extracting C:\Program Files\NetBeans-16\netbeans\enterprise\modules\ext\jsf-2_2\license.txt
[2024-09-21 10:20:17.140]:         extracting C:\Program Files\NetBeans-16\netbeans\enterprise\modules\ext\jsf-1_2\jsf-api.jar
[2024-09-21 10:20:17.144]:         extracting C:\Program Files\NetBeans-16\netbeans\enterprise\docs\webservices-rt-javadoc.jar
[2024-09-21 10:20:17.282]:         extracting C:\Program Files\NetBeans-16\netbeans\enterprise\modules\ext\javaee-api-7.0.jar
[2024-09-21 10:20:17.292]:         extracting C:\Program Files\NetBeans-16\netbeans\enterprise\modules\ext\jsp-parser-ext.jar
[2024-09-21 10:20:17.293]:         extracting C:\Program Files\NetBeans-16\netbeans\enterprise\modules\ext\javaee-api-8.0.jar
[2024-09-21 10:20:17.302]:         extracting C:\Program Files\NetBeans-16\netbeans\enterprise\modules\ext\javaee-api-6.0.jar
[2024-09-21 10:20:17.307]:         extracting C:\Program Files\NetBeans-16\netbeans\enterprise\docs\struts-1.3.10-javadoc.zip
[2024-09-21 10:20:17.324]:         extracting C:\Program Files\NetBeans-16\netbeans\enterprise\modules\ext\javaee-api-5.jar
[2024-09-21 10:20:17.327]:         extracting C:\Program Files\NetBeans-16\netbeans\enterprise\modules\ext\jsr305-3.0.2.jar
[2024-09-21 10:20:17.328]:         extracting C:\Program Files\NetBeans-16\netbeans\enterprise\modules\ext\javaee6-endorsed
[2024-09-21 10:20:17.328]:         extracting C:\Program Files\NetBeans-16\netbeans\enterprise\modules\ext\javaee7-endorsed
[2024-09-21 10:20:17.328]:         extracting C:\Program Files\NetBeans-16\netbeans\groovy\modules\ext\groovy-ant-3.0.8.jar
[2024-09-21 10:20:17.331]:         extracting C:\Program Files\NetBeans-16\netbeans\enterprise\modules\ext\vavr-0.10.2.jar
[2024-09-21 10:20:17.335]:         extracting C:\Program Files\NetBeans-16\netbeans\enterprise\docs\jakartaee8-doc-api.jar
[2024-09-21 10:20:17.390]:         extracting C:\Program Files\NetBeans-16\netbeans\enterprise\docs\jakartaee9-doc-api.jar
[2024-09-21 10:20:17.448]:         extracting C:\Program Files\NetBeans-16\netbeans\enterprise\modules\ext\jsr88javax.jar
[2024-09-21 10:20:17.450]:         extracting C:\Program Files\NetBeans-16\netbeans\enterprise\modules\ext\jstl-impl.jar
[2024-09-21 10:20:17.452]:         extracting C:\Program Files\NetBeans-16\netbeans\enterprise\modules\ext\jstl-api.jar
[2024-09-21 10:20:17.454]:         extracting C:\Program Files\NetBeans-16\netbeans\enterprise\modules\ext\build-ws.xml
[2024-09-21 10:20:17.455]:         extracting C:\Program Files\NetBeans-16\netbeans\enterprise\ant\extra\jspcompile.jar
[2024-09-21 10:20:17.456]:         extracting C:\Program Files\NetBeans-16\netbeans\enterprise\ant\sources\org\netbeans
[2024-09-21 10:20:17.456]:         extracting C:\Program Files\NetBeans-16\netbeans\groovy\modules\ext\groovy-3.0.8.jar
[2024-09-21 10:20:17.489]:         extracting C:\Program Files\NetBeans-16\netbeans\enterprise\modules\ext\el-impl.jar
[2024-09-21 10:20:17.491]:         extracting C:\Program Files\NetBeans-16\netbeans\enterprise\docs\javaee-doc-api.jar
[2024-09-21 10:20:17.549]:         extracting C:\Program Files\NetBeans-16\netbeans\enterprise\modules\ext\primefaces
[2024-09-21 10:20:17.549]:         extracting C:\Program Files\NetBeans-16\netbeans\enterprise\modules\ext\jaxrs-2.1
[2024-09-21 10:20:17.549]:         extracting C:\Program Files\NetBeans-16\netbeans\enterprise\docs\jsf-api-docs.zip
[2024-09-21 10:20:17.560]:         extracting C:\Program Files\NetBeans-16\netbeans\enterprise\docs\jsf12-tlddoc.zip
[2024-09-21 10:20:17.562]:         extracting C:\Program Files\NetBeans-16\netbeans\enterprise\docs\struts-tags.zip
[2024-09-21 10:20:17.565]:         extracting C:\Program Files\NetBeans-16\netbeans\enterprise\docs\syntaxref20.zip
[2024-09-21 10:20:17.566]:         extracting C:\Program Files\NetBeans-16\netbeans\enterprise\modules\ext\aws-sdk
[2024-09-21 10:20:17.566]:         extracting C:\Program Files\NetBeans-16\netbeans\enterprise\modules\ext\jsf-2_2
[2024-09-21 10:20:17.566]:         extracting C:\Program Files\NetBeans-16\netbeans\enterprise\modules\ext\jersey2
[2024-09-21 10:20:17.566]:         extracting C:\Program Files\NetBeans-16\netbeans\enterprise\modules\ext\jsf-1_2
[2024-09-21 10:20:17.566]:         extracting C:\Program Files\NetBeans-16\netbeans\enterprise\modules\ext\jackson
[2024-09-21 10:20:17.566]:         extracting C:\Program Files\NetBeans-16\netbeans\enterprise\docs\jstl11-doc.zip
[2024-09-21 10:20:17.569]:         extracting C:\Program Files\NetBeans-16\netbeans\enterprise\modules\ext\struts
[2024-09-21 10:20:17.569]:         extracting C:\Program Files\NetBeans-16\netbeans\enterprise\modules\ext\metro
[2024-09-21 10:20:17.569]:         extracting C:\Program Files\NetBeans-16\netbeans\enterprise\update_tracking
[2024-09-21 10:20:17.569]:         extracting C:\Program Files\NetBeans-16\netbeans\enterprise\ant\sources\org
[2024-09-21 10:20:17.569]:         extracting C:\Program Files\NetBeans-16\netbeans\enterprise\config\Modules
[2024-09-21 10:20:17.569]:         extracting C:\Program Files\NetBeans-16\netbeans\enterprise\.lastModified
[2024-09-21 10:20:17.570]:         extracting C:\Program Files\NetBeans-16\netbeans\enterprise\modules\ext
[2024-09-21 10:20:17.570]:         extracting C:\Program Files\NetBeans-16\netbeans\enterprise\ant\sources
[2024-09-21 10:20:17.570]:         extracting C:\Program Files\NetBeans-16\netbeans\enterprise\VERSION.txt
[2024-09-21 10:20:17.571]:         extracting C:\Program Files\NetBeans-16\netbeans\groovy\update_tracking
[2024-09-21 10:20:17.571]:         extracting C:\Program Files\NetBeans-16\netbeans\groovy\config\Modules
[2024-09-21 10:20:17.571]:         extracting C:\Program Files\NetBeans-16\netbeans\enterprise\ant\nblib
[2024-09-21 10:20:17.571]:         extracting C:\Program Files\NetBeans-16\netbeans\enterprise\ant\extra
[2024-09-21 10:20:17.571]:         extracting C:\Program Files\NetBeans-16\netbeans\groovy\.lastModified
[2024-09-21 10:20:17.572]:         extracting C:\Program Files\NetBeans-16\netbeans\enterprise\modules
[2024-09-21 10:20:17.572]:         extracting C:\Program Files\NetBeans-16\netbeans\groovy\modules\ext
[2024-09-21 10:20:17.572]:         extracting C:\Program Files\NetBeans-16\netbeans\groovy\VERSION.txt
[2024-09-21 10:20:17.573]:         extracting C:\Program Files\NetBeans-16\netbeans\enterprise\config
[2024-09-21 10:20:17.573]:         extracting C:\Program Files\NetBeans-16\netbeans\enterprise\docs
[2024-09-21 10:20:17.573]:         extracting C:\Program Files\NetBeans-16\netbeans\enterprise\ant
[2024-09-21 10:20:17.574]:         extracting C:\Program Files\NetBeans-16\netbeans\groovy\modules
[2024-09-21 10:20:17.574]:         extracting C:\Program Files\NetBeans-16\netbeans\groovy\config
[2024-09-21 10:20:17.574]:         extracting C:\Program Files\NetBeans-16\netbeans\enterprise
[2024-09-21 10:20:17.574]:         extracting C:\Program Files\NetBeans-16\netbeans\groovy
[2024-09-21 10:20:17.574]:         extracting C:\Program Files\NetBeans-16\netbeans
[2024-09-21 10:20:17.576]:         deleting file: C:\Users\monal\.nbi\tmp\data,1.jar.3
[2024-09-21 10:20:17.595]:         ... saving legal artifacts if required
[2024-09-21 10:20:17.595]:         ... running installation logic
[2024-09-21 10:20:17.595]:         NameResolver - to parse C:\Program Files\NetBeans-16
[2024-09-21 10:20:17.595]:         NameResolver - to parse C:\Program Files\NetBeans-16
[2024-09-21 10:20:17.595]:         Modifying netbeans.conf for NetBeans installed at C:\Program Files\NetBeans-16 by adding cluster "enterprise"
[2024-09-21 10:20:17.597]:         ... initial list of clusters : 
[2024-09-21 10:20:17.597]:             # Licensed to the Apache Software Foundation (ASF) under one
[2024-09-21 10:20:17.597]:             # or more contributor license agreements.  See the NOTICE file
[2024-09-21 10:20:17.597]:             # distributed with this work for additional information
[2024-09-21 10:20:17.597]:             # regarding copyright ownership.  The ASF licenses this file
[2024-09-21 10:20:17.597]:             # to you under the Apache License, Version 2.0 (the
[2024-09-21 10:20:17.597]:             # "License"); you may not use this file except in compliance
[2024-09-21 10:20:17.597]:             # with the License.  You may obtain a copy of the License at
[2024-09-21 10:20:17.597]:             #
[2024-09-21 10:20:17.597]:             #   http://www.apache.org/licenses/LICENSE-2.0
[2024-09-21 10:20:17.597]:             #
[2024-09-21 10:20:17.597]:             # Unless required by applicable law or agreed to in writing,
[2024-09-21 10:20:17.597]:             # software distributed under the License is distributed on an
[2024-09-21 10:20:17.597]:             # "AS IS" BASIS, WITHOUT WARRANTIES OR CONDITIONS OF ANY
[2024-09-21 10:20:17.597]:             # KIND, either express or implied.  See the License for the
[2024-09-21 10:20:17.597]:             # specific language governing permissions and limitations
[2024-09-21 10:20:17.597]:             # under the License.
[2024-09-21 10:20:17.597]:             
[2024-09-21 10:20:17.597]:             # platform cluster first
[2024-09-21 10:20:17.597]:             platform
[2024-09-21 10:20:17.597]:             # application cluster second
[2024-09-21 10:20:17.597]:             nb
[2024-09-21 10:20:17.598]:             # ergonomics cluster if present
[2024-09-21 10:20:17.598]:             ergonomics
[2024-09-21 10:20:17.598]:             # and now the rest
[2024-09-21 10:20:17.598]:             ide
[2024-09-21 10:20:17.598]:             extide
[2024-09-21 10:20:17.598]:             java
[2024-09-21 10:20:17.598]:             apisupport
[2024-09-21 10:20:17.598]:             webcommon
[2024-09-21 10:20:17.598]:             websvccommon
[2024-09-21 10:20:17.598]:             enterprise
[2024-09-21 10:20:17.598]:             mobility
[2024-09-21 10:20:17.598]:             profiler
[2024-09-21 10:20:17.598]:             python
[2024-09-21 10:20:17.598]:             php
[2024-09-21 10:20:17.598]:             identity
[2024-09-21 10:20:17.598]:             harness
[2024-09-21 10:20:17.598]:             cnd
[2024-09-21 10:20:17.598]:             cndext
[2024-09-21 10:20:17.598]:             cpplite
[2024-09-21 10:20:17.598]:             dlight
[2024-09-21 10:20:17.598]:             groovy
[2024-09-21 10:20:17.598]:             extra
[2024-09-21 10:20:17.598]:             javacard
[2024-09-21 10:20:17.598]:             javafx
[2024-09-21 10:20:17.598]:         ... requested cluster already exist, do nothing
[2024-09-21 10:20:17.598]:             child = apisupport
[2024-09-21 10:20:17.598]:             child = bin
[2024-09-21 10:20:17.598]:             child = cpplite
[2024-09-21 10:20:17.598]:             child = DEPENDENCIES
[2024-09-21 10:20:17.599]:             child = enterprise
[2024-09-21 10:20:17.599]:             child = ergonomics
[2024-09-21 10:20:17.599]:             child = etc
[2024-09-21 10:20:17.599]:             child = extide
[2024-09-21 10:20:17.599]:             child = groovy
[2024-09-21 10:20:17.599]:             child = harness
[2024-09-21 10:20:17.599]:             child = ide
[2024-09-21 10:20:17.605]:             child = java
[2024-09-21 10:20:17.605]:             child = javafx
[2024-09-21 10:20:17.605]:             child = LICENSE
[2024-09-21 10:20:17.605]:             child = licenses
[2024-09-21 10:20:17.605]:             child = nb
[2024-09-21 10:20:17.606]:         NameResolver - to parse C:\Program Files\NetBeans-16
[2024-09-21 10:20:17.606]:         ... loading registry from resource:data/registry.xml
[2024-09-21 10:20:17.619]:         entering -- org.netbeans.installer.product.Registry.loadProductRegistry():981
[2024-09-21 10:20:17.619]:         validating previous installations
[2024-09-21 10:20:17.620]:         ... validating installations finished
[2024-09-21 10:20:17.620]:         exiting -- org.netbeans.installer.product.Registry.loadProductRegistry():981
[2024-09-21 10:20:17.621]:         ... register in system, create uninstaller, etc
[2024-09-21 10:20:17.621]:         ... save installation files list
[2024-09-21 10:20:17.661]:     ... finished installation of Java EE(nb-javaee/16.0.0.221119.0)
[2024-09-21 10:20:17.870]:     NameResolver - to parse Installing {0}...
[2024-09-21 10:20:17.870]:     Start installation of PHP(nb-php/16.0.0.221119.0)
[2024-09-21 10:20:17.870]:         NameResolver - to parse C:\Program Files\NetBeans-16
[2024-09-21 10:20:17.870]:         NameResolver - to parse C:\Program Files\NetBeans-16
[2024-09-21 10:20:17.871]:         NameResolver - to parse C:\Program Files\NetBeans-16
[2024-09-21 10:20:17.871]:         NameResolver - to parse C:\Program Files\NetBeans-16
[2024-09-21 10:20:17.871]:         ... extracting files from the data archives
[2024-09-21 10:20:17.871]:         NameResolver - to parse C:\Program Files\NetBeans-16
[2024-09-21 10:20:17.881]:         deleting file: C:\Users\monal\AppData\Local\Temp\nbi-1685345753184210184.tmp
[2024-09-21 10:20:17.881]:         extracting C:\Program Files\NetBeans-16\netbeans\php\update_tracking\org-netbeans-modules-spellchecker-bindings-php.xml
[2024-09-21 10:20:17.883]:         extracting C:\Program Files\NetBeans-16\netbeans\php\config\Modules\org-netbeans-modules-spellchecker-bindings-php.xml
[2024-09-21 10:20:17.885]:         extracting C:\Program Files\NetBeans-16\netbeans\php\update_tracking\org-netbeans-modules-websvc-saas-codegen-php.xml
[2024-09-21 10:20:17.888]:         extracting C:\Program Files\NetBeans-16\netbeans\php\config\Modules\org-netbeans-modules-websvc-saas-codegen-php.xml
[2024-09-21 10:20:17.888]:         extracting C:\Program Files\NetBeans-16\netbeans\php\update_tracking\org-netbeans-modules-php-api-documentation.xml
[2024-09-21 10:20:17.889]:         extracting C:\Program Files\NetBeans-16\netbeans\php\config\Modules\org-netbeans-modules-php-api-documentation.xml
[2024-09-21 10:20:17.890]:         extracting C:\Program Files\NetBeans-16\netbeans\php\update_tracking\org-netbeans-modules-php-api-executable.xml
[2024-09-21 10:20:17.891]:         extracting C:\Program Files\NetBeans-16\netbeans\php\update_tracking\org-netbeans-modules-php-api-annotation.xml
[2024-09-21 10:20:17.891]:         extracting C:\Program Files\NetBeans-16\netbeans\php\modules\org-netbeans-modules-spellchecker-bindings-php.jar
[2024-09-21 10:20:17.893]:         extracting C:\Program Files\NetBeans-16\netbeans\php\update_tracking\org-netbeans-modules-php-api-phpmodule.xml
[2024-09-21 10:20:17.893]:         extracting C:\Program Files\NetBeans-16\netbeans\php\update_tracking\org-netbeans-modules-php-code-analysis.xml
[2024-09-21 10:20:17.894]:         extracting C:\Program Files\NetBeans-16\netbeans\php\update_tracking\org-netbeans-modules-php-api-framework.xml
[2024-09-21 10:20:17.895]:         extracting C:\Program Files\NetBeans-16\netbeans\php\update_tracking\org-netbeans-modules-php-api-templates.xml
[2024-09-21 10:20:17.895]:         extracting C:\Program Files\NetBeans-16\netbeans\php\config\Modules\org-netbeans-modules-php-api-executable.xml
[2024-09-21 10:20:17.895]:         extracting C:\Program Files\NetBeans-16\netbeans\php\config\Modules\org-netbeans-modules-php-api-annotation.xml
[2024-09-21 10:20:17.897]:         extracting C:\Program Files\NetBeans-16\netbeans\php\update_tracking\org-netbeans-modules-php-nette-tester.xml
[2024-09-21 10:20:17.898]:         extracting C:\Program Files\NetBeans-16\netbeans\php\config\Modules\org-netbeans-modules-php-api-phpmodule.xml
[2024-09-21 10:20:17.898]:         extracting C:\Program Files\NetBeans-16\netbeans\php\config\Modules\org-netbeans-modules-php-code-analysis.xml
[2024-09-21 10:20:17.899]:         extracting C:\Program Files\NetBeans-16\netbeans\php\config\Modules\org-netbeans-modules-php-api-framework.xml
[2024-09-21 10:20:17.899]:         extracting C:\Program Files\NetBeans-16\netbeans\php\config\Modules\org-netbeans-modules-php-api-templates.xml
[2024-09-21 10:20:17.900]:         extracting C:\Program Files\NetBeans-16\netbeans\php\modules\org-netbeans-modules-websvc-saas-codegen-php.jar
[2024-09-21 10:20:17.902]:         extracting C:\Program Files\NetBeans-16\netbeans\php\update_tracking\org-netbeans-modules-php-api-testing.xml
[2024-09-21 10:20:17.902]:         extracting C:\Program Files\NetBeans-16\netbeans\php\update_tracking\org-netbeans-modules-php-codeception.xml
[2024-09-21 10:20:17.904]:         extracting C:\Program Files\NetBeans-16\netbeans\php\update_tracking\org-netbeans-modules-php-refactoring.xml
[2024-09-21 10:20:17.904]:         extracting C:\Program Files\NetBeans-16\netbeans\php\config\Modules\org-netbeans-modules-php-nette-tester.xml
[2024-09-21 10:20:17.905]:         extracting C:\Program Files\NetBeans-16\netbeans\php\update_tracking\org-netbeans-modules-php-api-editor.xml
[2024-09-21 10:20:17.906]:         extracting C:\Program Files\NetBeans-16\netbeans\php\update_tracking\org-netbeans-modules-languages-neon.xml
[2024-09-21 10:20:17.906]:         extracting C:\Program Files\NetBeans-16\netbeans\php\config\Modules\org-netbeans-modules-php-api-testing.xml
[2024-09-21 10:20:17.908]:         extracting C:\Program Files\NetBeans-16\netbeans\php\config\Modules\org-netbeans-modules-php-codeception.xml
[2024-09-21 10:20:17.909]:         extracting C:\Program Files\NetBeans-16\netbeans\php\config\Modules\org-netbeans-modules-php-refactoring.xml
[2024-09-21 10:20:17.910]:         extracting C:\Program Files\NetBeans-16\netbeans\php\modules\org-netbeans-modules-php-api-documentation.jar
[2024-09-21 10:20:17.912]:         extracting C:\Program Files\NetBeans-16\netbeans\php\update_tracking\org-netbeans-modules-selenium2-php.xml
[2024-09-21 10:20:17.913]:         extracting C:\Program Files\NetBeans-16\netbeans\php\update_tracking\org-netbeans-modules-php-doctrine2.xml
[2024-09-21 10:20:17.913]:         extracting C:\Program Files\NetBeans-16\netbeans\php\config\Modules\org-netbeans-modules-php-api-editor.xml
[2024-09-21 10:20:17.914]:         extracting C:\Program Files\NetBeans-16\netbeans\php\config\Modules\org-netbeans-modules-languages-neon.xml
[2024-09-21 10:20:17.915]:         extracting C:\Program Files\NetBeans-16\netbeans\php\update_tracking\org-netbeans-modules-php-composer.xml
[2024-09-21 10:20:17.916]:         extracting C:\Program Files\NetBeans-16\netbeans\php\update_tracking\org-netbeans-modules-php-symfony2.xml
[2024-09-21 10:20:17.916]:         extracting C:\Program Files\NetBeans-16\netbeans\php\config\Modules\org-netbeans-modules-selenium2-php.xml
[2024-09-21 10:20:17.917]:         extracting C:\Program Files\NetBeans-16\netbeans\php\config\Modules\org-netbeans-modules-php-doctrine2.xml
[2024-09-21 10:20:17.918]:         extracting C:\Program Files\NetBeans-16\netbeans\php\update_tracking\org-netbeans-modules-php-samples.xml
[2024-09-21 10:20:17.919]:         extracting C:\Program Files\NetBeans-16\netbeans\php\update_tracking\org-netbeans-modules-php-project.xml
[2024-09-21 10:20:17.920]:         extracting C:\Program Files\NetBeans-16\netbeans\php\update_tracking\org-netbeans-modules-php-phpunit.xml
[2024-09-21 10:20:17.921]:         extracting C:\Program Files\NetBeans-16\netbeans\php\update_tracking\org-netbeans-modules-php-symfony.xml
[2024-09-21 10:20:17.922]:         extracting C:\Program Files\NetBeans-16\netbeans\php\config\Modules\org-netbeans-modules-php-composer.xml
[2024-09-21 10:20:17.922]:         extracting C:\Program Files\NetBeans-16\netbeans\php\config\Modules\org-netbeans-modules-php-symfony2.xml
[2024-09-21 10:20:17.923]:         extracting C:\Program Files\NetBeans-16\netbeans\php\modules\org-netbeans-modules-php-api-annotation.jar
[2024-09-21 10:20:17.925]:         extracting C:\Program Files\NetBeans-16\netbeans\php\modules\org-netbeans-modules-php-api-executable.jar
[2024-09-21 10:20:17.927]:         extracting C:\Program Files\NetBeans-16\netbeans\php\update_tracking\org-netbeans-modules-php-smarty.xml
[2024-09-21 10:20:17.928]:         extracting C:\Program Files\NetBeans-16\netbeans\php\update_tracking\org-netbeans-modules-php-nette2.xml
[2024-09-21 10:20:17.928]:         extracting C:\Program Files\NetBeans-16\netbeans\php\update_tracking\org-netbeans-modules-php-apigen.xml
[2024-09-21 10:20:17.929]:         extracting C:\Program Files\NetBeans-16\netbeans\php\update_tracking\org-netbeans-modules-php-phpdoc.xml
[2024-09-21 10:20:17.930]:         extracting C:\Program Files\NetBeans-16\netbeans\php\update_tracking\org-netbeans-modules-php-editor.xml
[2024-09-21 10:20:17.930]:         extracting C:\Program Files\NetBeans-16\netbeans\php\update_tracking\org-netbeans-modules-hudson-php.xml
[2024-09-21 10:20:17.931]:         extracting C:\Program Files\NetBeans-16\netbeans\php\config\Modules\org-netbeans-modules-php-samples.xml
[2024-09-21 10:20:17.931]:         extracting C:\Program Files\NetBeans-16\netbeans\php\config\Modules\org-netbeans-modules-php-project.xml
[2024-09-21 10:20:17.932]:         extracting C:\Program Files\NetBeans-16\netbeans\php\config\Modules\org-netbeans-modules-php-phpunit.xml
[2024-09-21 10:20:17.932]:         extracting C:\Program Files\NetBeans-16\netbeans\php\config\Modules\org-netbeans-modules-php-symfony.xml
[2024-09-21 10:20:17.934]:         extracting C:\Program Files\NetBeans-16\netbeans\php\modules\org-netbeans-modules-php-api-framework.jar
[2024-09-21 10:20:17.935]:         extracting C:\Program Files\NetBeans-16\netbeans\php\modules\org-netbeans-modules-php-api-phpmodule.jar
[2024-09-21 10:20:17.937]:         extracting C:\Program Files\NetBeans-16\netbeans\php\modules\org-netbeans-modules-php-code-analysis.jar
[2024-09-21 10:20:17.939]:         extracting C:\Program Files\NetBeans-16\netbeans\php\modules\org-netbeans-modules-php-api-templates.jar
[2024-09-21 10:20:17.940]:         extracting C:\Program Files\NetBeans-16\netbeans\php\update_tracking\org-netbeans-modules-php-phing.xml
[2024-09-21 10:20:17.940]:         extracting C:\Program Files\NetBeans-16\netbeans\php\update_tracking\org-netbeans-modules-php-zend2.xml
[2024-09-21 10:20:17.942]:         extracting C:\Program Files\NetBeans-16\netbeans\php\update_tracking\org-netbeans-modules-php-latte.xml
[2024-09-21 10:20:17.943]:         extracting C:\Program Files\NetBeans-16\netbeans\php\update_tracking\org-netbeans-modules-php-atoum.xml
[2024-09-21 10:20:17.944]:         extracting C:\Program Files\NetBeans-16\netbeans\php\config\Modules\org-netbeans-modules-php-smarty.xml
[2024-09-21 10:20:17.944]:         extracting C:\Program Files\NetBeans-16\netbeans\php\config\Modules\org-netbeans-modules-php-nette2.xml
[2024-09-21 10:20:17.945]:         extracting C:\Program Files\NetBeans-16\netbeans\php\config\Modules\org-netbeans-modules-php-apigen.xml
[2024-09-21 10:20:17.946]:         extracting C:\Program Files\NetBeans-16\netbeans\php\config\Modules\org-netbeans-modules-php-phpdoc.xml
[2024-09-21 10:20:17.947]:         extracting C:\Program Files\NetBeans-16\netbeans\php\config\Modules\org-netbeans-modules-php-editor.xml
[2024-09-21 10:20:17.947]:         extracting C:\Program Files\NetBeans-16\netbeans\php\config\Modules\org-netbeans-modules-hudson-php.xml
[2024-09-21 10:20:17.948]:         extracting C:\Program Files\NetBeans-16\netbeans\php\modules\org-netbeans-modules-php-nette-tester.jar
[2024-09-21 10:20:17.949]:         extracting C:\Program Files\NetBeans-16\netbeans\php\update_tracking\org-netbeans-modules-php-dbgp.xml
[2024-09-21 10:20:17.952]:         extracting C:\Program Files\NetBeans-16\netbeans\php\update_tracking\org-netbeans-modules-php-twig.xml
[2024-09-21 10:20:17.953]:         extracting C:\Program Files\NetBeans-16\netbeans\php\update_tracking\org-netbeans-modules-php-zend.xml
[2024-09-21 10:20:17.953]:         extracting C:\Program Files\NetBeans-16\netbeans\php\config\Modules\org-netbeans-modules-php-phing.xml
[2024-09-21 10:20:17.955]:         extracting C:\Program Files\NetBeans-16\netbeans\php\config\Modules\org-netbeans-modules-php-zend2.xml
[2024-09-21 10:20:17.955]:         extracting C:\Program Files\NetBeans-16\netbeans\php\config\Modules\org-netbeans-modules-php-latte.xml
[2024-09-21 10:20:17.957]:         extracting C:\Program Files\NetBeans-16\netbeans\php\config\Modules\org-netbeans-modules-php-atoum.xml
[2024-09-21 10:20:17.957]:         extracting C:\Program Files\NetBeans-16\netbeans\php\modules\org-netbeans-modules-php-api-testing.jar
[2024-09-21 10:20:17.958]:         extracting C:\Program Files\NetBeans-16\netbeans\php\modules\org-netbeans-modules-php-codeception.jar
[2024-09-21 10:20:17.960]:         extracting C:\Program Files\NetBeans-16\netbeans\php\modules\org-netbeans-modules-php-refactoring.jar
[2024-09-21 10:20:17.962]:         extracting C:\Program Files\NetBeans-16\netbeans\php\update_tracking\org-netbeans-modules-php-kit.xml
[2024-09-21 10:20:17.963]:         extracting C:\Program Files\NetBeans-16\netbeans\php\config\Modules\org-netbeans-modules-php-dbgp.xml
[2024-09-21 10:20:17.964]:         extracting C:\Program Files\NetBeans-16\netbeans\php\config\Modules\org-netbeans-modules-php-twig.xml
[2024-09-21 10:20:17.964]:         extracting C:\Program Files\NetBeans-16\netbeans\php\config\Modules\org-netbeans-modules-php-zend.xml
[2024-09-21 10:20:17.966]:         extracting C:\Program Files\NetBeans-16\netbeans\php\modules\org-netbeans-modules-php-api-editor.jar
[2024-09-21 10:20:17.967]:         extracting C:\Program Files\NetBeans-16\netbeans\php\modules\org-netbeans-modules-languages-neon.jar
[2024-09-21 10:20:17.968]:         extracting C:\Program Files\NetBeans-16\netbeans\php\config\Modules\org-netbeans-modules-php-kit.xml
[2024-09-21 10:20:17.969]:         extracting C:\Program Files\NetBeans-16\netbeans\php\modules\org-netbeans-modules-selenium2-php.jar
[2024-09-21 10:20:17.970]:         extracting C:\Program Files\NetBeans-16\netbeans\php\modules\org-netbeans-modules-php-doctrine2.jar
[2024-09-21 10:20:17.972]:         extracting C:\Program Files\NetBeans-16\netbeans\php\modules\org-netbeans-modules-php-composer.jar
[2024-09-21 10:20:17.974]:         extracting C:\Program Files\NetBeans-16\netbeans\php\modules\org-netbeans-modules-php-symfony2.jar
[2024-09-21 10:20:17.976]:         extracting C:\Program Files\NetBeans-16\netbeans\php\update_tracking\org-netbeans-libs-javacup.xml
[2024-09-21 10:20:17.976]:         extracting C:\Program Files\NetBeans-16\netbeans\php\modules\org-netbeans-modules-php-samples.jar
[2024-09-21 10:20:17.977]:         extracting C:\Program Files\NetBeans-16\netbeans\php\modules\org-netbeans-modules-php-phpunit.jar
[2024-09-21 10:20:17.981]:         extracting C:\Program Files\NetBeans-16\netbeans\php\modules\org-netbeans-modules-php-project.jar
[2024-09-21 10:20:17.992]:         extracting C:\Program Files\NetBeans-16\netbeans\php\modules\org-netbeans-modules-php-symfony.jar
[2024-09-21 10:20:17.994]:         extracting C:\Program Files\NetBeans-16\netbeans\php\config\Modules\org-netbeans-libs-javacup.xml
[2024-09-21 10:20:17.995]:         extracting C:\Program Files\NetBeans-16\netbeans\php\modules\org-netbeans-modules-php-phpdoc.jar
[2024-09-21 10:20:17.997]:         extracting C:\Program Files\NetBeans-16\netbeans\php\modules\org-netbeans-modules-hudson-php.jar
[2024-09-21 10:20:17.998]:         extracting C:\Program Files\NetBeans-16\netbeans\php\modules\org-netbeans-modules-php-editor.jar
[2024-09-21 10:20:18.023]:         extracting C:\Program Files\NetBeans-16\netbeans\php\modules\org-netbeans-modules-php-nette2.jar
[2024-09-21 10:20:18.025]:         extracting C:\Program Files\NetBeans-16\netbeans\php\modules\org-netbeans-modules-php-smarty.jar
[2024-09-21 10:20:18.028]:         extracting C:\Program Files\NetBeans-16\netbeans\php\modules\org-netbeans-modules-php-apigen.jar
[2024-09-21 10:20:18.030]:         extracting C:\Program Files\NetBeans-16\netbeans\php\modules\org-netbeans-modules-php-zend2.jar
[2024-09-21 10:20:18.031]:         extracting C:\Program Files\NetBeans-16\netbeans\php\modules\org-netbeans-modules-php-phing.jar
[2024-09-21 10:20:18.033]:         extracting C:\Program Files\NetBeans-16\netbeans\php\modules\org-netbeans-modules-php-atoum.jar
[2024-09-21 10:20:18.035]:         extracting C:\Program Files\NetBeans-16\netbeans\php\modules\org-netbeans-modules-php-latte.jar
[2024-09-21 10:20:18.040]:         extracting C:\Program Files\NetBeans-16\netbeans\php\modules\org-netbeans-modules-php-zend.jar
[2024-09-21 10:20:18.042]:         extracting C:\Program Files\NetBeans-16\netbeans\php\modules\org-netbeans-modules-php-dbgp.jar
[2024-09-21 10:20:18.047]:         extracting C:\Program Files\NetBeans-16\netbeans\php\modules\org-netbeans-modules-php-twig.jar
[2024-09-21 10:20:18.051]:         extracting C:\Program Files\NetBeans-16\netbeans\php\modules\org-netbeans-modules-php-kit.jar
[2024-09-21 10:20:18.053]:         extracting C:\Program Files\NetBeans-16\netbeans\php\modules\org-netbeans-libs-javacup.jar
[2024-09-21 10:20:18.055]:         extracting C:\Program Files\NetBeans-16\netbeans\php\zend\NetBeansCommandsProvider.php
[2024-09-21 10:20:18.058]:         extracting C:\Program Files\NetBeans-16\netbeans\php\modules\ext\java-cup-11a.jar
[2024-09-21 10:20:18.061]:         extracting C:\Program Files\NetBeans-16\netbeans\php\phpunit\NetBeansSuite.php
[2024-09-21 10:20:18.064]:         extracting C:\Program Files\NetBeans-16\netbeans\php\docs\predefined_vars.zip
[2024-09-21 10:20:18.065]:         extracting C:\Program Files\NetBeans-16\netbeans\php\docs\phpsigfiles.zip
[2024-09-21 10:20:18.071]:         extracting C:\Program Files\NetBeans-16\netbeans\php\update_tracking
[2024-09-21 10:20:18.071]:         extracting C:\Program Files\NetBeans-16\netbeans\php\config\Modules
[2024-09-21 10:20:18.071]:         extracting C:\Program Files\NetBeans-16\netbeans\php\.lastModified
[2024-09-21 10:20:18.073]:         extracting C:\Program Files\NetBeans-16\netbeans\php\modules\ext
[2024-09-21 10:20:18.073]:         extracting C:\Program Files\NetBeans-16\netbeans\php\VERSION.txt
[2024-09-21 10:20:18.074]:         extracting C:\Program Files\NetBeans-16\netbeans\php\modules
[2024-09-21 10:20:18.074]:         extracting C:\Program Files\NetBeans-16\netbeans\php\phpunit
[2024-09-21 10:20:18.074]:         extracting C:\Program Files\NetBeans-16\netbeans\php\config
[2024-09-21 10:20:18.075]:         extracting C:\Program Files\NetBeans-16\netbeans\php\zend
[2024-09-21 10:20:18.075]:         extracting C:\Program Files\NetBeans-16\netbeans\php\docs
[2024-09-21 10:20:18.075]:         extracting C:\Program Files\NetBeans-16\netbeans\php
[2024-09-21 10:20:18.075]:         extracting C:\Program Files\NetBeans-16\netbeans
[2024-09-21 10:20:18.076]:         deleting file: C:\Users\monal\.nbi\tmp\data,1.jar.4
[2024-09-21 10:20:18.077]:         ... saving legal artifacts if required
[2024-09-21 10:20:18.077]:         ... running installation logic
[2024-09-21 10:20:18.077]:         NameResolver - to parse C:\Program Files\NetBeans-16
[2024-09-21 10:20:18.077]:         NameResolver - to parse C:\Program Files\NetBeans-16
[2024-09-21 10:20:18.077]:         Modifying netbeans.conf for NetBeans installed at C:\Program Files\NetBeans-16 by adding cluster "php"
[2024-09-21 10:20:18.080]:         ... initial list of clusters : 
[2024-09-21 10:20:18.080]:             # Licensed to the Apache Software Foundation (ASF) under one
[2024-09-21 10:20:18.080]:             # or more contributor license agreements.  See the NOTICE file
[2024-09-21 10:20:18.080]:             # distributed with this work for additional information
[2024-09-21 10:20:18.080]:             # regarding copyright ownership.  The ASF licenses this file
[2024-09-21 10:20:18.080]:             # to you under the Apache License, Version 2.0 (the
[2024-09-21 10:20:18.080]:             # "License"); you may not use this file except in compliance
[2024-09-21 10:20:18.080]:             # with the License.  You may obtain a copy of the License at
[2024-09-21 10:20:18.080]:             #
[2024-09-21 10:20:18.080]:             #   http://www.apache.org/licenses/LICENSE-2.0
[2024-09-21 10:20:18.080]:             #
[2024-09-21 10:20:18.080]:             # Unless required by applicable law or agreed to in writing,
[2024-09-21 10:20:18.080]:             # software distributed under the License is distributed on an
[2024-09-21 10:20:18.080]:             # "AS IS" BASIS, WITHOUT WARRANTIES OR CONDITIONS OF ANY
[2024-09-21 10:20:18.080]:             # KIND, either express or implied.  See the License for the
[2024-09-21 10:20:18.080]:             # specific language governing permissions and limitations
[2024-09-21 10:20:18.080]:             # under the License.
[2024-09-21 10:20:18.080]:             
[2024-09-21 10:20:18.080]:             # platform cluster first
[2024-09-21 10:20:18.080]:             platform
[2024-09-21 10:20:18.080]:             # application cluster second
[2024-09-21 10:20:18.080]:             nb
[2024-09-21 10:20:18.080]:             # ergonomics cluster if present
[2024-09-21 10:20:18.080]:             ergonomics
[2024-09-21 10:20:18.080]:             # and now the rest
[2024-09-21 10:20:18.080]:             ide
[2024-09-21 10:20:18.080]:             extide
[2024-09-21 10:20:18.080]:             java
[2024-09-21 10:20:18.080]:             apisupport
[2024-09-21 10:20:18.080]:             webcommon
[2024-09-21 10:20:18.080]:             websvccommon
[2024-09-21 10:20:18.080]:             enterprise
[2024-09-21 10:20:18.080]:             mobility
[2024-09-21 10:20:18.080]:             profiler
[2024-09-21 10:20:18.080]:             python
[2024-09-21 10:20:18.080]:             php
[2024-09-21 10:20:18.080]:             identity
[2024-09-21 10:20:18.080]:             harness
[2024-09-21 10:20:18.080]:             cnd
[2024-09-21 10:20:18.080]:             cndext
[2024-09-21 10:20:18.080]:             cpplite
[2024-09-21 10:20:18.088]:             dlight
[2024-09-21 10:20:18.088]:             groovy
[2024-09-21 10:20:18.088]:             extra
[2024-09-21 10:20:18.088]:             javacard
[2024-09-21 10:20:18.088]:             javafx
[2024-09-21 10:20:18.088]:         ... requested cluster already exist, do nothing
[2024-09-21 10:20:18.089]:             child = apisupport
[2024-09-21 10:20:18.089]:             child = bin
[2024-09-21 10:20:18.089]:             child = cpplite
[2024-09-21 10:20:18.089]:             child = DEPENDENCIES
[2024-09-21 10:20:18.089]:             child = enterprise
[2024-09-21 10:20:18.089]:             child = ergonomics
[2024-09-21 10:20:18.089]:             child = etc
[2024-09-21 10:20:18.089]:             child = extide
[2024-09-21 10:20:18.089]:             child = groovy
[2024-09-21 10:20:18.089]:             child = harness
[2024-09-21 10:20:18.089]:             child = ide
[2024-09-21 10:20:18.089]:             child = java
[2024-09-21 10:20:18.089]:             child = javafx
[2024-09-21 10:20:18.089]:             child = LICENSE
[2024-09-21 10:20:18.089]:             child = licenses
[2024-09-21 10:20:18.089]:             child = nb
[2024-09-21 10:20:18.090]:         ... register in system, create uninstaller, etc
[2024-09-21 10:20:18.090]:         ... save installation files list
[2024-09-21 10:20:18.100]:     ... finished installation of PHP(nb-php/16.0.0.221119.0)
[2024-09-21 10:20:18.306]: ... finished products installation
[2024-09-21 10:20:18.306]: NameResolver - to parse &Help!
[2024-09-21 10:20:18.307]: NameResolver - to parse < &Back
[2024-09-21 10:20:18.307]: NameResolver - to parse &Next >
[2024-09-21 10:20:18.307]: NameResolver - to parse Cancel
[2024-09-21 10:20:18.308]: NameResolver - to parse Installation
[2024-09-21 10:20:18.308]: NameResolver - to parse Installation
[2024-09-21 10:20:18.309]: NameResolver - to parse Installation
[2024-09-21 10:20:18.309]: NameResolver - to parse Installation
[2024-09-21 10:20:18.309]: NameResolver - to parse Please wait while the installer installs Apache NetBeans IDE and runtimes.
[2024-09-21 10:20:18.310]: NameResolver - to parse Installation
[2024-09-21 10:20:18.310]: NameResolver - to parse Please wait while the installer installs Apache NetBeans IDE and runtimes.
[2024-09-21 10:20:18.311]: try temporary directory for sure : 
[2024-09-21 10:20:18.311]: running headless NetBeans IDE : 
[2024-09-21 10:20:18.312]: NameResolver - to parse C:\Program Files\NetBeans-16
[2024-09-21 10:20:18.312]:     nbLocation = C:\Program Files\NetBeans-16
[2024-09-21 10:20:18.312]:     ... empty URL of Extra UC.
[2024-09-21 10:20:18.312]:     .... check for updates
[2024-09-21 10:20:18.313]:     Run [C:\Program Files\NetBeans-16\netbeans\bin\netbeans.exe, --fork-java, -J-Dnetbeans.close=true, --nosplash, -J-Dorg.netbeans.core.WindowSystem.show=false, -J-Dplugin.manager.install.global=true, --userdir, C:\Users\monal\AppData\Local\Temp\tmpnb, --modules, --update-all]
[2024-09-21 10:20:18.317]: executing command: C:\Program Files\NetBeans-16\netbeans\bin\netbeans.exe --fork-java -J-Dnetbeans.close=true --nosplash -J-Dorg.netbeans.core.WindowSystem.show=false -J-Dplugin.manager.install.global=true --userdir C:\Users\monal\AppData\Local\Temp\tmpnb --modules --update-all, in directory: C:\Program Files\NetBeans-16
[2024-09-21 10:20:18.629]:     [stderr]: WARNING: package com.apple.eio not in java.desktop
[2024-09-21 10:20:18.629]:     [stderr]: WARNING: package sun.awt.X11 not in java.desktop
[2024-09-21 10:20:18.629]:     [stderr]: WARNING: package com.sun.java.swing.plaf.gtk not in java.desktop
[2024-09-21 10:20:24.127]:     [stdout]: Refreshing NetBeans Distribution
[2024-09-21 10:20:30.879]:     [stdout]: Refreshing NetBeans Plugin Portal
[2024-09-21 10:20:34.044]:     [stdout]: Refreshing Import plugins (disabled)
[2024-09-21 10:20:34.044]:     [stdout]: Refreshing null
[2024-09-21 10:20:34.044]:     [stdout]: Refreshing Third Party Libraries
[2024-09-21 10:20:34.292]:     [stdout]: Will update org.netbeans.modules.gradle.java@1.20.0.1 to version 1.20.1.1
[2024-09-21 10:20:34.292]:     [stdout]: Will update org.netbeans.modules.gradle@2.29 to version 2.29.1
[2024-09-21 10:20:34.483]:     [stdout]: updates=2
[2024-09-21 10:20:34.544]:     [stdout]: Establishing a connection ...
[2024-09-21 10:20:34.544]:     [stdout]: Establishing a connection ...
[2024-09-21 10:20:35.726]:     [stdout]: Gradle Java Projects
[2024-09-21 10:20:35.726]:     [stdout]: Gradle Java Projects
[2024-09-21 10:20:36.224]:     [stdout]: Gradle Java Projects
[2024-09-21 10:20:36.224]:     [stdout]: Gradle Java Projects
[2024-09-21 10:20:36.784]:     [stdout]: Gradle Projects
[2024-09-21 10:20:36.784]:     [stdout]: Gradle Projects
[2024-09-21 10:20:37.217]:     [stdout]: Gradle Projects
[2024-09-21 10:20:37.217]:     [stdout]: Gradle Projects
[2024-09-21 10:20:37.591]:     [stdout]: Gradle Projects
[2024-09-21 10:20:37.591]:     [stdout]: Gradle Projects
[2024-09-21 10:20:39.846]:     [stderr]: WARNING: package com.apple.eio not in java.desktop
[2024-09-21 10:20:39.846]:     [stderr]: WARNING: package sun.awt.X11 not in java.desktop
[2024-09-21 10:20:39.846]:     [stderr]: WARNING: package com.sun.java.swing.plaf.gtk not in java.desktop
[2024-09-21 10:20:41.034]:     [stderr]: WARNING: package com.apple.eio not in java.desktop
[2024-09-21 10:20:41.034]:     [stderr]: WARNING: package sun.awt.X11 not in java.desktop
[2024-09-21 10:20:41.034]:     [stderr]: WARNING: package com.sun.java.swing.plaf.gtk not in java.desktop
[2024-09-21 10:20:46.028]:     [stdout]: Updates not found.
[2024-09-21 10:20:46.028]:     [stdout]: updates=0
[2024-09-21 10:20:48.579]:     [return]: 0
[2024-09-21 10:20:48.579]: ... command execution finished
[2024-09-21 10:20:48.579]:     .... success 
[2024-09-21 10:20:48.579]:     ...... installed 0 new modules
[2024-09-21 10:20:48.579]:     ...... installed 2 updates
[2024-09-21 10:20:48.579]: CleanupNBMsIfLeft(C:\Program Files\NetBeans-16)
[2024-09-21 10:20:48.580]:    ... ... done
[2024-09-21 10:20:48.580]:     .... done. 
[2024-09-21 10:20:48.580]: preparing caches : 
[2024-09-21 10:20:48.580]:     temporary cache location = C:\Users\monal\AppData\Local\Temp\tmpnb\var\cache
[2024-09-21 10:20:48.580]:     zipping OSGi caches
[2024-09-21 10:20:48.932]:     .... success 
[2024-09-21 10:20:48.932]:     .... done. 
[2024-09-21 10:20:48.933]:     remove useless files from cache
[2024-09-21 10:20:49.015]: deleting file: C:\Users\monal\AppData\Local\Temp\tmpnb\var\cache\netigso\org.eclipse.core.runtime\.contributions.1
[2024-09-21 10:20:49.016]: deleting file: C:\Users\monal\AppData\Local\Temp\tmpnb\var\cache\netigso\org.eclipse.core.runtime\.contributors.1
[2024-09-21 10:20:49.016]: deleting file: C:\Users\monal\AppData\Local\Temp\tmpnb\var\cache\netigso\org.eclipse.core.runtime\.extraData.1
[2024-09-21 10:20:49.018]: deleting file: C:\Users\monal\AppData\Local\Temp\tmpnb\var\cache\netigso\org.eclipse.core.runtime\.mainData.1
[2024-09-21 10:20:49.018]: deleting file: C:\Users\monal\AppData\Local\Temp\tmpnb\var\cache\netigso\org.eclipse.core.runtime\.manager\.fileTable.7
[2024-09-21 10:20:49.019]: deleting file: C:\Users\monal\AppData\Local\Temp\tmpnb\var\cache\netigso\org.eclipse.core.runtime\.manager\.fileTable.8
[2024-09-21 10:20:49.019]: deleting directory: C:\Users\monal\AppData\Local\Temp\tmpnb\var\cache\netigso\org.eclipse.core.runtime\.manager
[2024-09-21 10:20:49.019]: deleting file: C:\Users\monal\AppData\Local\Temp\tmpnb\var\cache\netigso\org.eclipse.core.runtime\.namespaces.1
[2024-09-21 10:20:49.020]: deleting file: C:\Users\monal\AppData\Local\Temp\tmpnb\var\cache\netigso\org.eclipse.core.runtime\.orphans.1
[2024-09-21 10:20:49.020]: deleting file: C:\Users\monal\AppData\Local\Temp\tmpnb\var\cache\netigso\org.eclipse.core.runtime\.table.1
[2024-09-21 10:20:49.020]: deleting directory: C:\Users\monal\AppData\Local\Temp\tmpnb\var\cache\netigso\org.eclipse.core.runtime
[2024-09-21 10:20:49.021]: deleting directory: C:\Users\monal\AppData\Local\Temp\tmpnb\var\cache\netigso\org.eclipse.equinox.app\.manager
[2024-09-21 10:20:49.021]: deleting directory: C:\Users\monal\AppData\Local\Temp\tmpnb\var\cache\netigso\org.eclipse.equinox.app
[2024-09-21 10:20:49.021]: deleting file: C:\Users\monal\AppData\Local\Temp\tmpnb\var\cache\netigso\org.eclipse.osgi\.bundledata.1
[2024-09-21 10:20:49.022]: deleting file: C:\Users\monal\AppData\Local\Temp\tmpnb\var\cache\netigso\org.eclipse.osgi\.lazy.1
[2024-09-21 10:20:49.022]: deleting file: C:\Users\monal\AppData\Local\Temp\tmpnb\var\cache\netigso\org.eclipse.osgi\.manager\.fileTable.4
[2024-09-21 10:20:49.023]: deleting file: C:\Users\monal\AppData\Local\Temp\tmpnb\var\cache\netigso\org.eclipse.osgi\.manager\.fileTable.5
[2024-09-21 10:20:49.023]: deleting directory: C:\Users\monal\AppData\Local\Temp\tmpnb\var\cache\netigso\org.eclipse.osgi\.manager
[2024-09-21 10:20:49.025]: deleting file: C:\Users\monal\AppData\Local\Temp\tmpnb\var\cache\netigso\org.eclipse.osgi\.state.1
[2024-09-21 10:20:49.026]: deleting file: C:\Users\monal\AppData\Local\Temp\tmpnb\var\cache\netigso\org.eclipse.osgi\bundles\1\1\bundlefile
[2024-09-21 10:20:49.027]: deleting directory: C:\Users\monal\AppData\Local\Temp\tmpnb\var\cache\netigso\org.eclipse.osgi\bundles\1\1
[2024-09-21 10:20:49.027]: deleting directory: C:\Users\monal\AppData\Local\Temp\tmpnb\var\cache\netigso\org.eclipse.osgi\bundles\1
[2024-09-21 10:20:49.029]: deleting file: C:\Users\monal\AppData\Local\Temp\tmpnb\var\cache\netigso\org.eclipse.osgi\bundles\100\1\bundlefile
[2024-09-21 10:20:49.029]: deleting directory: C:\Users\monal\AppData\Local\Temp\tmpnb\var\cache\netigso\org.eclipse.osgi\bundles\100\1
[2024-09-21 10:20:49.030]: deleting directory: C:\Users\monal\AppData\Local\Temp\tmpnb\var\cache\netigso\org.eclipse.osgi\bundles\100
[2024-09-21 10:20:49.030]: deleting file: C:\Users\monal\AppData\Local\Temp\tmpnb\var\cache\netigso\org.eclipse.osgi\bundles\102\1\bundlefile
[2024-09-21 10:20:49.031]: deleting directory: C:\Users\monal\AppData\Local\Temp\tmpnb\var\cache\netigso\org.eclipse.osgi\bundles\102\1
[2024-09-21 10:20:49.031]: deleting directory: C:\Users\monal\AppData\Local\Temp\tmpnb\var\cache\netigso\org.eclipse.osgi\bundles\102
[2024-09-21 10:20:49.031]: deleting file: C:\Users\monal\AppData\Local\Temp\tmpnb\var\cache\netigso\org.eclipse.osgi\bundles\103\1\bundlefile
[2024-09-21 10:20:49.032]: deleting directory: C:\Users\monal\AppData\Local\Temp\tmpnb\var\cache\netigso\org.eclipse.osgi\bundles\103\1
[2024-09-21 10:20:49.032]: deleting directory: C:\Users\monal\AppData\Local\Temp\tmpnb\var\cache\netigso\org.eclipse.osgi\bundles\103
[2024-09-21 10:20:49.033]: deleting file: C:\Users\monal\AppData\Local\Temp\tmpnb\var\cache\netigso\org.eclipse.osgi\bundles\104\1\bundlefile
[2024-09-21 10:20:49.033]: deleting directory: C:\Users\monal\AppData\Local\Temp\tmpnb\var\cache\netigso\org.eclipse.osgi\bundles\104\1
[2024-09-21 10:20:49.033]: deleting directory: C:\Users\monal\AppData\Local\Temp\tmpnb\var\cache\netigso\org.eclipse.osgi\bundles\104
[2024-09-21 10:20:49.033]: deleting file: C:\Users\monal\AppData\Local\Temp\tmpnb\var\cache\netigso\org.eclipse.osgi\bundles\107\1\bundlefile
[2024-09-21 10:20:49.034]: deleting directory: C:\Users\monal\AppData\Local\Temp\tmpnb\var\cache\netigso\org.eclipse.osgi\bundles\107\1
[2024-09-21 10:20:49.034]: deleting directory: C:\Users\monal\AppData\Local\Temp\tmpnb\var\cache\netigso\org.eclipse.osgi\bundles\107
[2024-09-21 10:20:49.034]: deleting file: C:\Users\monal\AppData\Local\Temp\tmpnb\var\cache\netigso\org.eclipse.osgi\bundles\108\1\bundlefile
[2024-09-21 10:20:49.035]: deleting directory: C:\Users\monal\AppData\Local\Temp\tmpnb\var\cache\netigso\org.eclipse.osgi\bundles\108\1
[2024-09-21 10:20:49.035]: deleting directory: C:\Users\monal\AppData\Local\Temp\tmpnb\var\cache\netigso\org.eclipse.osgi\bundles\108
[2024-09-21 10:20:49.036]: deleting file: C:\Users\monal\AppData\Local\Temp\tmpnb\var\cache\netigso\org.eclipse.osgi\bundles\11\1\bundlefile
[2024-09-21 10:20:49.036]: deleting directory: C:\Users\monal\AppData\Local\Temp\tmpnb\var\cache\netigso\org.eclipse.osgi\bundles\11\1
[2024-09-21 10:20:49.036]: deleting directory: C:\Users\monal\AppData\Local\Temp\tmpnb\var\cache\netigso\org.eclipse.osgi\bundles\11
[2024-09-21 10:20:49.036]: deleting file: C:\Users\monal\AppData\Local\Temp\tmpnb\var\cache\netigso\org.eclipse.osgi\bundles\110\1\bundlefile
[2024-09-21 10:20:49.036]: deleting directory: C:\Users\monal\AppData\Local\Temp\tmpnb\var\cache\netigso\org.eclipse.osgi\bundles\110\1
[2024-09-21 10:20:49.038]: deleting directory: C:\Users\monal\AppData\Local\Temp\tmpnb\var\cache\netigso\org.eclipse.osgi\bundles\110
[2024-09-21 10:20:49.038]: deleting file: C:\Users\monal\AppData\Local\Temp\tmpnb\var\cache\netigso\org.eclipse.osgi\bundles\111\1\bundlefile
[2024-09-21 10:20:49.038]: deleting directory: C:\Users\monal\AppData\Local\Temp\tmpnb\var\cache\netigso\org.eclipse.osgi\bundles\111\1
[2024-09-21 10:20:49.039]: deleting directory: C:\Users\monal\AppData\Local\Temp\tmpnb\var\cache\netigso\org.eclipse.osgi\bundles\111
[2024-09-21 10:20:49.041]: deleting file: C:\Users\monal\AppData\Local\Temp\tmpnb\var\cache\netigso\org.eclipse.osgi\bundles\112\1\bundlefile
[2024-09-21 10:20:49.042]: deleting directory: C:\Users\monal\AppData\Local\Temp\tmpnb\var\cache\netigso\org.eclipse.osgi\bundles\112\1
[2024-09-21 10:20:49.042]: deleting directory: C:\Users\monal\AppData\Local\Temp\tmpnb\var\cache\netigso\org.eclipse.osgi\bundles\112
[2024-09-21 10:20:49.042]: deleting file: C:\Users\monal\AppData\Local\Temp\tmpnb\var\cache\netigso\org.eclipse.osgi\bundles\113\1\bundlefile
[2024-09-21 10:20:49.043]: deleting directory: C:\Users\monal\AppData\Local\Temp\tmpnb\var\cache\netigso\org.eclipse.osgi\bundles\113\1
[2024-09-21 10:20:49.043]: deleting directory: C:\Users\monal\AppData\Local\Temp\tmpnb\var\cache\netigso\org.eclipse.osgi\bundles\113
[2024-09-21 10:20:49.043]: deleting file: C:\Users\monal\AppData\Local\Temp\tmpnb\var\cache\netigso\org.eclipse.osgi\bundles\114\1\bundlefile
[2024-09-21 10:20:49.044]: deleting directory: C:\Users\monal\AppData\Local\Temp\tmpnb\var\cache\netigso\org.eclipse.osgi\bundles\114\1
[2024-09-21 10:20:49.044]: deleting directory: C:\Users\monal\AppData\Local\Temp\tmpnb\var\cache\netigso\org.eclipse.osgi\bundles\114
[2024-09-21 10:20:49.044]: deleting file: C:\Users\monal\AppData\Local\Temp\tmpnb\var\cache\netigso\org.eclipse.osgi\bundles\115\1\bundlefile
[2024-09-21 10:20:49.044]: deleting directory: C:\Users\monal\AppData\Local\Temp\tmpnb\var\cache\netigso\org.eclipse.osgi\bundles\115\1
[2024-09-21 10:20:49.045]: deleting directory: C:\Users\monal\AppData\Local\Temp\tmpnb\var\cache\netigso\org.eclipse.osgi\bundles\115
[2024-09-21 10:20:49.046]: deleting file: C:\Users\monal\AppData\Local\Temp\tmpnb\var\cache\netigso\org.eclipse.osgi\bundles\116\1\bundlefile
[2024-09-21 10:20:49.046]: deleting directory: C:\Users\monal\AppData\Local\Temp\tmpnb\var\cache\netigso\org.eclipse.osgi\bundles\116\1
[2024-09-21 10:20:49.046]: deleting directory: C:\Users\monal\AppData\Local\Temp\tmpnb\var\cache\netigso\org.eclipse.osgi\bundles\116
[2024-09-21 10:20:49.046]: deleting file: C:\Users\monal\AppData\Local\Temp\tmpnb\var\cache\netigso\org.eclipse.osgi\bundles\117\1\bundlefile
[2024-09-21 10:20:49.047]: deleting directory: C:\Users\monal\AppData\Local\Temp\tmpnb\var\cache\netigso\org.eclipse.osgi\bundles\117\1
[2024-09-21 10:20:49.047]: deleting directory: C:\Users\monal\AppData\Local\Temp\tmpnb\var\cache\netigso\org.eclipse.osgi\bundles\117
[2024-09-21 10:20:49.047]: deleting file: C:\Users\monal\AppData\Local\Temp\tmpnb\var\cache\netigso\org.eclipse.osgi\bundles\118\1\bundlefile
[2024-09-21 10:20:49.048]: deleting directory: C:\Users\monal\AppData\Local\Temp\tmpnb\var\cache\netigso\org.eclipse.osgi\bundles\118\1
[2024-09-21 10:20:49.048]: deleting directory: C:\Users\monal\AppData\Local\Temp\tmpnb\var\cache\netigso\org.eclipse.osgi\bundles\118
[2024-09-21 10:20:49.048]: deleting file: C:\Users\monal\AppData\Local\Temp\tmpnb\var\cache\netigso\org.eclipse.osgi\bundles\119\1\bundlefile
[2024-09-21 10:20:49.049]: deleting directory: C:\Users\monal\AppData\Local\Temp\tmpnb\var\cache\netigso\org.eclipse.osgi\bundles\119\1
[2024-09-21 10:20:49.049]: deleting directory: C:\Users\monal\AppData\Local\Temp\tmpnb\var\cache\netigso\org.eclipse.osgi\bundles\119
[2024-09-21 10:20:49.050]: deleting file: C:\Users\monal\AppData\Local\Temp\tmpnb\var\cache\netigso\org.eclipse.osgi\bundles\12\1\bundlefile
[2024-09-21 10:20:49.050]: deleting directory: C:\Users\monal\AppData\Local\Temp\tmpnb\var\cache\netigso\org.eclipse.osgi\bundles\12\1
[2024-09-21 10:20:49.050]: deleting directory: C:\Users\monal\AppData\Local\Temp\tmpnb\var\cache\netigso\org.eclipse.osgi\bundles\12
[2024-09-21 10:20:49.051]: deleting file: C:\Users\monal\AppData\Local\Temp\tmpnb\var\cache\netigso\org.eclipse.osgi\bundles\120\1\bundlefile
[2024-09-21 10:20:49.052]: deleting directory: C:\Users\monal\AppData\Local\Temp\tmpnb\var\cache\netigso\org.eclipse.osgi\bundles\120\1
[2024-09-21 10:20:49.052]: deleting directory: C:\Users\monal\AppData\Local\Temp\tmpnb\var\cache\netigso\org.eclipse.osgi\bundles\120
[2024-09-21 10:20:49.057]: deleting file: C:\Users\monal\AppData\Local\Temp\tmpnb\var\cache\netigso\org.eclipse.osgi\bundles\121\1\bundlefile
[2024-09-21 10:20:49.057]: deleting directory: C:\Users\monal\AppData\Local\Temp\tmpnb\var\cache\netigso\org.eclipse.osgi\bundles\121\1
[2024-09-21 10:20:49.057]: deleting directory: C:\Users\monal\AppData\Local\Temp\tmpnb\var\cache\netigso\org.eclipse.osgi\bundles\121
[2024-09-21 10:20:49.058]: deleting file: C:\Users\monal\AppData\Local\Temp\tmpnb\var\cache\netigso\org.eclipse.osgi\bundles\122\1\bundlefile
[2024-09-21 10:20:49.058]: deleting directory: C:\Users\monal\AppData\Local\Temp\tmpnb\var\cache\netigso\org.eclipse.osgi\bundles\122\1
[2024-09-21 10:20:49.059]: deleting directory: C:\Users\monal\AppData\Local\Temp\tmpnb\var\cache\netigso\org.eclipse.osgi\bundles\122
[2024-09-21 10:20:49.059]: deleting file: C:\Users\monal\AppData\Local\Temp\tmpnb\var\cache\netigso\org.eclipse.osgi\bundles\123\1\bundlefile
[2024-09-21 10:20:49.060]: deleting directory: C:\Users\monal\AppData\Local\Temp\tmpnb\var\cache\netigso\org.eclipse.osgi\bundles\123\1
[2024-09-21 10:20:49.060]: deleting directory: C:\Users\monal\AppData\Local\Temp\tmpnb\var\cache\netigso\org.eclipse.osgi\bundles\123
[2024-09-21 10:20:49.061]: deleting file: C:\Users\monal\AppData\Local\Temp\tmpnb\var\cache\netigso\org.eclipse.osgi\bundles\124\1\bundlefile
[2024-09-21 10:20:49.061]: deleting directory: C:\Users\monal\AppData\Local\Temp\tmpnb\var\cache\netigso\org.eclipse.osgi\bundles\124\1
[2024-09-21 10:20:49.062]: deleting directory: C:\Users\monal\AppData\Local\Temp\tmpnb\var\cache\netigso\org.eclipse.osgi\bundles\124
[2024-09-21 10:20:49.062]: deleting file: C:\Users\monal\AppData\Local\Temp\tmpnb\var\cache\netigso\org.eclipse.osgi\bundles\125\1\bundlefile
[2024-09-21 10:20:49.063]: deleting directory: C:\Users\monal\AppData\Local\Temp\tmpnb\var\cache\netigso\org.eclipse.osgi\bundles\125\1
[2024-09-21 10:20:49.063]: deleting directory: C:\Users\monal\AppData\Local\Temp\tmpnb\var\cache\netigso\org.eclipse.osgi\bundles\125
[2024-09-21 10:20:49.064]: deleting file: C:\Users\monal\AppData\Local\Temp\tmpnb\var\cache\netigso\org.eclipse.osgi\bundles\126\1\bundlefile
[2024-09-21 10:20:49.064]: deleting directory: C:\Users\monal\AppData\Local\Temp\tmpnb\var\cache\netigso\org.eclipse.osgi\bundles\126\1
[2024-09-21 10:20:49.064]: deleting directory: C:\Users\monal\AppData\Local\Temp\tmpnb\var\cache\netigso\org.eclipse.osgi\bundles\126
[2024-09-21 10:20:49.066]: deleting file: C:\Users\monal\AppData\Local\Temp\tmpnb\var\cache\netigso\org.eclipse.osgi\bundles\127\1\bundlefile
[2024-09-21 10:20:49.066]: deleting directory: C:\Users\monal\AppData\Local\Temp\tmpnb\var\cache\netigso\org.eclipse.osgi\bundles\127\1
[2024-09-21 10:20:49.066]: deleting directory: C:\Users\monal\AppData\Local\Temp\tmpnb\var\cache\netigso\org.eclipse.osgi\bundles\127
[2024-09-21 10:20:49.067]: deleting file: C:\Users\monal\AppData\Local\Temp\tmpnb\var\cache\netigso\org.eclipse.osgi\bundles\128\1\bundlefile
[2024-09-21 10:20:49.069]: deleting directory: C:\Users\monal\AppData\Local\Temp\tmpnb\var\cache\netigso\org.eclipse.osgi\bundles\128\1
[2024-09-21 10:20:49.069]: deleting directory: C:\Users\monal\AppData\Local\Temp\tmpnb\var\cache\netigso\org.eclipse.osgi\bundles\128
[2024-09-21 10:20:49.069]: deleting file: C:\Users\monal\AppData\Local\Temp\tmpnb\var\cache\netigso\org.eclipse.osgi\bundles\129\1\bundlefile
[2024-09-21 10:20:49.070]: deleting directory: C:\Users\monal\AppData\Local\Temp\tmpnb\var\cache\netigso\org.eclipse.osgi\bundles\129\1
[2024-09-21 10:20:49.070]: deleting directory: C:\Users\monal\AppData\Local\Temp\tmpnb\var\cache\netigso\org.eclipse.osgi\bundles\129
[2024-09-21 10:20:49.071]: deleting file: C:\Users\monal\AppData\Local\Temp\tmpnb\var\cache\netigso\org.eclipse.osgi\bundles\13\1\bundlefile
[2024-09-21 10:20:49.071]: deleting directory: C:\Users\monal\AppData\Local\Temp\tmpnb\var\cache\netigso\org.eclipse.osgi\bundles\13\1
[2024-09-21 10:20:49.071]: deleting directory: C:\Users\monal\AppData\Local\Temp\tmpnb\var\cache\netigso\org.eclipse.osgi\bundles\13
[2024-09-21 10:20:49.072]: deleting file: C:\Users\monal\AppData\Local\Temp\tmpnb\var\cache\netigso\org.eclipse.osgi\bundles\130\1\bundlefile
[2024-09-21 10:20:49.072]: deleting directory: C:\Users\monal\AppData\Local\Temp\tmpnb\var\cache\netigso\org.eclipse.osgi\bundles\130\1
[2024-09-21 10:20:49.073]: deleting directory: C:\Users\monal\AppData\Local\Temp\tmpnb\var\cache\netigso\org.eclipse.osgi\bundles\130
[2024-09-21 10:20:49.073]: deleting file: C:\Users\monal\AppData\Local\Temp\tmpnb\var\cache\netigso\org.eclipse.osgi\bundles\131\1\bundlefile
[2024-09-21 10:20:49.073]: deleting directory: C:\Users\monal\AppData\Local\Temp\tmpnb\var\cache\netigso\org.eclipse.osgi\bundles\131\1
[2024-09-21 10:20:49.075]: deleting directory: C:\Users\monal\AppData\Local\Temp\tmpnb\var\cache\netigso\org.eclipse.osgi\bundles\131
[2024-09-21 10:20:49.075]: deleting file: C:\Users\monal\AppData\Local\Temp\tmpnb\var\cache\netigso\org.eclipse.osgi\bundles\133\1\bundlefile
[2024-09-21 10:20:49.075]: deleting directory: C:\Users\monal\AppData\Local\Temp\tmpnb\var\cache\netigso\org.eclipse.osgi\bundles\133\1
[2024-09-21 10:20:49.076]: deleting directory: C:\Users\monal\AppData\Local\Temp\tmpnb\var\cache\netigso\org.eclipse.osgi\bundles\133
[2024-09-21 10:20:49.077]: deleting file: C:\Users\monal\AppData\Local\Temp\tmpnb\var\cache\netigso\org.eclipse.osgi\bundles\135\1\bundlefile
[2024-09-21 10:20:49.077]: deleting directory: C:\Users\monal\AppData\Local\Temp\tmpnb\var\cache\netigso\org.eclipse.osgi\bundles\135\1
[2024-09-21 10:20:49.077]: deleting directory: C:\Users\monal\AppData\Local\Temp\tmpnb\var\cache\netigso\org.eclipse.osgi\bundles\135
[2024-09-21 10:20:49.078]: deleting file: C:\Users\monal\AppData\Local\Temp\tmpnb\var\cache\netigso\org.eclipse.osgi\bundles\136\1\bundlefile
[2024-09-21 10:20:49.078]: deleting directory: C:\Users\monal\AppData\Local\Temp\tmpnb\var\cache\netigso\org.eclipse.osgi\bundles\136\1
[2024-09-21 10:20:49.078]: deleting directory: C:\Users\monal\AppData\Local\Temp\tmpnb\var\cache\netigso\org.eclipse.osgi\bundles\136
[2024-09-21 10:20:49.079]: deleting file: C:\Users\monal\AppData\Local\Temp\tmpnb\var\cache\netigso\org.eclipse.osgi\bundles\137\1\bundlefile
[2024-09-21 10:20:49.079]: deleting directory: C:\Users\monal\AppData\Local\Temp\tmpnb\var\cache\netigso\org.eclipse.osgi\bundles\137\1
[2024-09-21 10:20:49.079]: deleting directory: C:\Users\monal\AppData\Local\Temp\tmpnb\var\cache\netigso\org.eclipse.osgi\bundles\137
[2024-09-21 10:20:49.080]: deleting file: C:\Users\monal\AppData\Local\Temp\tmpnb\var\cache\netigso\org.eclipse.osgi\bundles\138\1\bundlefile
[2024-09-21 10:20:49.080]: deleting directory: C:\Users\monal\AppData\Local\Temp\tmpnb\var\cache\netigso\org.eclipse.osgi\bundles\138\1
[2024-09-21 10:20:49.081]: deleting directory: C:\Users\monal\AppData\Local\Temp\tmpnb\var\cache\netigso\org.eclipse.osgi\bundles\138
[2024-09-21 10:20:49.081]: deleting file: C:\Users\monal\AppData\Local\Temp\tmpnb\var\cache\netigso\org.eclipse.osgi\bundles\139\1\bundlefile
[2024-09-21 10:20:49.081]: deleting directory: C:\Users\monal\AppData\Local\Temp\tmpnb\var\cache\netigso\org.eclipse.osgi\bundles\139\1
[2024-09-21 10:20:49.082]: deleting directory: C:\Users\monal\AppData\Local\Temp\tmpnb\var\cache\netigso\org.eclipse.osgi\bundles\139
[2024-09-21 10:20:49.082]: deleting file: C:\Users\monal\AppData\Local\Temp\tmpnb\var\cache\netigso\org.eclipse.osgi\bundles\14\1\bundlefile
[2024-09-21 10:20:49.082]: deleting directory: C:\Users\monal\AppData\Local\Temp\tmpnb\var\cache\netigso\org.eclipse.osgi\bundles\14\1
[2024-09-21 10:20:49.084]: deleting directory: C:\Users\monal\AppData\Local\Temp\tmpnb\var\cache\netigso\org.eclipse.osgi\bundles\14
[2024-09-21 10:20:49.084]: deleting file: C:\Users\monal\AppData\Local\Temp\tmpnb\var\cache\netigso\org.eclipse.osgi\bundles\140\1\bundlefile
[2024-09-21 10:20:49.084]: deleting directory: C:\Users\monal\AppData\Local\Temp\tmpnb\var\cache\netigso\org.eclipse.osgi\bundles\140\1
[2024-09-21 10:20:49.085]: deleting directory: C:\Users\monal\AppData\Local\Temp\tmpnb\var\cache\netigso\org.eclipse.osgi\bundles\140
[2024-09-21 10:20:49.089]: deleting file: C:\Users\monal\AppData\Local\Temp\tmpnb\var\cache\netigso\org.eclipse.osgi\bundles\141\1\bundlefile
[2024-09-21 10:20:49.090]: deleting directory: C:\Users\monal\AppData\Local\Temp\tmpnb\var\cache\netigso\org.eclipse.osgi\bundles\141\1
[2024-09-21 10:20:49.090]: deleting directory: C:\Users\monal\AppData\Local\Temp\tmpnb\var\cache\netigso\org.eclipse.osgi\bundles\141
[2024-09-21 10:20:49.091]: deleting file: C:\Users\monal\AppData\Local\Temp\tmpnb\var\cache\netigso\org.eclipse.osgi\bundles\142\1\bundlefile
[2024-09-21 10:20:49.092]: deleting directory: C:\Users\monal\AppData\Local\Temp\tmpnb\var\cache\netigso\org.eclipse.osgi\bundles\142\1
[2024-09-21 10:20:49.092]: deleting directory: C:\Users\monal\AppData\Local\Temp\tmpnb\var\cache\netigso\org.eclipse.osgi\bundles\142
[2024-09-21 10:20:49.092]: deleting file: C:\Users\monal\AppData\Local\Temp\tmpnb\var\cache\netigso\org.eclipse.osgi\bundles\145\1\bundlefile
[2024-09-21 10:20:49.093]: deleting directory: C:\Users\monal\AppData\Local\Temp\tmpnb\var\cache\netigso\org.eclipse.osgi\bundles\145\1
[2024-09-21 10:20:49.093]: deleting directory: C:\Users\monal\AppData\Local\Temp\tmpnb\var\cache\netigso\org.eclipse.osgi\bundles\145
[2024-09-21 10:20:49.093]: deleting file: C:\Users\monal\AppData\Local\Temp\tmpnb\var\cache\netigso\org.eclipse.osgi\bundles\146\1\bundlefile
[2024-09-21 10:20:49.094]: deleting directory: C:\Users\monal\AppData\Local\Temp\tmpnb\var\cache\netigso\org.eclipse.osgi\bundles\146\1
[2024-09-21 10:20:49.094]: deleting directory: C:\Users\monal\AppData\Local\Temp\tmpnb\var\cache\netigso\org.eclipse.osgi\bundles\146
[2024-09-21 10:20:49.096]: deleting file: C:\Users\monal\AppData\Local\Temp\tmpnb\var\cache\netigso\org.eclipse.osgi\bundles\148\1\bundlefile
[2024-09-21 10:20:49.096]: deleting directory: C:\Users\monal\AppData\Local\Temp\tmpnb\var\cache\netigso\org.eclipse.osgi\bundles\148\1
[2024-09-21 10:20:49.096]: deleting directory: C:\Users\monal\AppData\Local\Temp\tmpnb\var\cache\netigso\org.eclipse.osgi\bundles\148
[2024-09-21 10:20:49.097]: deleting file: C:\Users\monal\AppData\Local\Temp\tmpnb\var\cache\netigso\org.eclipse.osgi\bundles\149\1\bundlefile
[2024-09-21 10:20:49.097]: deleting directory: C:\Users\monal\AppData\Local\Temp\tmpnb\var\cache\netigso\org.eclipse.osgi\bundles\149\1
[2024-09-21 10:20:49.097]: deleting directory: C:\Users\monal\AppData\Local\Temp\tmpnb\var\cache\netigso\org.eclipse.osgi\bundles\149
[2024-09-21 10:20:49.098]: deleting file: C:\Users\monal\AppData\Local\Temp\tmpnb\var\cache\netigso\org.eclipse.osgi\bundles\150\1\bundlefile
[2024-09-21 10:20:49.098]: deleting directory: C:\Users\monal\AppData\Local\Temp\tmpnb\var\cache\netigso\org.eclipse.osgi\bundles\150\1
[2024-09-21 10:20:49.098]: deleting directory: C:\Users\monal\AppData\Local\Temp\tmpnb\var\cache\netigso\org.eclipse.osgi\bundles\150
[2024-09-21 10:20:49.098]: deleting file: C:\Users\monal\AppData\Local\Temp\tmpnb\var\cache\netigso\org.eclipse.osgi\bundles\151\1\bundlefile
[2024-09-21 10:20:49.098]: deleting directory: C:\Users\monal\AppData\Local\Temp\tmpnb\var\cache\netigso\org.eclipse.osgi\bundles\151\1
[2024-09-21 10:20:49.099]: deleting directory: C:\Users\monal\AppData\Local\Temp\tmpnb\var\cache\netigso\org.eclipse.osgi\bundles\151
[2024-09-21 10:20:49.100]: deleting file: C:\Users\monal\AppData\Local\Temp\tmpnb\var\cache\netigso\org.eclipse.osgi\bundles\152\1\bundlefile
[2024-09-21 10:20:49.100]: deleting directory: C:\Users\monal\AppData\Local\Temp\tmpnb\var\cache\netigso\org.eclipse.osgi\bundles\152\1
[2024-09-21 10:20:49.100]: deleting directory: C:\Users\monal\AppData\Local\Temp\tmpnb\var\cache\netigso\org.eclipse.osgi\bundles\152
[2024-09-21 10:20:49.101]: deleting file: C:\Users\monal\AppData\Local\Temp\tmpnb\var\cache\netigso\org.eclipse.osgi\bundles\153\1\bundlefile
[2024-09-21 10:20:49.101]: deleting directory: C:\Users\monal\AppData\Local\Temp\tmpnb\var\cache\netigso\org.eclipse.osgi\bundles\153\1
[2024-09-21 10:20:49.101]: deleting directory: C:\Users\monal\AppData\Local\Temp\tmpnb\var\cache\netigso\org.eclipse.osgi\bundles\153
[2024-09-21 10:20:49.104]: deleting file: C:\Users\monal\AppData\Local\Temp\tmpnb\var\cache\netigso\org.eclipse.osgi\bundles\154\1\bundlefile
[2024-09-21 10:20:49.105]: deleting directory: C:\Users\monal\AppData\Local\Temp\tmpnb\var\cache\netigso\org.eclipse.osgi\bundles\154\1
[2024-09-21 10:20:49.105]: deleting directory: C:\Users\monal\AppData\Local\Temp\tmpnb\var\cache\netigso\org.eclipse.osgi\bundles\154
[2024-09-21 10:20:49.105]: deleting file: C:\Users\monal\AppData\Local\Temp\tmpnb\var\cache\netigso\org.eclipse.osgi\bundles\155\1\bundlefile
[2024-09-21 10:20:49.106]: deleting directory: C:\Users\monal\AppData\Local\Temp\tmpnb\var\cache\netigso\org.eclipse.osgi\bundles\155\1
[2024-09-21 10:20:49.106]: deleting directory: C:\Users\monal\AppData\Local\Temp\tmpnb\var\cache\netigso\org.eclipse.osgi\bundles\155
[2024-09-21 10:20:49.107]: deleting file: C:\Users\monal\AppData\Local\Temp\tmpnb\var\cache\netigso\org.eclipse.osgi\bundles\158\1\bundlefile
[2024-09-21 10:20:49.107]: deleting directory: C:\Users\monal\AppData\Local\Temp\tmpnb\var\cache\netigso\org.eclipse.osgi\bundles\158\1
[2024-09-21 10:20:49.107]: deleting directory: C:\Users\monal\AppData\Local\Temp\tmpnb\var\cache\netigso\org.eclipse.osgi\bundles\158
[2024-09-21 10:20:49.108]: deleting file: C:\Users\monal\AppData\Local\Temp\tmpnb\var\cache\netigso\org.eclipse.osgi\bundles\159\1\bundlefile
[2024-09-21 10:20:49.108]: deleting directory: C:\Users\monal\AppData\Local\Temp\tmpnb\var\cache\netigso\org.eclipse.osgi\bundles\159\1
[2024-09-21 10:20:49.108]: deleting directory: C:\Users\monal\AppData\Local\Temp\tmpnb\var\cache\netigso\org.eclipse.osgi\bundles\159
[2024-09-21 10:20:49.110]: deleting file: C:\Users\monal\AppData\Local\Temp\tmpnb\var\cache\netigso\org.eclipse.osgi\bundles\16\1\bundlefile
[2024-09-21 10:20:49.110]: deleting directory: C:\Users\monal\AppData\Local\Temp\tmpnb\var\cache\netigso\org.eclipse.osgi\bundles\16\1
[2024-09-21 10:20:49.110]: deleting directory: C:\Users\monal\AppData\Local\Temp\tmpnb\var\cache\netigso\org.eclipse.osgi\bundles\16
[2024-09-21 10:20:49.110]: deleting file: C:\Users\monal\AppData\Local\Temp\tmpnb\var\cache\netigso\org.eclipse.osgi\bundles\161\1\bundlefile
[2024-09-21 10:20:49.111]: deleting directory: C:\Users\monal\AppData\Local\Temp\tmpnb\var\cache\netigso\org.eclipse.osgi\bundles\161\1
[2024-09-21 10:20:49.111]: deleting directory: C:\Users\monal\AppData\Local\Temp\tmpnb\var\cache\netigso\org.eclipse.osgi\bundles\161
[2024-09-21 10:20:49.111]: deleting file: C:\Users\monal\AppData\Local\Temp\tmpnb\var\cache\netigso\org.eclipse.osgi\bundles\163\1\bundlefile
[2024-09-21 10:20:49.113]: deleting directory: C:\Users\monal\AppData\Local\Temp\tmpnb\var\cache\netigso\org.eclipse.osgi\bundles\163\1
[2024-09-21 10:20:49.113]: deleting directory: C:\Users\monal\AppData\Local\Temp\tmpnb\var\cache\netigso\org.eclipse.osgi\bundles\163
[2024-09-21 10:20:49.113]: deleting file: C:\Users\monal\AppData\Local\Temp\tmpnb\var\cache\netigso\org.eclipse.osgi\bundles\164\1\bundlefile
[2024-09-21 10:20:49.114]: deleting directory: C:\Users\monal\AppData\Local\Temp\tmpnb\var\cache\netigso\org.eclipse.osgi\bundles\164\1
[2024-09-21 10:20:49.114]: deleting directory: C:\Users\monal\AppData\Local\Temp\tmpnb\var\cache\netigso\org.eclipse.osgi\bundles\164
[2024-09-21 10:20:49.115]: deleting file: C:\Users\monal\AppData\Local\Temp\tmpnb\var\cache\netigso\org.eclipse.osgi\bundles\165\1\bundlefile
[2024-09-21 10:20:49.115]: deleting directory: C:\Users\monal\AppData\Local\Temp\tmpnb\var\cache\netigso\org.eclipse.osgi\bundles\165\1
[2024-09-21 10:20:49.115]: deleting directory: C:\Users\monal\AppData\Local\Temp\tmpnb\var\cache\netigso\org.eclipse.osgi\bundles\165
[2024-09-21 10:20:49.115]: deleting file: C:\Users\monal\AppData\Local\Temp\tmpnb\var\cache\netigso\org.eclipse.osgi\bundles\167\1\bundlefile
[2024-09-21 10:20:49.116]: deleting directory: C:\Users\monal\AppData\Local\Temp\tmpnb\var\cache\netigso\org.eclipse.osgi\bundles\167\1
[2024-09-21 10:20:49.116]: deleting directory: C:\Users\monal\AppData\Local\Temp\tmpnb\var\cache\netigso\org.eclipse.osgi\bundles\167
[2024-09-21 10:20:49.119]: deleting file: C:\Users\monal\AppData\Local\Temp\tmpnb\var\cache\netigso\org.eclipse.osgi\bundles\168\1\bundlefile
[2024-09-21 10:20:49.120]: deleting directory: C:\Users\monal\AppData\Local\Temp\tmpnb\var\cache\netigso\org.eclipse.osgi\bundles\168\1
[2024-09-21 10:20:49.120]: deleting directory: C:\Users\monal\AppData\Local\Temp\tmpnb\var\cache\netigso\org.eclipse.osgi\bundles\168
[2024-09-21 10:20:49.120]: deleting file: C:\Users\monal\AppData\Local\Temp\tmpnb\var\cache\netigso\org.eclipse.osgi\bundles\17\1\bundlefile
[2024-09-21 10:20:49.121]: deleting directory: C:\Users\monal\AppData\Local\Temp\tmpnb\var\cache\netigso\org.eclipse.osgi\bundles\17\1
[2024-09-21 10:20:49.121]: deleting directory: C:\Users\monal\AppData\Local\Temp\tmpnb\var\cache\netigso\org.eclipse.osgi\bundles\17
[2024-09-21 10:20:49.122]: deleting file: C:\Users\monal\AppData\Local\Temp\tmpnb\var\cache\netigso\org.eclipse.osgi\bundles\170\1\bundlefile
[2024-09-21 10:20:49.123]: deleting directory: C:\Users\monal\AppData\Local\Temp\tmpnb\var\cache\netigso\org.eclipse.osgi\bundles\170\1
[2024-09-21 10:20:49.123]: deleting directory: C:\Users\monal\AppData\Local\Temp\tmpnb\var\cache\netigso\org.eclipse.osgi\bundles\170
[2024-09-21 10:20:49.124]: deleting file: C:\Users\monal\AppData\Local\Temp\tmpnb\var\cache\netigso\org.eclipse.osgi\bundles\171\1\bundlefile
[2024-09-21 10:20:49.124]: deleting directory: C:\Users\monal\AppData\Local\Temp\tmpnb\var\cache\netigso\org.eclipse.osgi\bundles\171\1
[2024-09-21 10:20:49.124]: deleting directory: C:\Users\monal\AppData\Local\Temp\tmpnb\var\cache\netigso\org.eclipse.osgi\bundles\171
[2024-09-21 10:20:49.125]: deleting file: C:\Users\monal\AppData\Local\Temp\tmpnb\var\cache\netigso\org.eclipse.osgi\bundles\172\1\bundlefile
[2024-09-21 10:20:49.125]: deleting directory: C:\Users\monal\AppData\Local\Temp\tmpnb\var\cache\netigso\org.eclipse.osgi\bundles\172\1
[2024-09-21 10:20:49.125]: deleting directory: C:\Users\monal\AppData\Local\Temp\tmpnb\var\cache\netigso\org.eclipse.osgi\bundles\172
[2024-09-21 10:20:49.126]: deleting file: C:\Users\monal\AppData\Local\Temp\tmpnb\var\cache\netigso\org.eclipse.osgi\bundles\173\1\bundlefile
[2024-09-21 10:20:49.127]: deleting directory: C:\Users\monal\AppData\Local\Temp\tmpnb\var\cache\netigso\org.eclipse.osgi\bundles\173\1
[2024-09-21 10:20:49.127]: deleting directory: C:\Users\monal\AppData\Local\Temp\tmpnb\var\cache\netigso\org.eclipse.osgi\bundles\173
[2024-09-21 10:20:49.127]: deleting file: C:\Users\monal\AppData\Local\Temp\tmpnb\var\cache\netigso\org.eclipse.osgi\bundles\174\1\bundlefile
[2024-09-21 10:20:49.129]: deleting directory: C:\Users\monal\AppData\Local\Temp\tmpnb\var\cache\netigso\org.eclipse.osgi\bundles\174\1
[2024-09-21 10:20:49.129]: deleting directory: C:\Users\monal\AppData\Local\Temp\tmpnb\var\cache\netigso\org.eclipse.osgi\bundles\174
[2024-09-21 10:20:49.130]: deleting file: C:\Users\monal\AppData\Local\Temp\tmpnb\var\cache\netigso\org.eclipse.osgi\bundles\175\1\bundlefile
[2024-09-21 10:20:49.130]: deleting directory: C:\Users\monal\AppData\Local\Temp\tmpnb\var\cache\netigso\org.eclipse.osgi\bundles\175\1
[2024-09-21 10:20:49.130]: deleting directory: C:\Users\monal\AppData\Local\Temp\tmpnb\var\cache\netigso\org.eclipse.osgi\bundles\175
[2024-09-21 10:20:49.131]: deleting file: C:\Users\monal\AppData\Local\Temp\tmpnb\var\cache\netigso\org.eclipse.osgi\bundles\176\1\bundlefile
[2024-09-21 10:20:49.131]: deleting directory: C:\Users\monal\AppData\Local\Temp\tmpnb\var\cache\netigso\org.eclipse.osgi\bundles\176\1
[2024-09-21 10:20:49.131]: deleting directory: C:\Users\monal\AppData\Local\Temp\tmpnb\var\cache\netigso\org.eclipse.osgi\bundles\176
[2024-09-21 10:20:49.132]: deleting file: C:\Users\monal\AppData\Local\Temp\tmpnb\var\cache\netigso\org.eclipse.osgi\bundles\177\1\bundlefile
[2024-09-21 10:20:49.132]: deleting directory: C:\Users\monal\AppData\Local\Temp\tmpnb\var\cache\netigso\org.eclipse.osgi\bundles\177\1
[2024-09-21 10:20:49.133]: deleting directory: C:\Users\monal\AppData\Local\Temp\tmpnb\var\cache\netigso\org.eclipse.osgi\bundles\177
[2024-09-21 10:20:49.135]: deleting file: C:\Users\monal\AppData\Local\Temp\tmpnb\var\cache\netigso\org.eclipse.osgi\bundles\178\1\bundlefile
[2024-09-21 10:20:49.136]: deleting directory: C:\Users\monal\AppData\Local\Temp\tmpnb\var\cache\netigso\org.eclipse.osgi\bundles\178\1
[2024-09-21 10:20:49.136]: deleting directory: C:\Users\monal\AppData\Local\Temp\tmpnb\var\cache\netigso\org.eclipse.osgi\bundles\178
[2024-09-21 10:20:49.137]: deleting file: C:\Users\monal\AppData\Local\Temp\tmpnb\var\cache\netigso\org.eclipse.osgi\bundles\18\1\bundlefile
[2024-09-21 10:20:49.137]: deleting directory: C:\Users\monal\AppData\Local\Temp\tmpnb\var\cache\netigso\org.eclipse.osgi\bundles\18\1
[2024-09-21 10:20:49.137]: deleting directory: C:\Users\monal\AppData\Local\Temp\tmpnb\var\cache\netigso\org.eclipse.osgi\bundles\18
[2024-09-21 10:20:49.138]: deleting file: C:\Users\monal\AppData\Local\Temp\tmpnb\var\cache\netigso\org.eclipse.osgi\bundles\180\1\bundlefile
[2024-09-21 10:20:49.138]: deleting directory: C:\Users\monal\AppData\Local\Temp\tmpnb\var\cache\netigso\org.eclipse.osgi\bundles\180\1
[2024-09-21 10:20:49.139]: deleting directory: C:\Users\monal\AppData\Local\Temp\tmpnb\var\cache\netigso\org.eclipse.osgi\bundles\180
[2024-09-21 10:20:49.140]: deleting file: C:\Users\monal\AppData\Local\Temp\tmpnb\var\cache\netigso\org.eclipse.osgi\bundles\184\1\bundlefile
[2024-09-21 10:20:49.140]: deleting directory: C:\Users\monal\AppData\Local\Temp\tmpnb\var\cache\netigso\org.eclipse.osgi\bundles\184\1
[2024-09-21 10:20:49.140]: deleting directory: C:\Users\monal\AppData\Local\Temp\tmpnb\var\cache\netigso\org.eclipse.osgi\bundles\184
[2024-09-21 10:20:49.142]: deleting file: C:\Users\monal\AppData\Local\Temp\tmpnb\var\cache\netigso\org.eclipse.osgi\bundles\185\1\bundlefile
[2024-09-21 10:20:49.143]: deleting directory: C:\Users\monal\AppData\Local\Temp\tmpnb\var\cache\netigso\org.eclipse.osgi\bundles\185\1
[2024-09-21 10:20:49.143]: deleting directory: C:\Users\monal\AppData\Local\Temp\tmpnb\var\cache\netigso\org.eclipse.osgi\bundles\185
[2024-09-21 10:20:49.144]: deleting file: C:\Users\monal\AppData\Local\Temp\tmpnb\var\cache\netigso\org.eclipse.osgi\bundles\186\1\bundlefile
[2024-09-21 10:20:49.144]: deleting directory: C:\Users\monal\AppData\Local\Temp\tmpnb\var\cache\netigso\org.eclipse.osgi\bundles\186\1
[2024-09-21 10:20:49.144]: deleting directory: C:\Users\monal\AppData\Local\Temp\tmpnb\var\cache\netigso\org.eclipse.osgi\bundles\186
[2024-09-21 10:20:49.145]: deleting file: C:\Users\monal\AppData\Local\Temp\tmpnb\var\cache\netigso\org.eclipse.osgi\bundles\187\1\bundlefile
[2024-09-21 10:20:49.145]: deleting directory: C:\Users\monal\AppData\Local\Temp\tmpnb\var\cache\netigso\org.eclipse.osgi\bundles\187\1
[2024-09-21 10:20:49.146]: deleting directory: C:\Users\monal\AppData\Local\Temp\tmpnb\var\cache\netigso\org.eclipse.osgi\bundles\187
[2024-09-21 10:20:49.146]: deleting file: C:\Users\monal\AppData\Local\Temp\tmpnb\var\cache\netigso\org.eclipse.osgi\bundles\189\1\bundlefile
[2024-09-21 10:20:49.146]: deleting directory: C:\Users\monal\AppData\Local\Temp\tmpnb\var\cache\netigso\org.eclipse.osgi\bundles\189\1
[2024-09-21 10:20:49.146]: deleting directory: C:\Users\monal\AppData\Local\Temp\tmpnb\var\cache\netigso\org.eclipse.osgi\bundles\189
[2024-09-21 10:20:49.148]: deleting file: C:\Users\monal\AppData\Local\Temp\tmpnb\var\cache\netigso\org.eclipse.osgi\bundles\19\1\bundlefile
[2024-09-21 10:20:49.148]: deleting directory: C:\Users\monal\AppData\Local\Temp\tmpnb\var\cache\netigso\org.eclipse.osgi\bundles\19\1
[2024-09-21 10:20:49.148]: deleting directory: C:\Users\monal\AppData\Local\Temp\tmpnb\var\cache\netigso\org.eclipse.osgi\bundles\19
[2024-09-21 10:20:49.149]: deleting file: C:\Users\monal\AppData\Local\Temp\tmpnb\var\cache\netigso\org.eclipse.osgi\bundles\190\1\bundlefile
[2024-09-21 10:20:49.149]: deleting directory: C:\Users\monal\AppData\Local\Temp\tmpnb\var\cache\netigso\org.eclipse.osgi\bundles\190\1
[2024-09-21 10:20:49.150]: deleting directory: C:\Users\monal\AppData\Local\Temp\tmpnb\var\cache\netigso\org.eclipse.osgi\bundles\190
[2024-09-21 10:20:49.151]: deleting file: C:\Users\monal\AppData\Local\Temp\tmpnb\var\cache\netigso\org.eclipse.osgi\bundles\191\1\bundlefile
[2024-09-21 10:20:49.151]: deleting directory: C:\Users\monal\AppData\Local\Temp\tmpnb\var\cache\netigso\org.eclipse.osgi\bundles\191\1
[2024-09-21 10:20:49.151]: deleting directory: C:\Users\monal\AppData\Local\Temp\tmpnb\var\cache\netigso\org.eclipse.osgi\bundles\191
[2024-09-21 10:20:49.152]: deleting file: C:\Users\monal\AppData\Local\Temp\tmpnb\var\cache\netigso\org.eclipse.osgi\bundles\192\1\bundlefile
[2024-09-21 10:20:49.153]: deleting directory: C:\Users\monal\AppData\Local\Temp\tmpnb\var\cache\netigso\org.eclipse.osgi\bundles\192\1
[2024-09-21 10:20:49.153]: deleting directory: C:\Users\monal\AppData\Local\Temp\tmpnb\var\cache\netigso\org.eclipse.osgi\bundles\192
[2024-09-21 10:20:49.155]: deleting file: C:\Users\monal\AppData\Local\Temp\tmpnb\var\cache\netigso\org.eclipse.osgi\bundles\193\1\bundlefile
[2024-09-21 10:20:49.155]: deleting directory: C:\Users\monal\AppData\Local\Temp\tmpnb\var\cache\netigso\org.eclipse.osgi\bundles\193\1
[2024-09-21 10:20:49.155]: deleting directory: C:\Users\monal\AppData\Local\Temp\tmpnb\var\cache\netigso\org.eclipse.osgi\bundles\193
[2024-09-21 10:20:49.156]: deleting file: C:\Users\monal\AppData\Local\Temp\tmpnb\var\cache\netigso\org.eclipse.osgi\bundles\194\1\bundlefile
[2024-09-21 10:20:49.156]: deleting directory: C:\Users\monal\AppData\Local\Temp\tmpnb\var\cache\netigso\org.eclipse.osgi\bundles\194\1
[2024-09-21 10:20:49.157]: deleting directory: C:\Users\monal\AppData\Local\Temp\tmpnb\var\cache\netigso\org.eclipse.osgi\bundles\194
[2024-09-21 10:20:49.157]: deleting file: C:\Users\monal\AppData\Local\Temp\tmpnb\var\cache\netigso\org.eclipse.osgi\bundles\195\1\bundlefile
[2024-09-21 10:20:49.158]: deleting directory: C:\Users\monal\AppData\Local\Temp\tmpnb\var\cache\netigso\org.eclipse.osgi\bundles\195\1
[2024-09-21 10:20:49.158]: deleting directory: C:\Users\monal\AppData\Local\Temp\tmpnb\var\cache\netigso\org.eclipse.osgi\bundles\195
[2024-09-21 10:20:49.158]: deleting file: C:\Users\monal\AppData\Local\Temp\tmpnb\var\cache\netigso\org.eclipse.osgi\bundles\196\1\bundlefile
[2024-09-21 10:20:49.159]: deleting directory: C:\Users\monal\AppData\Local\Temp\tmpnb\var\cache\netigso\org.eclipse.osgi\bundles\196\1
[2024-09-21 10:20:49.159]: deleting directory: C:\Users\monal\AppData\Local\Temp\tmpnb\var\cache\netigso\org.eclipse.osgi\bundles\196
[2024-09-21 10:20:49.160]: deleting file: C:\Users\monal\AppData\Local\Temp\tmpnb\var\cache\netigso\org.eclipse.osgi\bundles\197\1\bundlefile
[2024-09-21 10:20:49.160]: deleting directory: C:\Users\monal\AppData\Local\Temp\tmpnb\var\cache\netigso\org.eclipse.osgi\bundles\197\1
[2024-09-21 10:20:49.160]: deleting directory: C:\Users\monal\AppData\Local\Temp\tmpnb\var\cache\netigso\org.eclipse.osgi\bundles\197
[2024-09-21 10:20:49.161]: deleting file: C:\Users\monal\AppData\Local\Temp\tmpnb\var\cache\netigso\org.eclipse.osgi\bundles\198\1\bundlefile
[2024-09-21 10:20:49.161]: deleting directory: C:\Users\monal\AppData\Local\Temp\tmpnb\var\cache\netigso\org.eclipse.osgi\bundles\198\1
[2024-09-21 10:20:49.161]: deleting directory: C:\Users\monal\AppData\Local\Temp\tmpnb\var\cache\netigso\org.eclipse.osgi\bundles\198
[2024-09-21 10:20:49.162]: deleting file: C:\Users\monal\AppData\Local\Temp\tmpnb\var\cache\netigso\org.eclipse.osgi\bundles\199\1\bundlefile
[2024-09-21 10:20:49.162]: deleting directory: C:\Users\monal\AppData\Local\Temp\tmpnb\var\cache\netigso\org.eclipse.osgi\bundles\199\1
[2024-09-21 10:20:49.162]: deleting directory: C:\Users\monal\AppData\Local\Temp\tmpnb\var\cache\netigso\org.eclipse.osgi\bundles\199
[2024-09-21 10:20:49.163]: deleting file: C:\Users\monal\AppData\Local\Temp\tmpnb\var\cache\netigso\org.eclipse.osgi\bundles\2\1\bundlefile
[2024-09-21 10:20:49.163]: deleting directory: C:\Users\monal\AppData\Local\Temp\tmpnb\var\cache\netigso\org.eclipse.osgi\bundles\2\1
[2024-09-21 10:20:49.164]: deleting directory: C:\Users\monal\AppData\Local\Temp\tmpnb\var\cache\netigso\org.eclipse.osgi\bundles\2
[2024-09-21 10:20:49.166]: deleting file: C:\Users\monal\AppData\Local\Temp\tmpnb\var\cache\netigso\org.eclipse.osgi\bundles\20\1\bundlefile
[2024-09-21 10:20:49.167]: deleting directory: C:\Users\monal\AppData\Local\Temp\tmpnb\var\cache\netigso\org.eclipse.osgi\bundles\20\1
[2024-09-21 10:20:49.167]: deleting directory: C:\Users\monal\AppData\Local\Temp\tmpnb\var\cache\netigso\org.eclipse.osgi\bundles\20
[2024-09-21 10:20:49.167]: deleting file: C:\Users\monal\AppData\Local\Temp\tmpnb\var\cache\netigso\org.eclipse.osgi\bundles\201\1\bundlefile
[2024-09-21 10:20:49.168]: deleting directory: C:\Users\monal\AppData\Local\Temp\tmpnb\var\cache\netigso\org.eclipse.osgi\bundles\201\1
[2024-09-21 10:20:49.168]: deleting directory: C:\Users\monal\AppData\Local\Temp\tmpnb\var\cache\netigso\org.eclipse.osgi\bundles\201
[2024-09-21 10:20:49.168]: deleting file: C:\Users\monal\AppData\Local\Temp\tmpnb\var\cache\netigso\org.eclipse.osgi\bundles\202\1\bundlefile
[2024-09-21 10:20:49.170]: deleting directory: C:\Users\monal\AppData\Local\Temp\tmpnb\var\cache\netigso\org.eclipse.osgi\bundles\202\1
[2024-09-21 10:20:49.170]: deleting directory: C:\Users\monal\AppData\Local\Temp\tmpnb\var\cache\netigso\org.eclipse.osgi\bundles\202
[2024-09-21 10:20:49.170]: deleting file: C:\Users\monal\AppData\Local\Temp\tmpnb\var\cache\netigso\org.eclipse.osgi\bundles\204\1\bundlefile
[2024-09-21 10:20:49.171]: deleting directory: C:\Users\monal\AppData\Local\Temp\tmpnb\var\cache\netigso\org.eclipse.osgi\bundles\204\1
[2024-09-21 10:20:49.171]: deleting directory: C:\Users\monal\AppData\Local\Temp\tmpnb\var\cache\netigso\org.eclipse.osgi\bundles\204
[2024-09-21 10:20:49.171]: deleting file: C:\Users\monal\AppData\Local\Temp\tmpnb\var\cache\netigso\org.eclipse.osgi\bundles\206\1\bundlefile
[2024-09-21 10:20:49.172]: deleting directory: C:\Users\monal\AppData\Local\Temp\tmpnb\var\cache\netigso\org.eclipse.osgi\bundles\206\1
[2024-09-21 10:20:49.172]: deleting directory: C:\Users\monal\AppData\Local\Temp\tmpnb\var\cache\netigso\org.eclipse.osgi\bundles\206
[2024-09-21 10:20:49.173]: deleting file: C:\Users\monal\AppData\Local\Temp\tmpnb\var\cache\netigso\org.eclipse.osgi\bundles\207\1\bundlefile
[2024-09-21 10:20:49.173]: deleting directory: C:\Users\monal\AppData\Local\Temp\tmpnb\var\cache\netigso\org.eclipse.osgi\bundles\207\1
[2024-09-21 10:20:49.173]: deleting directory: C:\Users\monal\AppData\Local\Temp\tmpnb\var\cache\netigso\org.eclipse.osgi\bundles\207
[2024-09-21 10:20:49.174]: deleting file: C:\Users\monal\AppData\Local\Temp\tmpnb\var\cache\netigso\org.eclipse.osgi\bundles\208\1\bundlefile
[2024-09-21 10:20:49.174]: deleting directory: C:\Users\monal\AppData\Local\Temp\tmpnb\var\cache\netigso\org.eclipse.osgi\bundles\208\1
[2024-09-21 10:20:49.174]: deleting directory: C:\Users\monal\AppData\Local\Temp\tmpnb\var\cache\netigso\org.eclipse.osgi\bundles\208
[2024-09-21 10:20:49.175]: deleting file: C:\Users\monal\AppData\Local\Temp\tmpnb\var\cache\netigso\org.eclipse.osgi\bundles\209\1\bundlefile
[2024-09-21 10:20:49.175]: deleting directory: C:\Users\monal\AppData\Local\Temp\tmpnb\var\cache\netigso\org.eclipse.osgi\bundles\209\1
[2024-09-21 10:20:49.176]: deleting directory: C:\Users\monal\AppData\Local\Temp\tmpnb\var\cache\netigso\org.eclipse.osgi\bundles\209
[2024-09-21 10:20:49.176]: deleting file: C:\Users\monal\AppData\Local\Temp\tmpnb\var\cache\netigso\org.eclipse.osgi\bundles\21\1\bundlefile
[2024-09-21 10:20:49.176]: deleting directory: C:\Users\monal\AppData\Local\Temp\tmpnb\var\cache\netigso\org.eclipse.osgi\bundles\21\1
[2024-09-21 10:20:49.177]: deleting directory: C:\Users\monal\AppData\Local\Temp\tmpnb\var\cache\netigso\org.eclipse.osgi\bundles\21
[2024-09-21 10:20:49.177]: deleting file: C:\Users\monal\AppData\Local\Temp\tmpnb\var\cache\netigso\org.eclipse.osgi\bundles\211\1\bundlefile
[2024-09-21 10:20:49.178]: deleting directory: C:\Users\monal\AppData\Local\Temp\tmpnb\var\cache\netigso\org.eclipse.osgi\bundles\211\1
[2024-09-21 10:20:49.178]: deleting directory: C:\Users\monal\AppData\Local\Temp\tmpnb\var\cache\netigso\org.eclipse.osgi\bundles\211
[2024-09-21 10:20:49.184]: deleting file: C:\Users\monal\AppData\Local\Temp\tmpnb\var\cache\netigso\org.eclipse.osgi\bundles\213\1\bundlefile
[2024-09-21 10:20:49.184]: deleting directory: C:\Users\monal\AppData\Local\Temp\tmpnb\var\cache\netigso\org.eclipse.osgi\bundles\213\1
[2024-09-21 10:20:49.185]: deleting directory: C:\Users\monal\AppData\Local\Temp\tmpnb\var\cache\netigso\org.eclipse.osgi\bundles\213
[2024-09-21 10:20:49.185]: deleting file: C:\Users\monal\AppData\Local\Temp\tmpnb\var\cache\netigso\org.eclipse.osgi\bundles\214\1\bundlefile
[2024-09-21 10:20:49.186]: deleting directory: C:\Users\monal\AppData\Local\Temp\tmpnb\var\cache\netigso\org.eclipse.osgi\bundles\214\1
[2024-09-21 10:20:49.186]: deleting directory: C:\Users\monal\AppData\Local\Temp\tmpnb\var\cache\netigso\org.eclipse.osgi\bundles\214
[2024-09-21 10:20:49.187]: deleting file: C:\Users\monal\AppData\Local\Temp\tmpnb\var\cache\netigso\org.eclipse.osgi\bundles\215\1\bundlefile
[2024-09-21 10:20:49.187]: deleting directory: C:\Users\monal\AppData\Local\Temp\tmpnb\var\cache\netigso\org.eclipse.osgi\bundles\215\1
[2024-09-21 10:20:49.187]: deleting directory: C:\Users\monal\AppData\Local\Temp\tmpnb\var\cache\netigso\org.eclipse.osgi\bundles\215
[2024-09-21 10:20:49.188]: deleting file: C:\Users\monal\AppData\Local\Temp\tmpnb\var\cache\netigso\org.eclipse.osgi\bundles\216\1\bundlefile
[2024-09-21 10:20:49.189]: deleting directory: C:\Users\monal\AppData\Local\Temp\tmpnb\var\cache\netigso\org.eclipse.osgi\bundles\216\1
[2024-09-21 10:20:49.189]: deleting directory: C:\Users\monal\AppData\Local\Temp\tmpnb\var\cache\netigso\org.eclipse.osgi\bundles\216
[2024-09-21 10:20:49.189]: deleting file: C:\Users\monal\AppData\Local\Temp\tmpnb\var\cache\netigso\org.eclipse.osgi\bundles\217\1\bundlefile
[2024-09-21 10:20:49.190]: deleting directory: C:\Users\monal\AppData\Local\Temp\tmpnb\var\cache\netigso\org.eclipse.osgi\bundles\217\1
[2024-09-21 10:20:49.190]: deleting directory: C:\Users\monal\AppData\Local\Temp\tmpnb\var\cache\netigso\org.eclipse.osgi\bundles\217
[2024-09-21 10:20:49.192]: deleting file: C:\Users\monal\AppData\Local\Temp\tmpnb\var\cache\netigso\org.eclipse.osgi\bundles\218\1\bundlefile
[2024-09-21 10:20:49.192]: deleting directory: C:\Users\monal\AppData\Local\Temp\tmpnb\var\cache\netigso\org.eclipse.osgi\bundles\218\1
[2024-09-21 10:20:49.192]: deleting directory: C:\Users\monal\AppData\Local\Temp\tmpnb\var\cache\netigso\org.eclipse.osgi\bundles\218
[2024-09-21 10:20:49.192]: deleting file: C:\Users\monal\AppData\Local\Temp\tmpnb\var\cache\netigso\org.eclipse.osgi\bundles\219\1\bundlefile
[2024-09-21 10:20:49.193]: deleting directory: C:\Users\monal\AppData\Local\Temp\tmpnb\var\cache\netigso\org.eclipse.osgi\bundles\219\1
[2024-09-21 10:20:49.193]: deleting directory: C:\Users\monal\AppData\Local\Temp\tmpnb\var\cache\netigso\org.eclipse.osgi\bundles\219
[2024-09-21 10:20:49.193]: deleting file: C:\Users\monal\AppData\Local\Temp\tmpnb\var\cache\netigso\org.eclipse.osgi\bundles\22\1\bundlefile
[2024-09-21 10:20:49.195]: deleting directory: C:\Users\monal\AppData\Local\Temp\tmpnb\var\cache\netigso\org.eclipse.osgi\bundles\22\1
[2024-09-21 10:20:49.195]: deleting directory: C:\Users\monal\AppData\Local\Temp\tmpnb\var\cache\netigso\org.eclipse.osgi\bundles\22
[2024-09-21 10:20:49.195]: deleting file: C:\Users\monal\AppData\Local\Temp\tmpnb\var\cache\netigso\org.eclipse.osgi\bundles\220\1\bundlefile
[2024-09-21 10:20:49.195]: deleting directory: C:\Users\monal\AppData\Local\Temp\tmpnb\var\cache\netigso\org.eclipse.osgi\bundles\220\1
[2024-09-21 10:20:49.196]: deleting directory: C:\Users\monal\AppData\Local\Temp\tmpnb\var\cache\netigso\org.eclipse.osgi\bundles\220
[2024-09-21 10:20:49.196]: deleting file: C:\Users\monal\AppData\Local\Temp\tmpnb\var\cache\netigso\org.eclipse.osgi\bundles\221\1\bundlefile
[2024-09-21 10:20:49.196]: deleting directory: C:\Users\monal\AppData\Local\Temp\tmpnb\var\cache\netigso\org.eclipse.osgi\bundles\221\1
[2024-09-21 10:20:49.196]: deleting directory: C:\Users\monal\AppData\Local\Temp\tmpnb\var\cache\netigso\org.eclipse.osgi\bundles\221
[2024-09-21 10:20:49.198]: deleting file: C:\Users\monal\AppData\Local\Temp\tmpnb\var\cache\netigso\org.eclipse.osgi\bundles\222\1\bundlefile
[2024-09-21 10:20:49.199]: deleting directory: C:\Users\monal\AppData\Local\Temp\tmpnb\var\cache\netigso\org.eclipse.osgi\bundles\222\1
[2024-09-21 10:20:49.199]: deleting directory: C:\Users\monal\AppData\Local\Temp\tmpnb\var\cache\netigso\org.eclipse.osgi\bundles\222
[2024-09-21 10:20:49.200]: deleting file: C:\Users\monal\AppData\Local\Temp\tmpnb\var\cache\netigso\org.eclipse.osgi\bundles\223\1\bundlefile
[2024-09-21 10:20:49.200]: deleting directory: C:\Users\monal\AppData\Local\Temp\tmpnb\var\cache\netigso\org.eclipse.osgi\bundles\223\1
[2024-09-21 10:20:49.201]: deleting directory: C:\Users\monal\AppData\Local\Temp\tmpnb\var\cache\netigso\org.eclipse.osgi\bundles\223
[2024-09-21 10:20:49.201]: deleting file: C:\Users\monal\AppData\Local\Temp\tmpnb\var\cache\netigso\org.eclipse.osgi\bundles\224\1\bundlefile
[2024-09-21 10:20:49.202]: deleting directory: C:\Users\monal\AppData\Local\Temp\tmpnb\var\cache\netigso\org.eclipse.osgi\bundles\224\1
[2024-09-21 10:20:49.202]: deleting directory: C:\Users\monal\AppData\Local\Temp\tmpnb\var\cache\netigso\org.eclipse.osgi\bundles\224
[2024-09-21 10:20:49.202]: deleting file: C:\Users\monal\AppData\Local\Temp\tmpnb\var\cache\netigso\org.eclipse.osgi\bundles\225\1\bundlefile
[2024-09-21 10:20:49.203]: deleting directory: C:\Users\monal\AppData\Local\Temp\tmpnb\var\cache\netigso\org.eclipse.osgi\bundles\225\1
[2024-09-21 10:20:49.203]: deleting directory: C:\Users\monal\AppData\Local\Temp\tmpnb\var\cache\netigso\org.eclipse.osgi\bundles\225
[2024-09-21 10:20:49.204]: deleting file: C:\Users\monal\AppData\Local\Temp\tmpnb\var\cache\netigso\org.eclipse.osgi\bundles\226\1\bundlefile
[2024-09-21 10:20:49.204]: deleting directory: C:\Users\monal\AppData\Local\Temp\tmpnb\var\cache\netigso\org.eclipse.osgi\bundles\226\1
[2024-09-21 10:20:49.204]: deleting directory: C:\Users\monal\AppData\Local\Temp\tmpnb\var\cache\netigso\org.eclipse.osgi\bundles\226
[2024-09-21 10:20:49.204]: deleting file: C:\Users\monal\AppData\Local\Temp\tmpnb\var\cache\netigso\org.eclipse.osgi\bundles\227\1\bundlefile
[2024-09-21 10:20:49.206]: deleting directory: C:\Users\monal\AppData\Local\Temp\tmpnb\var\cache\netigso\org.eclipse.osgi\bundles\227\1
[2024-09-21 10:20:49.206]: deleting directory: C:\Users\monal\AppData\Local\Temp\tmpnb\var\cache\netigso\org.eclipse.osgi\bundles\227
[2024-09-21 10:20:49.207]: deleting file: C:\Users\monal\AppData\Local\Temp\tmpnb\var\cache\netigso\org.eclipse.osgi\bundles\229\1\bundlefile
[2024-09-21 10:20:49.207]: deleting directory: C:\Users\monal\AppData\Local\Temp\tmpnb\var\cache\netigso\org.eclipse.osgi\bundles\229\1
[2024-09-21 10:20:49.207]: deleting directory: C:\Users\monal\AppData\Local\Temp\tmpnb\var\cache\netigso\org.eclipse.osgi\bundles\229
[2024-09-21 10:20:49.208]: deleting file: C:\Users\monal\AppData\Local\Temp\tmpnb\var\cache\netigso\org.eclipse.osgi\bundles\23\1\bundlefile
[2024-09-21 10:20:49.209]: deleting directory: C:\Users\monal\AppData\Local\Temp\tmpnb\var\cache\netigso\org.eclipse.osgi\bundles\23\1
[2024-09-21 10:20:49.209]: deleting directory: C:\Users\monal\AppData\Local\Temp\tmpnb\var\cache\netigso\org.eclipse.osgi\bundles\23
[2024-09-21 10:20:49.209]: deleting file: C:\Users\monal\AppData\Local\Temp\tmpnb\var\cache\netigso\org.eclipse.osgi\bundles\230\1\bundlefile
[2024-09-21 10:20:49.210]: deleting directory: C:\Users\monal\AppData\Local\Temp\tmpnb\var\cache\netigso\org.eclipse.osgi\bundles\230\1
[2024-09-21 10:20:49.210]: deleting directory: C:\Users\monal\AppData\Local\Temp\tmpnb\var\cache\netigso\org.eclipse.osgi\bundles\230
[2024-09-21 10:20:49.210]: deleting file: C:\Users\monal\AppData\Local\Temp\tmpnb\var\cache\netigso\org.eclipse.osgi\bundles\231\1\bundlefile
[2024-09-21 10:20:49.211]: deleting directory: C:\Users\monal\AppData\Local\Temp\tmpnb\var\cache\netigso\org.eclipse.osgi\bundles\231\1
[2024-09-21 10:20:49.211]: deleting directory: C:\Users\monal\AppData\Local\Temp\tmpnb\var\cache\netigso\org.eclipse.osgi\bundles\231
[2024-09-21 10:20:49.214]: deleting file: C:\Users\monal\AppData\Local\Temp\tmpnb\var\cache\netigso\org.eclipse.osgi\bundles\232\1\bundlefile
[2024-09-21 10:20:49.215]: deleting directory: C:\Users\monal\AppData\Local\Temp\tmpnb\var\cache\netigso\org.eclipse.osgi\bundles\232\1
[2024-09-21 10:20:49.215]: deleting directory: C:\Users\monal\AppData\Local\Temp\tmpnb\var\cache\netigso\org.eclipse.osgi\bundles\232
[2024-09-21 10:20:49.216]: deleting file: C:\Users\monal\AppData\Local\Temp\tmpnb\var\cache\netigso\org.eclipse.osgi\bundles\233\1\bundlefile
[2024-09-21 10:20:49.216]: deleting directory: C:\Users\monal\AppData\Local\Temp\tmpnb\var\cache\netigso\org.eclipse.osgi\bundles\233\1
[2024-09-21 10:20:49.216]: deleting directory: C:\Users\monal\AppData\Local\Temp\tmpnb\var\cache\netigso\org.eclipse.osgi\bundles\233
[2024-09-21 10:20:49.217]: deleting file: C:\Users\monal\AppData\Local\Temp\tmpnb\var\cache\netigso\org.eclipse.osgi\bundles\235\1\bundlefile
[2024-09-21 10:20:49.217]: deleting directory: C:\Users\monal\AppData\Local\Temp\tmpnb\var\cache\netigso\org.eclipse.osgi\bundles\235\1
[2024-09-21 10:20:49.217]: deleting directory: C:\Users\monal\AppData\Local\Temp\tmpnb\var\cache\netigso\org.eclipse.osgi\bundles\235
[2024-09-21 10:20:49.218]: deleting file: C:\Users\monal\AppData\Local\Temp\tmpnb\var\cache\netigso\org.eclipse.osgi\bundles\236\1\bundlefile
[2024-09-21 10:20:49.218]: deleting directory: C:\Users\monal\AppData\Local\Temp\tmpnb\var\cache\netigso\org.eclipse.osgi\bundles\236\1
[2024-09-21 10:20:49.218]: deleting directory: C:\Users\monal\AppData\Local\Temp\tmpnb\var\cache\netigso\org.eclipse.osgi\bundles\236
[2024-09-21 10:20:49.219]: deleting file: C:\Users\monal\AppData\Local\Temp\tmpnb\var\cache\netigso\org.eclipse.osgi\bundles\238\1\bundlefile
[2024-09-21 10:20:49.219]: deleting directory: C:\Users\monal\AppData\Local\Temp\tmpnb\var\cache\netigso\org.eclipse.osgi\bundles\238\1
[2024-09-21 10:20:49.219]: deleting directory: C:\Users\monal\AppData\Local\Temp\tmpnb\var\cache\netigso\org.eclipse.osgi\bundles\238
[2024-09-21 10:20:49.220]: deleting file: C:\Users\monal\AppData\Local\Temp\tmpnb\var\cache\netigso\org.eclipse.osgi\bundles\239\1\bundlefile
[2024-09-21 10:20:49.220]: deleting directory: C:\Users\monal\AppData\Local\Temp\tmpnb\var\cache\netigso\org.eclipse.osgi\bundles\239\1
[2024-09-21 10:20:49.221]: deleting directory: C:\Users\monal\AppData\Local\Temp\tmpnb\var\cache\netigso\org.eclipse.osgi\bundles\239
[2024-09-21 10:20:49.221]: deleting file: C:\Users\monal\AppData\Local\Temp\tmpnb\var\cache\netigso\org.eclipse.osgi\bundles\240\1\bundlefile
[2024-09-21 10:20:49.222]: deleting directory: C:\Users\monal\AppData\Local\Temp\tmpnb\var\cache\netigso\org.eclipse.osgi\bundles\240\1
[2024-09-21 10:20:49.222]: deleting directory: C:\Users\monal\AppData\Local\Temp\tmpnb\var\cache\netigso\org.eclipse.osgi\bundles\240
[2024-09-21 10:20:49.222]: deleting file: C:\Users\monal\AppData\Local\Temp\tmpnb\var\cache\netigso\org.eclipse.osgi\bundles\241\1\bundlefile
[2024-09-21 10:20:49.223]: deleting directory: C:\Users\monal\AppData\Local\Temp\tmpnb\var\cache\netigso\org.eclipse.osgi\bundles\241\1
[2024-09-21 10:20:49.223]: deleting directory: C:\Users\monal\AppData\Local\Temp\tmpnb\var\cache\netigso\org.eclipse.osgi\bundles\241
[2024-09-21 10:20:49.223]: deleting file: C:\Users\monal\AppData\Local\Temp\tmpnb\var\cache\netigso\org.eclipse.osgi\bundles\242\1\bundlefile
[2024-09-21 10:20:49.225]: deleting directory: C:\Users\monal\AppData\Local\Temp\tmpnb\var\cache\netigso\org.eclipse.osgi\bundles\242\1
[2024-09-21 10:20:49.225]: deleting directory: C:\Users\monal\AppData\Local\Temp\tmpnb\var\cache\netigso\org.eclipse.osgi\bundles\242
[2024-09-21 10:20:49.225]: deleting file: C:\Users\monal\AppData\Local\Temp\tmpnb\var\cache\netigso\org.eclipse.osgi\bundles\243\1\bundlefile
[2024-09-21 10:20:49.225]: deleting directory: C:\Users\monal\AppData\Local\Temp\tmpnb\var\cache\netigso\org.eclipse.osgi\bundles\243\1
[2024-09-21 10:20:49.226]: deleting directory: C:\Users\monal\AppData\Local\Temp\tmpnb\var\cache\netigso\org.eclipse.osgi\bundles\243
[2024-09-21 10:20:49.230]: deleting file: C:\Users\monal\AppData\Local\Temp\tmpnb\var\cache\netigso\org.eclipse.osgi\bundles\244\1\bundlefile
[2024-09-21 10:20:49.231]: deleting directory: C:\Users\monal\AppData\Local\Temp\tmpnb\var\cache\netigso\org.eclipse.osgi\bundles\244\1
[2024-09-21 10:20:49.231]: deleting directory: C:\Users\monal\AppData\Local\Temp\tmpnb\var\cache\netigso\org.eclipse.osgi\bundles\244
[2024-09-21 10:20:49.232]: deleting file: C:\Users\monal\AppData\Local\Temp\tmpnb\var\cache\netigso\org.eclipse.osgi\bundles\246\1\bundlefile
[2024-09-21 10:20:49.234]: deleting directory: C:\Users\monal\AppData\Local\Temp\tmpnb\var\cache\netigso\org.eclipse.osgi\bundles\246\1
[2024-09-21 10:20:49.234]: deleting directory: C:\Users\monal\AppData\Local\Temp\tmpnb\var\cache\netigso\org.eclipse.osgi\bundles\246
[2024-09-21 10:20:49.235]: deleting file: C:\Users\monal\AppData\Local\Temp\tmpnb\var\cache\netigso\org.eclipse.osgi\bundles\247\1\bundlefile
[2024-09-21 10:20:49.235]: deleting directory: C:\Users\monal\AppData\Local\Temp\tmpnb\var\cache\netigso\org.eclipse.osgi\bundles\247\1
[2024-09-21 10:20:49.235]: deleting directory: C:\Users\monal\AppData\Local\Temp\tmpnb\var\cache\netigso\org.eclipse.osgi\bundles\247
[2024-09-21 10:20:49.236]: deleting file: C:\Users\monal\AppData\Local\Temp\tmpnb\var\cache\netigso\org.eclipse.osgi\bundles\249\1\bundlefile
[2024-09-21 10:20:49.236]: deleting directory: C:\Users\monal\AppData\Local\Temp\tmpnb\var\cache\netigso\org.eclipse.osgi\bundles\249\1
[2024-09-21 10:20:49.238]: deleting directory: C:\Users\monal\AppData\Local\Temp\tmpnb\var\cache\netigso\org.eclipse.osgi\bundles\249
[2024-09-21 10:20:49.239]: deleting file: C:\Users\monal\AppData\Local\Temp\tmpnb\var\cache\netigso\org.eclipse.osgi\bundles\250\1\bundlefile
[2024-09-21 10:20:49.239]: deleting directory: C:\Users\monal\AppData\Local\Temp\tmpnb\var\cache\netigso\org.eclipse.osgi\bundles\250\1
[2024-09-21 10:20:49.240]: deleting directory: C:\Users\monal\AppData\Local\Temp\tmpnb\var\cache\netigso\org.eclipse.osgi\bundles\250
[2024-09-21 10:20:49.240]: deleting file: C:\Users\monal\AppData\Local\Temp\tmpnb\var\cache\netigso\org.eclipse.osgi\bundles\251\1\bundlefile
[2024-09-21 10:20:49.241]: deleting directory: C:\Users\monal\AppData\Local\Temp\tmpnb\var\cache\netigso\org.eclipse.osgi\bundles\251\1
[2024-09-21 10:20:49.241]: deleting directory: C:\Users\monal\AppData\Local\Temp\tmpnb\var\cache\netigso\org.eclipse.osgi\bundles\251
[2024-09-21 10:20:49.243]: deleting file: C:\Users\monal\AppData\Local\Temp\tmpnb\var\cache\netigso\org.eclipse.osgi\bundles\252\1\bundlefile
[2024-09-21 10:20:49.243]: deleting directory: C:\Users\monal\AppData\Local\Temp\tmpnb\var\cache\netigso\org.eclipse.osgi\bundles\252\1
[2024-09-21 10:20:49.243]: deleting directory: C:\Users\monal\AppData\Local\Temp\tmpnb\var\cache\netigso\org.eclipse.osgi\bundles\252
[2024-09-21 10:20:49.244]: deleting file: C:\Users\monal\AppData\Local\Temp\tmpnb\var\cache\netigso\org.eclipse.osgi\bundles\253\1\bundlefile
[2024-09-21 10:20:49.247]: deleting directory: C:\Users\monal\AppData\Local\Temp\tmpnb\var\cache\netigso\org.eclipse.osgi\bundles\253\1
[2024-09-21 10:20:49.249]: deleting directory: C:\Users\monal\AppData\Local\Temp\tmpnb\var\cache\netigso\org.eclipse.osgi\bundles\253
[2024-09-21 10:20:49.251]: deleting file: C:\Users\monal\AppData\Local\Temp\tmpnb\var\cache\netigso\org.eclipse.osgi\bundles\254\1\bundlefile
[2024-09-21 10:20:49.251]: deleting directory: C:\Users\monal\AppData\Local\Temp\tmpnb\var\cache\netigso\org.eclipse.osgi\bundles\254\1
[2024-09-21 10:20:49.251]: deleting directory: C:\Users\monal\AppData\Local\Temp\tmpnb\var\cache\netigso\org.eclipse.osgi\bundles\254
[2024-09-21 10:20:49.252]: deleting file: C:\Users\monal\AppData\Local\Temp\tmpnb\var\cache\netigso\org.eclipse.osgi\bundles\255\1\bundlefile
[2024-09-21 10:20:49.252]: deleting directory: C:\Users\monal\AppData\Local\Temp\tmpnb\var\cache\netigso\org.eclipse.osgi\bundles\255\1
[2024-09-21 10:20:49.253]: deleting directory: C:\Users\monal\AppData\Local\Temp\tmpnb\var\cache\netigso\org.eclipse.osgi\bundles\255
[2024-09-21 10:20:49.253]: deleting file: C:\Users\monal\AppData\Local\Temp\tmpnb\var\cache\netigso\org.eclipse.osgi\bundles\256\1\bundlefile
[2024-09-21 10:20:49.254]: deleting directory: C:\Users\monal\AppData\Local\Temp\tmpnb\var\cache\netigso\org.eclipse.osgi\bundles\256\1
[2024-09-21 10:20:49.254]: deleting directory: C:\Users\monal\AppData\Local\Temp\tmpnb\var\cache\netigso\org.eclipse.osgi\bundles\256
[2024-09-21 10:20:49.254]: deleting file: C:\Users\monal\AppData\Local\Temp\tmpnb\var\cache\netigso\org.eclipse.osgi\bundles\257\1\bundlefile
[2024-09-21 10:20:49.255]: deleting directory: C:\Users\monal\AppData\Local\Temp\tmpnb\var\cache\netigso\org.eclipse.osgi\bundles\257\1
[2024-09-21 10:20:49.255]: deleting directory: C:\Users\monal\AppData\Local\Temp\tmpnb\var\cache\netigso\org.eclipse.osgi\bundles\257
[2024-09-21 10:20:49.255]: deleting file: C:\Users\monal\AppData\Local\Temp\tmpnb\var\cache\netigso\org.eclipse.osgi\bundles\258\1\bundlefile
[2024-09-21 10:20:49.255]: deleting directory: C:\Users\monal\AppData\Local\Temp\tmpnb\var\cache\netigso\org.eclipse.osgi\bundles\258\1
[2024-09-21 10:20:49.257]: deleting directory: C:\Users\monal\AppData\Local\Temp\tmpnb\var\cache\netigso\org.eclipse.osgi\bundles\258
[2024-09-21 10:20:49.257]: deleting file: C:\Users\monal\AppData\Local\Temp\tmpnb\var\cache\netigso\org.eclipse.osgi\bundles\259\1\bundlefile
[2024-09-21 10:20:49.257]: deleting directory: C:\Users\monal\AppData\Local\Temp\tmpnb\var\cache\netigso\org.eclipse.osgi\bundles\259\1
[2024-09-21 10:20:49.257]: deleting directory: C:\Users\monal\AppData\Local\Temp\tmpnb\var\cache\netigso\org.eclipse.osgi\bundles\259
[2024-09-21 10:20:49.258]: deleting file: C:\Users\monal\AppData\Local\Temp\tmpnb\var\cache\netigso\org.eclipse.osgi\bundles\26\1\bundlefile
[2024-09-21 10:20:49.258]: deleting directory: C:\Users\monal\AppData\Local\Temp\tmpnb\var\cache\netigso\org.eclipse.osgi\bundles\26\1
[2024-09-21 10:20:49.258]: deleting directory: C:\Users\monal\AppData\Local\Temp\tmpnb\var\cache\netigso\org.eclipse.osgi\bundles\26
[2024-09-21 10:20:49.259]: deleting file: C:\Users\monal\AppData\Local\Temp\tmpnb\var\cache\netigso\org.eclipse.osgi\bundles\260\1\bundlefile
[2024-09-21 10:20:49.259]: deleting directory: C:\Users\monal\AppData\Local\Temp\tmpnb\var\cache\netigso\org.eclipse.osgi\bundles\260\1
[2024-09-21 10:20:49.260]: deleting directory: C:\Users\monal\AppData\Local\Temp\tmpnb\var\cache\netigso\org.eclipse.osgi\bundles\260
[2024-09-21 10:20:49.260]: deleting file: C:\Users\monal\AppData\Local\Temp\tmpnb\var\cache\netigso\org.eclipse.osgi\bundles\261\1\bundlefile
[2024-09-21 10:20:49.260]: deleting directory: C:\Users\monal\AppData\Local\Temp\tmpnb\var\cache\netigso\org.eclipse.osgi\bundles\261\1
[2024-09-21 10:20:49.262]: deleting directory: C:\Users\monal\AppData\Local\Temp\tmpnb\var\cache\netigso\org.eclipse.osgi\bundles\261
[2024-09-21 10:20:49.262]: deleting file: C:\Users\monal\AppData\Local\Temp\tmpnb\var\cache\netigso\org.eclipse.osgi\bundles\264\1\bundlefile
[2024-09-21 10:20:49.263]: deleting directory: C:\Users\monal\AppData\Local\Temp\tmpnb\var\cache\netigso\org.eclipse.osgi\bundles\264\1
[2024-09-21 10:20:49.263]: deleting directory: C:\Users\monal\AppData\Local\Temp\tmpnb\var\cache\netigso\org.eclipse.osgi\bundles\264
[2024-09-21 10:20:49.263]: deleting file: C:\Users\monal\AppData\Local\Temp\tmpnb\var\cache\netigso\org.eclipse.osgi\bundles\265\1\bundlefile
[2024-09-21 10:20:49.263]: deleting directory: C:\Users\monal\AppData\Local\Temp\tmpnb\var\cache\netigso\org.eclipse.osgi\bundles\265\1
[2024-09-21 10:20:49.263]: deleting directory: C:\Users\monal\AppData\Local\Temp\tmpnb\var\cache\netigso\org.eclipse.osgi\bundles\265
[2024-09-21 10:20:49.264]: deleting file: C:\Users\monal\AppData\Local\Temp\tmpnb\var\cache\netigso\org.eclipse.osgi\bundles\266\1\bundlefile
[2024-09-21 10:20:49.264]: deleting directory: C:\Users\monal\AppData\Local\Temp\tmpnb\var\cache\netigso\org.eclipse.osgi\bundles\266\1
[2024-09-21 10:20:49.264]: deleting directory: C:\Users\monal\AppData\Local\Temp\tmpnb\var\cache\netigso\org.eclipse.osgi\bundles\266
[2024-09-21 10:20:49.265]: deleting file: C:\Users\monal\AppData\Local\Temp\tmpnb\var\cache\netigso\org.eclipse.osgi\bundles\267\1\bundlefile
[2024-09-21 10:20:49.265]: deleting directory: C:\Users\monal\AppData\Local\Temp\tmpnb\var\cache\netigso\org.eclipse.osgi\bundles\267\1
[2024-09-21 10:20:49.266]: deleting directory: C:\Users\monal\AppData\Local\Temp\tmpnb\var\cache\netigso\org.eclipse.osgi\bundles\267
[2024-09-21 10:20:49.266]: deleting file: C:\Users\monal\AppData\Local\Temp\tmpnb\var\cache\netigso\org.eclipse.osgi\bundles\268\1\bundlefile
[2024-09-21 10:20:49.266]: deleting directory: C:\Users\monal\AppData\Local\Temp\tmpnb\var\cache\netigso\org.eclipse.osgi\bundles\268\1
[2024-09-21 10:20:49.267]: deleting directory: C:\Users\monal\AppData\Local\Temp\tmpnb\var\cache\netigso\org.eclipse.osgi\bundles\268
[2024-09-21 10:20:49.267]: deleting file: C:\Users\monal\AppData\Local\Temp\tmpnb\var\cache\netigso\org.eclipse.osgi\bundles\269\1\bundlefile
[2024-09-21 10:20:49.269]: deleting directory: C:\Users\monal\AppData\Local\Temp\tmpnb\var\cache\netigso\org.eclipse.osgi\bundles\269\1
[2024-09-21 10:20:49.269]: deleting directory: C:\Users\monal\AppData\Local\Temp\tmpnb\var\cache\netigso\org.eclipse.osgi\bundles\269
[2024-09-21 10:20:49.269]: deleting file: C:\Users\monal\AppData\Local\Temp\tmpnb\var\cache\netigso\org.eclipse.osgi\bundles\27\1\bundlefile
[2024-09-21 10:20:49.270]: deleting directory: C:\Users\monal\AppData\Local\Temp\tmpnb\var\cache\netigso\org.eclipse.osgi\bundles\27\1
[2024-09-21 10:20:49.270]: deleting directory: C:\Users\monal\AppData\Local\Temp\tmpnb\var\cache\netigso\org.eclipse.osgi\bundles\27
[2024-09-21 10:20:49.271]: deleting file: C:\Users\monal\AppData\Local\Temp\tmpnb\var\cache\netigso\org.eclipse.osgi\bundles\270\1\bundlefile
[2024-09-21 10:20:49.272]: deleting directory: C:\Users\monal\AppData\Local\Temp\tmpnb\var\cache\netigso\org.eclipse.osgi\bundles\270\1
[2024-09-21 10:20:49.272]: deleting directory: C:\Users\monal\AppData\Local\Temp\tmpnb\var\cache\netigso\org.eclipse.osgi\bundles\270
[2024-09-21 10:20:49.275]: deleting file: C:\Users\monal\AppData\Local\Temp\tmpnb\var\cache\netigso\org.eclipse.osgi\bundles\272\1\bundlefile
[2024-09-21 10:20:49.276]: deleting directory: C:\Users\monal\AppData\Local\Temp\tmpnb\var\cache\netigso\org.eclipse.osgi\bundles\272\1
[2024-09-21 10:20:49.276]: deleting directory: C:\Users\monal\AppData\Local\Temp\tmpnb\var\cache\netigso\org.eclipse.osgi\bundles\272
[2024-09-21 10:20:49.277]: deleting file: C:\Users\monal\AppData\Local\Temp\tmpnb\var\cache\netigso\org.eclipse.osgi\bundles\273\1\bundlefile
[2024-09-21 10:20:49.277]: deleting directory: C:\Users\monal\AppData\Local\Temp\tmpnb\var\cache\netigso\org.eclipse.osgi\bundles\273\1
[2024-09-21 10:20:49.278]: deleting directory: C:\Users\monal\AppData\Local\Temp\tmpnb\var\cache\netigso\org.eclipse.osgi\bundles\273
[2024-09-21 10:20:49.278]: deleting file: C:\Users\monal\AppData\Local\Temp\tmpnb\var\cache\netigso\org.eclipse.osgi\bundles\28\1\bundlefile
[2024-09-21 10:20:49.278]: deleting directory: C:\Users\monal\AppData\Local\Temp\tmpnb\var\cache\netigso\org.eclipse.osgi\bundles\28\1
[2024-09-21 10:20:49.280]: deleting directory: C:\Users\monal\AppData\Local\Temp\tmpnb\var\cache\netigso\org.eclipse.osgi\bundles\28
[2024-09-21 10:20:49.280]: deleting file: C:\Users\monal\AppData\Local\Temp\tmpnb\var\cache\netigso\org.eclipse.osgi\bundles\29\1\bundlefile
[2024-09-21 10:20:49.281]: deleting directory: C:\Users\monal\AppData\Local\Temp\tmpnb\var\cache\netigso\org.eclipse.osgi\bundles\29\1
[2024-09-21 10:20:49.281]: deleting directory: C:\Users\monal\AppData\Local\Temp\tmpnb\var\cache\netigso\org.eclipse.osgi\bundles\29
[2024-09-21 10:20:49.281]: deleting file: C:\Users\monal\AppData\Local\Temp\tmpnb\var\cache\netigso\org.eclipse.osgi\bundles\30\1\bundlefile
[2024-09-21 10:20:49.282]: deleting directory: C:\Users\monal\AppData\Local\Temp\tmpnb\var\cache\netigso\org.eclipse.osgi\bundles\30\1
[2024-09-21 10:20:49.282]: deleting directory: C:\Users\monal\AppData\Local\Temp\tmpnb\var\cache\netigso\org.eclipse.osgi\bundles\30
[2024-09-21 10:20:49.282]: deleting file: C:\Users\monal\AppData\Local\Temp\tmpnb\var\cache\netigso\org.eclipse.osgi\bundles\31\1\bundlefile
[2024-09-21 10:20:49.283]: deleting directory: C:\Users\monal\AppData\Local\Temp\tmpnb\var\cache\netigso\org.eclipse.osgi\bundles\31\1
[2024-09-21 10:20:49.283]: deleting directory: C:\Users\monal\AppData\Local\Temp\tmpnb\var\cache\netigso\org.eclipse.osgi\bundles\31
[2024-09-21 10:20:49.283]: deleting file: C:\Users\monal\AppData\Local\Temp\tmpnb\var\cache\netigso\org.eclipse.osgi\bundles\32\1\bundlefile
[2024-09-21 10:20:49.283]: deleting directory: C:\Users\monal\AppData\Local\Temp\tmpnb\var\cache\netigso\org.eclipse.osgi\bundles\32\1
[2024-09-21 10:20:49.284]: deleting directory: C:\Users\monal\AppData\Local\Temp\tmpnb\var\cache\netigso\org.eclipse.osgi\bundles\32
[2024-09-21 10:20:49.284]: deleting file: C:\Users\monal\AppData\Local\Temp\tmpnb\var\cache\netigso\org.eclipse.osgi\bundles\34\1\bundlefile
[2024-09-21 10:20:49.284]: deleting directory: C:\Users\monal\AppData\Local\Temp\tmpnb\var\cache\netigso\org.eclipse.osgi\bundles\34\1
[2024-09-21 10:20:49.285]: deleting directory: C:\Users\monal\AppData\Local\Temp\tmpnb\var\cache\netigso\org.eclipse.osgi\bundles\34
[2024-09-21 10:20:49.285]: deleting file: C:\Users\monal\AppData\Local\Temp\tmpnb\var\cache\netigso\org.eclipse.osgi\bundles\35\1\bundlefile
[2024-09-21 10:20:49.285]: deleting directory: C:\Users\monal\AppData\Local\Temp\tmpnb\var\cache\netigso\org.eclipse.osgi\bundles\35\1
[2024-09-21 10:20:49.286]: deleting directory: C:\Users\monal\AppData\Local\Temp\tmpnb\var\cache\netigso\org.eclipse.osgi\bundles\35
[2024-09-21 10:20:49.286]: deleting file: C:\Users\monal\AppData\Local\Temp\tmpnb\var\cache\netigso\org.eclipse.osgi\bundles\36\1\bundlefile
[2024-09-21 10:20:49.288]: deleting directory: C:\Users\monal\AppData\Local\Temp\tmpnb\var\cache\netigso\org.eclipse.osgi\bundles\36\1
[2024-09-21 10:20:49.288]: deleting directory: C:\Users\monal\AppData\Local\Temp\tmpnb\var\cache\netigso\org.eclipse.osgi\bundles\36
[2024-09-21 10:20:49.290]: deleting file: C:\Users\monal\AppData\Local\Temp\tmpnb\var\cache\netigso\org.eclipse.osgi\bundles\37\1\bundlefile
[2024-09-21 10:20:49.290]: deleting directory: C:\Users\monal\AppData\Local\Temp\tmpnb\var\cache\netigso\org.eclipse.osgi\bundles\37\1
[2024-09-21 10:20:49.290]: deleting directory: C:\Users\monal\AppData\Local\Temp\tmpnb\var\cache\netigso\org.eclipse.osgi\bundles\37
[2024-09-21 10:20:49.292]: deleting file: C:\Users\monal\AppData\Local\Temp\tmpnb\var\cache\netigso\org.eclipse.osgi\bundles\38\1\bundlefile
[2024-09-21 10:20:49.292]: deleting directory: C:\Users\monal\AppData\Local\Temp\tmpnb\var\cache\netigso\org.eclipse.osgi\bundles\38\1
[2024-09-21 10:20:49.292]: deleting directory: C:\Users\monal\AppData\Local\Temp\tmpnb\var\cache\netigso\org.eclipse.osgi\bundles\38
[2024-09-21 10:20:49.293]: deleting file: C:\Users\monal\AppData\Local\Temp\tmpnb\var\cache\netigso\org.eclipse.osgi\bundles\39\1\bundlefile
[2024-09-21 10:20:49.294]: deleting directory: C:\Users\monal\AppData\Local\Temp\tmpnb\var\cache\netigso\org.eclipse.osgi\bundles\39\1
[2024-09-21 10:20:49.294]: deleting directory: C:\Users\monal\AppData\Local\Temp\tmpnb\var\cache\netigso\org.eclipse.osgi\bundles\39
[2024-09-21 10:20:49.294]: deleting file: C:\Users\monal\AppData\Local\Temp\tmpnb\var\cache\netigso\org.eclipse.osgi\bundles\4\1\bundlefile
[2024-09-21 10:20:49.295]: deleting directory: C:\Users\monal\AppData\Local\Temp\tmpnb\var\cache\netigso\org.eclipse.osgi\bundles\4\1
[2024-09-21 10:20:49.295]: deleting directory: C:\Users\monal\AppData\Local\Temp\tmpnb\var\cache\netigso\org.eclipse.osgi\bundles\4
[2024-09-21 10:20:49.296]: deleting file: C:\Users\monal\AppData\Local\Temp\tmpnb\var\cache\netigso\org.eclipse.osgi\bundles\41\1\bundlefile
[2024-09-21 10:20:49.296]: deleting directory: C:\Users\monal\AppData\Local\Temp\tmpnb\var\cache\netigso\org.eclipse.osgi\bundles\41\1
[2024-09-21 10:20:49.296]: deleting directory: C:\Users\monal\AppData\Local\Temp\tmpnb\var\cache\netigso\org.eclipse.osgi\bundles\41
[2024-09-21 10:20:49.297]: deleting file: C:\Users\monal\AppData\Local\Temp\tmpnb\var\cache\netigso\org.eclipse.osgi\bundles\42\1\bundlefile
[2024-09-21 10:20:49.297]: deleting directory: C:\Users\monal\AppData\Local\Temp\tmpnb\var\cache\netigso\org.eclipse.osgi\bundles\42\1
[2024-09-21 10:20:49.297]: deleting directory: C:\Users\monal\AppData\Local\Temp\tmpnb\var\cache\netigso\org.eclipse.osgi\bundles\42
[2024-09-21 10:20:49.298]: deleting file: C:\Users\monal\AppData\Local\Temp\tmpnb\var\cache\netigso\org.eclipse.osgi\bundles\44\1\bundlefile
[2024-09-21 10:20:49.298]: deleting directory: C:\Users\monal\AppData\Local\Temp\tmpnb\var\cache\netigso\org.eclipse.osgi\bundles\44\1
[2024-09-21 10:20:49.298]: deleting directory: C:\Users\monal\AppData\Local\Temp\tmpnb\var\cache\netigso\org.eclipse.osgi\bundles\44
[2024-09-21 10:20:49.299]: deleting file: C:\Users\monal\AppData\Local\Temp\tmpnb\var\cache\netigso\org.eclipse.osgi\bundles\45\1\bundlefile
[2024-09-21 10:20:49.299]: deleting directory: C:\Users\monal\AppData\Local\Temp\tmpnb\var\cache\netigso\org.eclipse.osgi\bundles\45\1
[2024-09-21 10:20:49.299]: deleting directory: C:\Users\monal\AppData\Local\Temp\tmpnb\var\cache\netigso\org.eclipse.osgi\bundles\45
[2024-09-21 10:20:49.300]: deleting file: C:\Users\monal\AppData\Local\Temp\tmpnb\var\cache\netigso\org.eclipse.osgi\bundles\46\1\bundlefile
[2024-09-21 10:20:49.300]: deleting directory: C:\Users\monal\AppData\Local\Temp\tmpnb\var\cache\netigso\org.eclipse.osgi\bundles\46\1
[2024-09-21 10:20:49.300]: deleting directory: C:\Users\monal\AppData\Local\Temp\tmpnb\var\cache\netigso\org.eclipse.osgi\bundles\46
[2024-09-21 10:20:49.300]: deleting file: C:\Users\monal\AppData\Local\Temp\tmpnb\var\cache\netigso\org.eclipse.osgi\bundles\47\1\bundlefile
[2024-09-21 10:20:49.302]: deleting directory: C:\Users\monal\AppData\Local\Temp\tmpnb\var\cache\netigso\org.eclipse.osgi\bundles\47\1
[2024-09-21 10:20:49.302]: deleting directory: C:\Users\monal\AppData\Local\Temp\tmpnb\var\cache\netigso\org.eclipse.osgi\bundles\47
[2024-09-21 10:20:49.305]: deleting file: C:\Users\monal\AppData\Local\Temp\tmpnb\var\cache\netigso\org.eclipse.osgi\bundles\48\1\bundlefile
[2024-09-21 10:20:49.307]: deleting directory: C:\Users\monal\AppData\Local\Temp\tmpnb\var\cache\netigso\org.eclipse.osgi\bundles\48\1
[2024-09-21 10:20:49.307]: deleting directory: C:\Users\monal\AppData\Local\Temp\tmpnb\var\cache\netigso\org.eclipse.osgi\bundles\48
[2024-09-21 10:20:49.307]: deleting file: C:\Users\monal\AppData\Local\Temp\tmpnb\var\cache\netigso\org.eclipse.osgi\bundles\49\1\bundlefile
[2024-09-21 10:20:49.308]: deleting directory: C:\Users\monal\AppData\Local\Temp\tmpnb\var\cache\netigso\org.eclipse.osgi\bundles\49\1
[2024-09-21 10:20:49.308]: deleting directory: C:\Users\monal\AppData\Local\Temp\tmpnb\var\cache\netigso\org.eclipse.osgi\bundles\49
[2024-09-21 10:20:49.308]: deleting file: C:\Users\monal\AppData\Local\Temp\tmpnb\var\cache\netigso\org.eclipse.osgi\bundles\5\1\bundlefile
[2024-09-21 10:20:49.309]: deleting directory: C:\Users\monal\AppData\Local\Temp\tmpnb\var\cache\netigso\org.eclipse.osgi\bundles\5\1
[2024-09-21 10:20:49.309]: deleting directory: C:\Users\monal\AppData\Local\Temp\tmpnb\var\cache\netigso\org.eclipse.osgi\bundles\5
[2024-09-21 10:20:49.309]: deleting file: C:\Users\monal\AppData\Local\Temp\tmpnb\var\cache\netigso\org.eclipse.osgi\bundles\50\1\bundlefile
[2024-09-21 10:20:49.310]: deleting directory: C:\Users\monal\AppData\Local\Temp\tmpnb\var\cache\netigso\org.eclipse.osgi\bundles\50\1
[2024-09-21 10:20:49.310]: deleting directory: C:\Users\monal\AppData\Local\Temp\tmpnb\var\cache\netigso\org.eclipse.osgi\bundles\50
[2024-09-21 10:20:49.311]: deleting file: C:\Users\monal\AppData\Local\Temp\tmpnb\var\cache\netigso\org.eclipse.osgi\bundles\52\1\bundlefile
[2024-09-21 10:20:49.311]: deleting directory: C:\Users\monal\AppData\Local\Temp\tmpnb\var\cache\netigso\org.eclipse.osgi\bundles\52\1
[2024-09-21 10:20:49.311]: deleting directory: C:\Users\monal\AppData\Local\Temp\tmpnb\var\cache\netigso\org.eclipse.osgi\bundles\52
[2024-09-21 10:20:49.312]: deleting file: C:\Users\monal\AppData\Local\Temp\tmpnb\var\cache\netigso\org.eclipse.osgi\bundles\53\1\bundlefile
[2024-09-21 10:20:49.312]: deleting directory: C:\Users\monal\AppData\Local\Temp\tmpnb\var\cache\netigso\org.eclipse.osgi\bundles\53\1
[2024-09-21 10:20:49.312]: deleting directory: C:\Users\monal\AppData\Local\Temp\tmpnb\var\cache\netigso\org.eclipse.osgi\bundles\53
[2024-09-21 10:20:49.313]: deleting file: C:\Users\monal\AppData\Local\Temp\tmpnb\var\cache\netigso\org.eclipse.osgi\bundles\54\1\bundlefile
[2024-09-21 10:20:49.313]: deleting directory: C:\Users\monal\AppData\Local\Temp\tmpnb\var\cache\netigso\org.eclipse.osgi\bundles\54\1
[2024-09-21 10:20:49.313]: deleting directory: C:\Users\monal\AppData\Local\Temp\tmpnb\var\cache\netigso\org.eclipse.osgi\bundles\54
[2024-09-21 10:20:49.314]: deleting file: C:\Users\monal\AppData\Local\Temp\tmpnb\var\cache\netigso\org.eclipse.osgi\bundles\56\1\bundlefile
[2024-09-21 10:20:49.314]: deleting directory: C:\Users\monal\AppData\Local\Temp\tmpnb\var\cache\netigso\org.eclipse.osgi\bundles\56\1
[2024-09-21 10:20:49.314]: deleting directory: C:\Users\monal\AppData\Local\Temp\tmpnb\var\cache\netigso\org.eclipse.osgi\bundles\56
[2024-09-21 10:20:49.315]: deleting file: C:\Users\monal\AppData\Local\Temp\tmpnb\var\cache\netigso\org.eclipse.osgi\bundles\57\1\bundlefile
[2024-09-21 10:20:49.315]: deleting directory: C:\Users\monal\AppData\Local\Temp\tmpnb\var\cache\netigso\org.eclipse.osgi\bundles\57\1
[2024-09-21 10:20:49.315]: deleting directory: C:\Users\monal\AppData\Local\Temp\tmpnb\var\cache\netigso\org.eclipse.osgi\bundles\57
[2024-09-21 10:20:49.316]: deleting file: C:\Users\monal\AppData\Local\Temp\tmpnb\var\cache\netigso\org.eclipse.osgi\bundles\58\1\bundlefile
[2024-09-21 10:20:49.316]: deleting directory: C:\Users\monal\AppData\Local\Temp\tmpnb\var\cache\netigso\org.eclipse.osgi\bundles\58\1
[2024-09-21 10:20:49.316]: deleting directory: C:\Users\monal\AppData\Local\Temp\tmpnb\var\cache\netigso\org.eclipse.osgi\bundles\58
[2024-09-21 10:20:49.322]: deleting file: C:\Users\monal\AppData\Local\Temp\tmpnb\var\cache\netigso\org.eclipse.osgi\bundles\59\1\bundlefile
[2024-09-21 10:20:49.323]: deleting directory: C:\Users\monal\AppData\Local\Temp\tmpnb\var\cache\netigso\org.eclipse.osgi\bundles\59\1
[2024-09-21 10:20:49.323]: deleting directory: C:\Users\monal\AppData\Local\Temp\tmpnb\var\cache\netigso\org.eclipse.osgi\bundles\59
[2024-09-21 10:20:49.324]: deleting file: C:\Users\monal\AppData\Local\Temp\tmpnb\var\cache\netigso\org.eclipse.osgi\bundles\6\1\bundlefile
[2024-09-21 10:20:49.324]: deleting directory: C:\Users\monal\AppData\Local\Temp\tmpnb\var\cache\netigso\org.eclipse.osgi\bundles\6\1
[2024-09-21 10:20:49.324]: deleting directory: C:\Users\monal\AppData\Local\Temp\tmpnb\var\cache\netigso\org.eclipse.osgi\bundles\6
[2024-09-21 10:20:49.326]: deleting file: C:\Users\monal\AppData\Local\Temp\tmpnb\var\cache\netigso\org.eclipse.osgi\bundles\61\1\bundlefile
[2024-09-21 10:20:49.326]: deleting directory: C:\Users\monal\AppData\Local\Temp\tmpnb\var\cache\netigso\org.eclipse.osgi\bundles\61\1
[2024-09-21 10:20:49.326]: deleting directory: C:\Users\monal\AppData\Local\Temp\tmpnb\var\cache\netigso\org.eclipse.osgi\bundles\61
[2024-09-21 10:20:49.327]: deleting file: C:\Users\monal\AppData\Local\Temp\tmpnb\var\cache\netigso\org.eclipse.osgi\bundles\62\1\bundlefile
[2024-09-21 10:20:49.327]: deleting directory: C:\Users\monal\AppData\Local\Temp\tmpnb\var\cache\netigso\org.eclipse.osgi\bundles\62\1
[2024-09-21 10:20:49.328]: deleting directory: C:\Users\monal\AppData\Local\Temp\tmpnb\var\cache\netigso\org.eclipse.osgi\bundles\62
[2024-09-21 10:20:49.328]: deleting file: C:\Users\monal\AppData\Local\Temp\tmpnb\var\cache\netigso\org.eclipse.osgi\bundles\63\1\bundlefile
[2024-09-21 10:20:49.329]: deleting directory: C:\Users\monal\AppData\Local\Temp\tmpnb\var\cache\netigso\org.eclipse.osgi\bundles\63\1
[2024-09-21 10:20:49.329]: deleting directory: C:\Users\monal\AppData\Local\Temp\tmpnb\var\cache\netigso\org.eclipse.osgi\bundles\63
[2024-09-21 10:20:49.330]: deleting file: C:\Users\monal\AppData\Local\Temp\tmpnb\var\cache\netigso\org.eclipse.osgi\bundles\64\1\bundlefile
[2024-09-21 10:20:49.330]: deleting directory: C:\Users\monal\AppData\Local\Temp\tmpnb\var\cache\netigso\org.eclipse.osgi\bundles\64\1
[2024-09-21 10:20:49.330]: deleting directory: C:\Users\monal\AppData\Local\Temp\tmpnb\var\cache\netigso\org.eclipse.osgi\bundles\64
[2024-09-21 10:20:49.331]: deleting file: C:\Users\monal\AppData\Local\Temp\tmpnb\var\cache\netigso\org.eclipse.osgi\bundles\65\1\bundlefile
[2024-09-21 10:20:49.331]: deleting directory: C:\Users\monal\AppData\Local\Temp\tmpnb\var\cache\netigso\org.eclipse.osgi\bundles\65\1
[2024-09-21 10:20:49.331]: deleting directory: C:\Users\monal\AppData\Local\Temp\tmpnb\var\cache\netigso\org.eclipse.osgi\bundles\65
[2024-09-21 10:20:49.332]: deleting file: C:\Users\monal\AppData\Local\Temp\tmpnb\var\cache\netigso\org.eclipse.osgi\bundles\66\1\bundlefile
[2024-09-21 10:20:49.332]: deleting directory: C:\Users\monal\AppData\Local\Temp\tmpnb\var\cache\netigso\org.eclipse.osgi\bundles\66\1
[2024-09-21 10:20:49.332]: deleting directory: C:\Users\monal\AppData\Local\Temp\tmpnb\var\cache\netigso\org.eclipse.osgi\bundles\66
[2024-09-21 10:20:49.332]: deleting file: C:\Users\monal\AppData\Local\Temp\tmpnb\var\cache\netigso\org.eclipse.osgi\bundles\67\1\bundlefile
[2024-09-21 10:20:49.332]: deleting directory: C:\Users\monal\AppData\Local\Temp\tmpnb\var\cache\netigso\org.eclipse.osgi\bundles\67\1
[2024-09-21 10:20:49.333]: deleting directory: C:\Users\monal\AppData\Local\Temp\tmpnb\var\cache\netigso\org.eclipse.osgi\bundles\67
[2024-09-21 10:20:49.334]: deleting file: C:\Users\monal\AppData\Local\Temp\tmpnb\var\cache\netigso\org.eclipse.osgi\bundles\68\1\bundlefile
[2024-09-21 10:20:49.334]: deleting directory: C:\Users\monal\AppData\Local\Temp\tmpnb\var\cache\netigso\org.eclipse.osgi\bundles\68\1
[2024-09-21 10:20:49.334]: deleting directory: C:\Users\monal\AppData\Local\Temp\tmpnb\var\cache\netigso\org.eclipse.osgi\bundles\68
[2024-09-21 10:20:49.337]: deleting file: C:\Users\monal\AppData\Local\Temp\tmpnb\var\cache\netigso\org.eclipse.osgi\bundles\7\1\bundlefile
[2024-09-21 10:20:49.338]: deleting directory: C:\Users\monal\AppData\Local\Temp\tmpnb\var\cache\netigso\org.eclipse.osgi\bundles\7\1
[2024-09-21 10:20:49.338]: deleting directory: C:\Users\monal\AppData\Local\Temp\tmpnb\var\cache\netigso\org.eclipse.osgi\bundles\7
[2024-09-21 10:20:49.338]: deleting file: C:\Users\monal\AppData\Local\Temp\tmpnb\var\cache\netigso\org.eclipse.osgi\bundles\70\1\bundlefile
[2024-09-21 10:20:49.338]: deleting directory: C:\Users\monal\AppData\Local\Temp\tmpnb\var\cache\netigso\org.eclipse.osgi\bundles\70\1
[2024-09-21 10:20:49.339]: deleting directory: C:\Users\monal\AppData\Local\Temp\tmpnb\var\cache\netigso\org.eclipse.osgi\bundles\70
[2024-09-21 10:20:49.339]: deleting file: C:\Users\monal\AppData\Local\Temp\tmpnb\var\cache\netigso\org.eclipse.osgi\bundles\72\1\bundlefile
[2024-09-21 10:20:49.339]: deleting directory: C:\Users\monal\AppData\Local\Temp\tmpnb\var\cache\netigso\org.eclipse.osgi\bundles\72\1
[2024-09-21 10:20:49.340]: deleting directory: C:\Users\monal\AppData\Local\Temp\tmpnb\var\cache\netigso\org.eclipse.osgi\bundles\72
[2024-09-21 10:20:49.340]: deleting file: C:\Users\monal\AppData\Local\Temp\tmpnb\var\cache\netigso\org.eclipse.osgi\bundles\73\1\bundlefile
[2024-09-21 10:20:49.340]: deleting directory: C:\Users\monal\AppData\Local\Temp\tmpnb\var\cache\netigso\org.eclipse.osgi\bundles\73\1
[2024-09-21 10:20:49.340]: deleting directory: C:\Users\monal\AppData\Local\Temp\tmpnb\var\cache\netigso\org.eclipse.osgi\bundles\73
[2024-09-21 10:20:49.342]: deleting file: C:\Users\monal\AppData\Local\Temp\tmpnb\var\cache\netigso\org.eclipse.osgi\bundles\74\1\bundlefile
[2024-09-21 10:20:49.342]: deleting directory: C:\Users\monal\AppData\Local\Temp\tmpnb\var\cache\netigso\org.eclipse.osgi\bundles\74\1
[2024-09-21 10:20:49.342]: deleting directory: C:\Users\monal\AppData\Local\Temp\tmpnb\var\cache\netigso\org.eclipse.osgi\bundles\74
[2024-09-21 10:20:49.343]: deleting file: C:\Users\monal\AppData\Local\Temp\tmpnb\var\cache\netigso\org.eclipse.osgi\bundles\75\1\bundlefile
[2024-09-21 10:20:49.343]: deleting directory: C:\Users\monal\AppData\Local\Temp\tmpnb\var\cache\netigso\org.eclipse.osgi\bundles\75\1
[2024-09-21 10:20:49.343]: deleting directory: C:\Users\monal\AppData\Local\Temp\tmpnb\var\cache\netigso\org.eclipse.osgi\bundles\75
[2024-09-21 10:20:49.344]: deleting file: C:\Users\monal\AppData\Local\Temp\tmpnb\var\cache\netigso\org.eclipse.osgi\bundles\76\1\bundlefile
[2024-09-21 10:20:49.344]: deleting directory: C:\Users\monal\AppData\Local\Temp\tmpnb\var\cache\netigso\org.eclipse.osgi\bundles\76\1
[2024-09-21 10:20:49.344]: deleting directory: C:\Users\monal\AppData\Local\Temp\tmpnb\var\cache\netigso\org.eclipse.osgi\bundles\76
[2024-09-21 10:20:49.346]: deleting file: C:\Users\monal\AppData\Local\Temp\tmpnb\var\cache\netigso\org.eclipse.osgi\bundles\77\1\bundlefile
[2024-09-21 10:20:49.346]: deleting directory: C:\Users\monal\AppData\Local\Temp\tmpnb\var\cache\netigso\org.eclipse.osgi\bundles\77\1
[2024-09-21 10:20:49.346]: deleting directory: C:\Users\monal\AppData\Local\Temp\tmpnb\var\cache\netigso\org.eclipse.osgi\bundles\77
[2024-09-21 10:20:49.347]: deleting file: C:\Users\monal\AppData\Local\Temp\tmpnb\var\cache\netigso\org.eclipse.osgi\bundles\79\1\bundlefile
[2024-09-21 10:20:49.348]: deleting directory: C:\Users\monal\AppData\Local\Temp\tmpnb\var\cache\netigso\org.eclipse.osgi\bundles\79\1
[2024-09-21 10:20:49.348]: deleting directory: C:\Users\monal\AppData\Local\Temp\tmpnb\var\cache\netigso\org.eclipse.osgi\bundles\79
[2024-09-21 10:20:49.349]: deleting file: C:\Users\monal\AppData\Local\Temp\tmpnb\var\cache\netigso\org.eclipse.osgi\bundles\80\1\bundlefile
[2024-09-21 10:20:49.349]: deleting directory: C:\Users\monal\AppData\Local\Temp\tmpnb\var\cache\netigso\org.eclipse.osgi\bundles\80\1
[2024-09-21 10:20:49.349]: deleting directory: C:\Users\monal\AppData\Local\Temp\tmpnb\var\cache\netigso\org.eclipse.osgi\bundles\80
[2024-09-21 10:20:49.352]: deleting file: C:\Users\monal\AppData\Local\Temp\tmpnb\var\cache\netigso\org.eclipse.osgi\bundles\81\1\bundlefile
[2024-09-21 10:20:49.353]: deleting directory: C:\Users\monal\AppData\Local\Temp\tmpnb\var\cache\netigso\org.eclipse.osgi\bundles\81\1
[2024-09-21 10:20:49.353]: deleting directory: C:\Users\monal\AppData\Local\Temp\tmpnb\var\cache\netigso\org.eclipse.osgi\bundles\81
[2024-09-21 10:20:49.353]: deleting file: C:\Users\monal\AppData\Local\Temp\tmpnb\var\cache\netigso\org.eclipse.osgi\bundles\82\1\bundlefile
[2024-09-21 10:20:49.355]: deleting directory: C:\Users\monal\AppData\Local\Temp\tmpnb\var\cache\netigso\org.eclipse.osgi\bundles\82\1
[2024-09-21 10:20:49.355]: deleting directory: C:\Users\monal\AppData\Local\Temp\tmpnb\var\cache\netigso\org.eclipse.osgi\bundles\82
[2024-09-21 10:20:49.355]: deleting file: C:\Users\monal\AppData\Local\Temp\tmpnb\var\cache\netigso\org.eclipse.osgi\bundles\83\1\bundlefile
[2024-09-21 10:20:49.355]: deleting directory: C:\Users\monal\AppData\Local\Temp\tmpnb\var\cache\netigso\org.eclipse.osgi\bundles\83\1
[2024-09-21 10:20:49.355]: deleting directory: C:\Users\monal\AppData\Local\Temp\tmpnb\var\cache\netigso\org.eclipse.osgi\bundles\83
[2024-09-21 10:20:49.356]: deleting file: C:\Users\monal\AppData\Local\Temp\tmpnb\var\cache\netigso\org.eclipse.osgi\bundles\84\1\bundlefile
[2024-09-21 10:20:49.356]: deleting directory: C:\Users\monal\AppData\Local\Temp\tmpnb\var\cache\netigso\org.eclipse.osgi\bundles\84\1
[2024-09-21 10:20:49.356]: deleting directory: C:\Users\monal\AppData\Local\Temp\tmpnb\var\cache\netigso\org.eclipse.osgi\bundles\84
[2024-09-21 10:20:49.357]: deleting file: C:\Users\monal\AppData\Local\Temp\tmpnb\var\cache\netigso\org.eclipse.osgi\bundles\85\1\bundlefile
[2024-09-21 10:20:49.357]: deleting directory: C:\Users\monal\AppData\Local\Temp\tmpnb\var\cache\netigso\org.eclipse.osgi\bundles\85\1
[2024-09-21 10:20:49.359]: deleting directory: C:\Users\monal\AppData\Local\Temp\tmpnb\var\cache\netigso\org.eclipse.osgi\bundles\85
[2024-09-21 10:20:49.359]: deleting file: C:\Users\monal\AppData\Local\Temp\tmpnb\var\cache\netigso\org.eclipse.osgi\bundles\86\1\bundlefile
[2024-09-21 10:20:49.359]: deleting directory: C:\Users\monal\AppData\Local\Temp\tmpnb\var\cache\netigso\org.eclipse.osgi\bundles\86\1
[2024-09-21 10:20:49.360]: deleting directory: C:\Users\monal\AppData\Local\Temp\tmpnb\var\cache\netigso\org.eclipse.osgi\bundles\86
[2024-09-21 10:20:49.360]: deleting file: C:\Users\monal\AppData\Local\Temp\tmpnb\var\cache\netigso\org.eclipse.osgi\bundles\88\1\bundlefile
[2024-09-21 10:20:49.360]: deleting directory: C:\Users\monal\AppData\Local\Temp\tmpnb\var\cache\netigso\org.eclipse.osgi\bundles\88\1
[2024-09-21 10:20:49.361]: deleting directory: C:\Users\monal\AppData\Local\Temp\tmpnb\var\cache\netigso\org.eclipse.osgi\bundles\88
[2024-09-21 10:20:49.361]: deleting file: C:\Users\monal\AppData\Local\Temp\tmpnb\var\cache\netigso\org.eclipse.osgi\bundles\89\1\bundlefile
[2024-09-21 10:20:49.361]: deleting directory: C:\Users\monal\AppData\Local\Temp\tmpnb\var\cache\netigso\org.eclipse.osgi\bundles\89\1
[2024-09-21 10:20:49.362]: deleting directory: C:\Users\monal\AppData\Local\Temp\tmpnb\var\cache\netigso\org.eclipse.osgi\bundles\89
[2024-09-21 10:20:49.362]: deleting file: C:\Users\monal\AppData\Local\Temp\tmpnb\var\cache\netigso\org.eclipse.osgi\bundles\9\1\bundlefile
[2024-09-21 10:20:49.362]: deleting directory: C:\Users\monal\AppData\Local\Temp\tmpnb\var\cache\netigso\org.eclipse.osgi\bundles\9\1
[2024-09-21 10:20:49.363]: deleting directory: C:\Users\monal\AppData\Local\Temp\tmpnb\var\cache\netigso\org.eclipse.osgi\bundles\9
[2024-09-21 10:20:49.363]: deleting file: C:\Users\monal\AppData\Local\Temp\tmpnb\var\cache\netigso\org.eclipse.osgi\bundles\90\1\bundlefile
[2024-09-21 10:20:49.363]: deleting directory: C:\Users\monal\AppData\Local\Temp\tmpnb\var\cache\netigso\org.eclipse.osgi\bundles\90\1
[2024-09-21 10:20:49.364]: deleting directory: C:\Users\monal\AppData\Local\Temp\tmpnb\var\cache\netigso\org.eclipse.osgi\bundles\90
[2024-09-21 10:20:49.369]: deleting file: C:\Users\monal\AppData\Local\Temp\tmpnb\var\cache\netigso\org.eclipse.osgi\bundles\92\1\bundlefile
[2024-09-21 10:20:49.369]: deleting directory: C:\Users\monal\AppData\Local\Temp\tmpnb\var\cache\netigso\org.eclipse.osgi\bundles\92\1
[2024-09-21 10:20:49.369]: deleting directory: C:\Users\monal\AppData\Local\Temp\tmpnb\var\cache\netigso\org.eclipse.osgi\bundles\92
[2024-09-21 10:20:49.370]: deleting file: C:\Users\monal\AppData\Local\Temp\tmpnb\var\cache\netigso\org.eclipse.osgi\bundles\93\1\bundlefile
[2024-09-21 10:20:49.370]: deleting directory: C:\Users\monal\AppData\Local\Temp\tmpnb\var\cache\netigso\org.eclipse.osgi\bundles\93\1
[2024-09-21 10:20:49.370]: deleting directory: C:\Users\monal\AppData\Local\Temp\tmpnb\var\cache\netigso\org.eclipse.osgi\bundles\93
[2024-09-21 10:20:49.371]: deleting file: C:\Users\monal\AppData\Local\Temp\tmpnb\var\cache\netigso\org.eclipse.osgi\bundles\94\1\bundlefile
[2024-09-21 10:20:49.371]: deleting directory: C:\Users\monal\AppData\Local\Temp\tmpnb\var\cache\netigso\org.eclipse.osgi\bundles\94\1
[2024-09-21 10:20:49.372]: deleting directory: C:\Users\monal\AppData\Local\Temp\tmpnb\var\cache\netigso\org.eclipse.osgi\bundles\94
[2024-09-21 10:20:49.372]: deleting file: C:\Users\monal\AppData\Local\Temp\tmpnb\var\cache\netigso\org.eclipse.osgi\bundles\95\1\bundlefile
[2024-09-21 10:20:49.373]: deleting directory: C:\Users\monal\AppData\Local\Temp\tmpnb\var\cache\netigso\org.eclipse.osgi\bundles\95\1
[2024-09-21 10:20:49.373]: deleting directory: C:\Users\monal\AppData\Local\Temp\tmpnb\var\cache\netigso\org.eclipse.osgi\bundles\95
[2024-09-21 10:20:49.373]: deleting file: C:\Users\monal\AppData\Local\Temp\tmpnb\var\cache\netigso\org.eclipse.osgi\bundles\96\1\bundlefile
[2024-09-21 10:20:49.374]: deleting directory: C:\Users\monal\AppData\Local\Temp\tmpnb\var\cache\netigso\org.eclipse.osgi\bundles\96\1
[2024-09-21 10:20:49.374]: deleting directory: C:\Users\monal\AppData\Local\Temp\tmpnb\var\cache\netigso\org.eclipse.osgi\bundles\96
[2024-09-21 10:20:49.374]: deleting file: C:\Users\monal\AppData\Local\Temp\tmpnb\var\cache\netigso\org.eclipse.osgi\bundles\97\1\bundlefile
[2024-09-21 10:20:49.376]: deleting directory: C:\Users\monal\AppData\Local\Temp\tmpnb\var\cache\netigso\org.eclipse.osgi\bundles\97\1
[2024-09-21 10:20:49.376]: deleting directory: C:\Users\monal\AppData\Local\Temp\tmpnb\var\cache\netigso\org.eclipse.osgi\bundles\97
[2024-09-21 10:20:49.376]: deleting file: C:\Users\monal\AppData\Local\Temp\tmpnb\var\cache\netigso\org.eclipse.osgi\bundles\98\1\bundlefile
[2024-09-21 10:20:49.377]: deleting directory: C:\Users\monal\AppData\Local\Temp\tmpnb\var\cache\netigso\org.eclipse.osgi\bundles\98\1
[2024-09-21 10:20:49.377]: deleting directory: C:\Users\monal\AppData\Local\Temp\tmpnb\var\cache\netigso\org.eclipse.osgi\bundles\98
[2024-09-21 10:20:49.377]: deleting file: C:\Users\monal\AppData\Local\Temp\tmpnb\var\cache\netigso\org.eclipse.osgi\bundles\99\1\bundlefile
[2024-09-21 10:20:49.377]: deleting directory: C:\Users\monal\AppData\Local\Temp\tmpnb\var\cache\netigso\org.eclipse.osgi\bundles\99\1
[2024-09-21 10:20:49.378]: deleting directory: C:\Users\monal\AppData\Local\Temp\tmpnb\var\cache\netigso\org.eclipse.osgi\bundles\99
[2024-09-21 10:20:49.381]: deleting directory: C:\Users\monal\AppData\Local\Temp\tmpnb\var\cache\netigso\org.eclipse.osgi\bundles
[2024-09-21 10:20:49.381]: deleting directory: C:\Users\monal\AppData\Local\Temp\tmpnb\var\cache\netigso\org.eclipse.osgi
[2024-09-21 10:20:49.381]: deleting directory: C:\Users\monal\AppData\Local\Temp\tmpnb\var\cache\netigso
[2024-09-21 10:20:49.382]: deleting file: C:\Users\monal\AppData\Local\Temp\tmpnb\var\cache\lastModified\all-checksum.txt
[2024-09-21 10:20:49.383]: deleting directory: C:\Users\monal\AppData\Local\Temp\tmpnb\var\cache\lastModified
[2024-09-21 10:20:49.386]: deleting file: C:\Users\monal\AppData\Local\Temp\tmpnb\var\cache\catalogcache\3rdparty
[2024-09-21 10:20:49.387]: deleting file: C:\Users\monal\AppData\Local\Temp\tmpnb\var\cache\catalogcache\distribution-update-provider
[2024-09-21 10:20:49.388]: deleting file: C:\Users\monal\AppData\Local\Temp\tmpnb\var\cache\catalogcache\licenses\1C67F54
[2024-09-21 10:20:49.389]: deleting file: C:\Users\monal\AppData\Local\Temp\tmpnb\var\cache\catalogcache\licenses\2E57CCE6
[2024-09-21 10:20:49.389]: deleting file: C:\Users\monal\AppData\Local\Temp\tmpnb\var\cache\catalogcache\licenses\39318C3B
[2024-09-21 10:20:49.390]: deleting file: C:\Users\monal\AppData\Local\Temp\tmpnb\var\cache\catalogcache\licenses\3CC676EE
[2024-09-21 10:20:49.390]: deleting file: C:\Users\monal\AppData\Local\Temp\tmpnb\var\cache\catalogcache\licenses\43EA0A3C
[2024-09-21 10:20:49.391]: deleting file: C:\Users\monal\AppData\Local\Temp\tmpnb\var\cache\catalogcache\licenses\59DE5749
[2024-09-21 10:20:49.391]: deleting file: C:\Users\monal\AppData\Local\Temp\tmpnb\var\cache\catalogcache\licenses\6791F47F
[2024-09-21 10:20:49.391]: deleting file: C:\Users\monal\AppData\Local\Temp\tmpnb\var\cache\catalogcache\licenses\6BEA0210
[2024-09-21 10:20:49.393]: deleting file: C:\Users\monal\AppData\Local\Temp\tmpnb\var\cache\catalogcache\licenses\78C466F7
[2024-09-21 10:20:49.393]: deleting file: C:\Users\monal\AppData\Local\Temp\tmpnb\var\cache\catalogcache\licenses\7AE8378E
[2024-09-21 10:20:49.394]: deleting file: C:\Users\monal\AppData\Local\Temp\tmpnb\var\cache\catalogcache\licenses\8EA182A6
[2024-09-21 10:20:49.394]: deleting file: C:\Users\monal\AppData\Local\Temp\tmpnb\var\cache\catalogcache\licenses\8EDAD3FD
[2024-09-21 10:20:49.394]: deleting file: C:\Users\monal\AppData\Local\Temp\tmpnb\var\cache\catalogcache\licenses\9BEA195
[2024-09-21 10:20:49.394]: deleting file: C:\Users\monal\AppData\Local\Temp\tmpnb\var\cache\catalogcache\licenses\ADF31A97
[2024-09-21 10:20:49.395]: deleting file: C:\Users\monal\AppData\Local\Temp\tmpnb\var\cache\catalogcache\licenses\AE2FFC47
[2024-09-21 10:20:49.395]: deleting file: C:\Users\monal\AppData\Local\Temp\tmpnb\var\cache\catalogcache\licenses\B2B74E56
[2024-09-21 10:20:49.395]: deleting file: C:\Users\monal\AppData\Local\Temp\tmpnb\var\cache\catalogcache\licenses\B49FECEA
[2024-09-21 10:20:49.396]: deleting file: C:\Users\monal\AppData\Local\Temp\tmpnb\var\cache\catalogcache\licenses\BF8E9DE3
[2024-09-21 10:20:49.396]: deleting file: C:\Users\monal\AppData\Local\Temp\tmpnb\var\cache\catalogcache\licenses\D9808735
[2024-09-21 10:20:49.397]: deleting file: C:\Users\monal\AppData\Local\Temp\tmpnb\var\cache\catalogcache\licenses\DAD3AE4E
[2024-09-21 10:20:49.397]: deleting file: C:\Users\monal\AppData\Local\Temp\tmpnb\var\cache\catalogcache\licenses\DB6E7DB9
[2024-09-21 10:20:49.397]: deleting file: C:\Users\monal\AppData\Local\Temp\tmpnb\var\cache\catalogcache\licenses\DC2D2502
[2024-09-21 10:20:49.398]: deleting file: C:\Users\monal\AppData\Local\Temp\tmpnb\var\cache\catalogcache\licenses\DD99016B
[2024-09-21 10:20:49.398]: deleting file: C:\Users\monal\AppData\Local\Temp\tmpnb\var\cache\catalogcache\licenses\E0533B7B
[2024-09-21 10:20:49.398]: deleting file: C:\Users\monal\AppData\Local\Temp\tmpnb\var\cache\catalogcache\licenses\E27C2430
[2024-09-21 10:20:49.399]: deleting directory: C:\Users\monal\AppData\Local\Temp\tmpnb\var\cache\catalogcache\licenses
[2024-09-21 10:20:49.399]: deleting file: C:\Users\monal\AppData\Local\Temp\tmpnb\var\cache\catalogcache\pluginportal-update-provider
[2024-09-21 10:20:49.399]: deleting directory: C:\Users\monal\AppData\Local\Temp\tmpnb\var\cache\catalogcache
[2024-09-21 10:20:49.401]:     .... success 
[2024-09-21 10:20:49.401]:     .... done. 
[2024-09-21 10:20:49.401]: copying NB log and populated caches : 
[2024-09-21 10:20:49.401]:     NB log location = C:\Program Files\NetBeans-16\netbeans\nb\var\log
[2024-09-21 10:20:49.402]: copying file: C:\Users\monal\AppData\Local\Temp\tmpnb\var\log\messages.log to: C:\Program Files\NetBeans-16\netbeans\nb\var\log\messages.log
[2024-09-21 10:20:49.405]:     .... success 
[2024-09-21 10:20:49.405]:     .... done. 
[2024-09-21 10:20:49.405]: add NB log in installed list: 
[2024-09-21 10:20:49.405]:     .... success 
[2024-09-21 10:20:49.405]:     .... done. 
[2024-09-21 10:20:49.405]:     populated cache location = C:\Program Files\NetBeans-16\netbeans\nb\var\cache
[2024-09-21 10:20:49.406]: copying directory: C:\Users\monal\AppData\Local\Temp\tmpnb\var\cache to: C:\Program Files\NetBeans-16\netbeans\nb\var\cache with recursion
[2024-09-21 10:20:49.409]: copying file: C:\Users\monal\AppData\Local\Temp\tmpnb\var\cache\all-clusters.dat to: C:\Program Files\NetBeans-16\netbeans\nb\var\cache\all-clusters.dat
[2024-09-21 10:20:49.411]: copying file: C:\Users\monal\AppData\Local\Temp\tmpnb\var\cache\all-files.dat to: C:\Program Files\NetBeans-16\netbeans\nb\var\cache\all-files.dat
[2024-09-21 10:20:49.414]: copying file: C:\Users\monal\AppData\Local\Temp\tmpnb\var\cache\all-installer.dat to: C:\Program Files\NetBeans-16\netbeans\nb\var\cache\all-installer.dat
[2024-09-21 10:20:49.417]: copying file: C:\Users\monal\AppData\Local\Temp\tmpnb\var\cache\all-layers.dat to: C:\Program Files\NetBeans-16\netbeans\nb\var\cache\all-layers.dat
[2024-09-21 10:20:49.420]: copying file: C:\Users\monal\AppData\Local\Temp\tmpnb\var\cache\all-local-layers.dat to: C:\Program Files\NetBeans-16\netbeans\nb\var\cache\all-local-layers.dat
[2024-09-21 10:20:49.423]: copying file: C:\Users\monal\AppData\Local\Temp\tmpnb\var\cache\all-manifests.dat to: C:\Program Files\NetBeans-16\netbeans\nb\var\cache\all-manifests.dat
[2024-09-21 10:20:49.427]: copying file: C:\Users\monal\AppData\Local\Temp\tmpnb\var\cache\all-modules.dat to: C:\Program Files\NetBeans-16\netbeans\nb\var\cache\all-modules.dat
[2024-09-21 10:20:49.428]: copying file: C:\Users\monal\AppData\Local\Temp\tmpnb\var\cache\all-resources.dat to: C:\Program Files\NetBeans-16\netbeans\nb\var\cache\all-resources.dat
[2024-09-21 10:20:49.448]: copying file: C:\Users\monal\AppData\Local\Temp\tmpnb\var\cache\localeVariants to: C:\Program Files\NetBeans-16\netbeans\nb\var\cache\localeVariants
[2024-09-21 10:20:49.451]: copying file: C:\Users\monal\AppData\Local\Temp\tmpnb\var\cache\netigso-bundles to: C:\Program Files\NetBeans-16\netbeans\nb\var\cache\netigso-bundles
[2024-09-21 10:20:49.455]: copying file: C:\Users\monal\AppData\Local\Temp\tmpnb\var\cache\package-attrs.dat to: C:\Program Files\NetBeans-16\netbeans\nb\var\cache\package-attrs.dat
[2024-09-21 10:20:49.457]: copying file: C:\Users\monal\AppData\Local\Temp\tmpnb\var\cache\populate.zip to: C:\Program Files\NetBeans-16\netbeans\nb\var\cache\populate.zip
[2024-09-21 10:20:49.460]:     .... success 
[2024-09-21 10:20:49.460]:     .... done. 
[2024-09-21 10:20:49.479]: deleting file: C:\Users\monal\AppData\Local\Temp\tmpnb\.lastModified
[2024-09-21 10:20:49.479]: deleting directory: C:\Users\monal\AppData\Local\Temp\tmpnb\.metadata
[2024-09-21 10:20:49.481]: deleting file: C:\Users\monal\AppData\Local\Temp\tmpnb\config\org-netbeans-api-project-libraries\libraries-timestamps.properties
[2024-09-21 10:20:49.481]: deleting directory: C:\Users\monal\AppData\Local\Temp\tmpnb\config\org-netbeans-api-project-libraries
[2024-09-21 10:20:49.483]: deleting file: C:\Users\monal\AppData\Local\Temp\tmpnb\config\Preferences\org\netbeans\core\windows\tctracker.properties
[2024-09-21 10:20:49.484]: deleting directory: C:\Users\monal\AppData\Local\Temp\tmpnb\config\Preferences\org\netbeans\core\windows
[2024-09-21 10:20:49.484]: deleting directory: C:\Users\monal\AppData\Local\Temp\tmpnb\config\Preferences\org\netbeans\core
[2024-09-21 10:20:49.485]: deleting file: C:\Users\monal\AppData\Local\Temp\tmpnb\config\Preferences\org\netbeans\modules\autoupdate\3rdparty.properties
[2024-09-21 10:20:49.485]: deleting file: C:\Users\monal\AppData\Local\Temp\tmpnb\config\Preferences\org\netbeans\modules\autoupdate\82pluginportal-update-provider.properties
[2024-09-21 10:20:49.486]: deleting file: C:\Users\monal\AppData\Local\Temp\tmpnb\config\Preferences\org\netbeans\modules\autoupdate\distribution-update-provider.properties
[2024-09-21 10:20:49.486]: deleting file: C:\Users\monal\AppData\Local\Temp\tmpnb\config\Preferences\org\netbeans\modules\autoupdate\pluginportal-update-provider.properties
[2024-09-21 10:20:49.487]: deleting directory: C:\Users\monal\AppData\Local\Temp\tmpnb\config\Preferences\org\netbeans\modules\autoupdate
[2024-09-21 10:20:49.487]: deleting file: C:\Users\monal\AppData\Local\Temp\tmpnb\config\Preferences\org\netbeans\modules\autoupdate.properties
[2024-09-21 10:20:49.487]: deleting directory: C:\Users\monal\AppData\Local\Temp\tmpnb\config\Preferences\org\netbeans\modules
[2024-09-21 10:20:49.488]: deleting directory: C:\Users\monal\AppData\Local\Temp\tmpnb\config\Preferences\org\netbeans
[2024-09-21 10:20:49.488]: deleting directory: C:\Users\monal\AppData\Local\Temp\tmpnb\config\Preferences\org
[2024-09-21 10:20:49.488]: deleting directory: C:\Users\monal\AppData\Local\Temp\tmpnb\config\Preferences
[2024-09-21 10:20:49.490]: deleting file: C:\Users\monal\AppData\Local\Temp\tmpnb\config\Windows2Local\Components\bookmarks.settings
[2024-09-21 10:20:49.490]: deleting file: C:\Users\monal\AppData\Local\Temp\tmpnb\config\Windows2Local\Components\breakpointsView.settings
[2024-09-21 10:20:49.491]: deleting file: C:\Users\monal\AppData\Local\Temp\tmpnb\config\Windows2Local\Components\callstackView.settings
[2024-09-21 10:20:49.491]: deleting file: C:\Users\monal\AppData\Local\Temp\tmpnb\config\Windows2Local\Components\CommonPalette.settings
[2024-09-21 10:20:49.491]: deleting file: C:\Users\monal\AppData\Local\Temp\tmpnb\config\Windows2Local\Components\CssStylesTC.settings
[2024-09-21 10:20:49.492]: deleting file: C:\Users\monal\AppData\Local\Temp\tmpnb\config\Windows2Local\Components\DashboardTopComponent.settings
[2024-09-21 10:20:49.493]: deleting file: C:\Users\monal\AppData\Local\Temp\tmpnb\config\Windows2Local\Components\debuggingView.settings
[2024-09-21 10:20:49.493]: deleting file: C:\Users\monal\AppData\Local\Temp\tmpnb\config\Windows2Local\Components\evaluatorPane.settings
[2024-09-21 10:20:49.494]: deleting file: C:\Users\monal\AppData\Local\Temp\tmpnb\config\Windows2Local\Components\favorites.settings
[2024-09-21 10:20:49.495]: deleting file: C:\Users\monal\AppData\Local\Temp\tmpnb\config\Windows2Local\Components\find-usages.settings
[2024-09-21 10:20:49.495]: deleting file: C:\Users\monal\AppData\Local\Temp\tmpnb\config\Windows2Local\Components\GitRepositories.settings
[2024-09-21 10:20:49.496]: deleting file: C:\Users\monal\AppData\Local\Temp\tmpnb\config\Windows2Local\Components\GitVersioning.settings
[2024-09-21 10:20:49.497]: deleting file: C:\Users\monal\AppData\Local\Temp\tmpnb\config\Windows2Local\Components\gsf-testrunner-results.settings
[2024-09-21 10:20:49.500]: deleting file: C:\Users\monal\AppData\Local\Temp\tmpnb\config\Windows2Local\Components\hgversioningTC.settings
[2024-09-21 10:20:49.501]: deleting file: C:\Users\monal\AppData\Local\Temp\tmpnb\config\Windows2Local\Components\localsView.settings
[2024-09-21 10:20:49.501]: deleting file: C:\Users\monal\AppData\Local\Temp\tmpnb\config\Windows2Local\Components\navigatorTC.settings
[2024-09-21 10:20:49.502]: deleting file: C:\Users\monal\AppData\Local\Temp\tmpnb\config\Windows2Local\Components\NotificationCenterTopComponent.settings
[2024-09-21 10:20:49.503]: deleting file: C:\Users\monal\AppData\Local\Temp\tmpnb\config\Windows2Local\Components\output.settings
[2024-09-21 10:20:49.503]: deleting file: C:\Users\monal\AppData\Local\Temp\tmpnb\config\Windows2Local\Components\projectTabLogical_tc.settings
[2024-09-21 10:20:49.504]: deleting file: C:\Users\monal\AppData\Local\Temp\tmpnb\config\Windows2Local\Components\projectTab_tc.settings
[2024-09-21 10:20:49.505]: deleting file: C:\Users\monal\AppData\Local\Temp\tmpnb\config\Windows2Local\Components\properties.settings
[2024-09-21 10:20:49.506]: deleting file: C:\Users\monal\AppData\Local\Temp\tmpnb\config\Windows2Local\Components\refactoring-preview.settings
[2024-09-21 10:20:49.506]: deleting file: C:\Users\monal\AppData\Local\Temp\tmpnb\config\Windows2Local\Components\resultsView.settings
[2024-09-21 10:20:49.507]: deleting file: C:\Users\monal\AppData\Local\Temp\tmpnb\config\Windows2Local\Components\search-results.settings
[2024-09-21 10:20:49.508]: deleting file: C:\Users\monal\AppData\Local\Temp\tmpnb\config\Windows2Local\Components\services.settings
[2024-09-21 10:20:49.508]: deleting file: C:\Users\monal\AppData\Local\Temp\tmpnb\config\Windows2Local\Components\sessionsView.settings
[2024-09-21 10:20:49.509]: deleting file: C:\Users\monal\AppData\Local\Temp\tmpnb\config\Windows2Local\Components\sources.settings
[2024-09-21 10:20:49.509]: deleting file: C:\Users\monal\AppData\Local\Temp\tmpnb\config\Windows2Local\Components\svnversioning.settings
[2024-09-21 10:20:49.510]: deleting file: C:\Users\monal\AppData\Local\Temp\tmpnb\config\Windows2Local\Components\TaskListTopComponent.settings
[2024-09-21 10:20:49.511]: deleting file: C:\Users\monal\AppData\Local\Temp\tmpnb\config\Windows2Local\Components\TerminalContainerTopComponent.settings
[2024-09-21 10:20:49.511]: deleting file: C:\Users\monal\AppData\Local\Temp\tmpnb\config\Windows2Local\Components\threadsView.settings
[2024-09-21 10:20:49.513]: deleting file: C:\Users\monal\AppData\Local\Temp\tmpnb\config\Windows2Local\Components\versioning_output.settings
[2024-09-21 10:20:49.513]: deleting file: C:\Users\monal\AppData\Local\Temp\tmpnb\config\Windows2Local\Components\watchesView.settings
[2024-09-21 10:20:49.513]: deleting file: C:\Users\monal\AppData\Local\Temp\tmpnb\config\Windows2Local\Components\Welcome.settings
[2024-09-21 10:20:49.513]: deleting directory: C:\Users\monal\AppData\Local\Temp\tmpnb\config\Windows2Local\Components
[2024-09-21 10:20:49.514]: deleting file: C:\Users\monal\AppData\Local\Temp\tmpnb\config\Windows2Local\Groups\commonpalette\CommonPalette.wstcgrp
[2024-09-21 10:20:49.515]: deleting directory: C:\Users\monal\AppData\Local\Temp\tmpnb\config\Windows2Local\Groups\commonpalette
[2024-09-21 10:20:49.515]: deleting file: C:\Users\monal\AppData\Local\Temp\tmpnb\config\Windows2Local\Groups\commonpalette.wsgrp
[2024-09-21 10:20:49.516]: deleting file: C:\Users\monal\AppData\Local\Temp\tmpnb\config\Windows2Local\Groups\CssStyles\CssStylesTC.wstcgrp
[2024-09-21 10:20:49.516]: deleting directory: C:\Users\monal\AppData\Local\Temp\tmpnb\config\Windows2Local\Groups\CssStyles
[2024-09-21 10:20:49.517]: deleting file: C:\Users\monal\AppData\Local\Temp\tmpnb\config\Windows2Local\Groups\CssStyles.wsgrp
[2024-09-21 10:20:49.517]: deleting file: C:\Users\monal\AppData\Local\Temp\tmpnb\config\Windows2Local\Groups\debugger\breakpointsView.wstcgrp
[2024-09-21 10:20:49.518]: deleting file: C:\Users\monal\AppData\Local\Temp\tmpnb\config\Windows2Local\Groups\debugger\callstackView.wstcgrp
[2024-09-21 10:20:49.518]: deleting file: C:\Users\monal\AppData\Local\Temp\tmpnb\config\Windows2Local\Groups\debugger\evaluatorPane.wstcgrp
[2024-09-21 10:20:49.519]: deleting file: C:\Users\monal\AppData\Local\Temp\tmpnb\config\Windows2Local\Groups\debugger\localsView.wstcgrp
[2024-09-21 10:20:49.519]: deleting file: C:\Users\monal\AppData\Local\Temp\tmpnb\config\Windows2Local\Groups\debugger\output.wstcgrp
[2024-09-21 10:20:49.521]: deleting file: C:\Users\monal\AppData\Local\Temp\tmpnb\config\Windows2Local\Groups\debugger\resultsView.wstcgrp
[2024-09-21 10:20:49.521]: deleting file: C:\Users\monal\AppData\Local\Temp\tmpnb\config\Windows2Local\Groups\debugger\sessionsView.wstcgrp
[2024-09-21 10:20:49.522]: deleting file: C:\Users\monal\AppData\Local\Temp\tmpnb\config\Windows2Local\Groups\debugger\sources.wstcgrp
[2024-09-21 10:20:49.523]: deleting file: C:\Users\monal\AppData\Local\Temp\tmpnb\config\Windows2Local\Groups\debugger\threadsView.wstcgrp
[2024-09-21 10:20:49.524]: deleting file: C:\Users\monal\AppData\Local\Temp\tmpnb\config\Windows2Local\Groups\debugger\watchesView.wstcgrp
[2024-09-21 10:20:49.525]: deleting directory: C:\Users\monal\AppData\Local\Temp\tmpnb\config\Windows2Local\Groups\debugger
[2024-09-21 10:20:49.525]: deleting file: C:\Users\monal\AppData\Local\Temp\tmpnb\config\Windows2Local\Groups\debugger.wsgrp
[2024-09-21 10:20:49.526]: deleting file: C:\Users\monal\AppData\Local\Temp\tmpnb\config\Windows2Local\Groups\InitialLayout\projectTabLogical_tc.wstcgrp
[2024-09-21 10:20:49.527]: deleting file: C:\Users\monal\AppData\Local\Temp\tmpnb\config\Windows2Local\Groups\InitialLayout\projectTab_tc.wstcgrp
[2024-09-21 10:20:49.527]: deleting file: C:\Users\monal\AppData\Local\Temp\tmpnb\config\Windows2Local\Groups\InitialLayout\services.wstcgrp
[2024-09-21 10:20:49.528]: deleting directory: C:\Users\monal\AppData\Local\Temp\tmpnb\config\Windows2Local\Groups\InitialLayout
[2024-09-21 10:20:49.528]: deleting file: C:\Users\monal\AppData\Local\Temp\tmpnb\config\Windows2Local\Groups\InitialLayout.wsgrp
[2024-09-21 10:20:49.529]: deleting file: C:\Users\monal\AppData\Local\Temp\tmpnb\config\Windows2Local\Groups\OpenedProjects\navigatorTC.wstcgrp
[2024-09-21 10:20:49.530]: deleting file: C:\Users\monal\AppData\Local\Temp\tmpnb\config\Windows2Local\Groups\OpenedProjects\projectTabLogical_tc.wstcgrp
[2024-09-21 10:20:49.530]: deleting file: C:\Users\monal\AppData\Local\Temp\tmpnb\config\Windows2Local\Groups\OpenedProjects\projectTab_tc.wstcgrp
[2024-09-21 10:20:49.531]: deleting file: C:\Users\monal\AppData\Local\Temp\tmpnb\config\Windows2Local\Groups\OpenedProjects\services.wstcgrp
[2024-09-21 10:20:49.532]: deleting directory: C:\Users\monal\AppData\Local\Temp\tmpnb\config\Windows2Local\Groups\OpenedProjects
[2024-09-21 10:20:49.533]: deleting file: C:\Users\monal\AppData\Local\Temp\tmpnb\config\Windows2Local\Groups\OpenedProjects.wsgrp
[2024-09-21 10:20:49.533]: deleting directory: C:\Users\monal\AppData\Local\Temp\tmpnb\config\Windows2Local\Groups
[2024-09-21 10:20:49.535]: deleting file: C:\Users\monal\AppData\Local\Temp\tmpnb\config\Windows2Local\Modes\.nbattrs
[2024-09-21 10:20:49.535]: deleting directory: C:\Users\monal\AppData\Local\Temp\tmpnb\config\Windows2Local\Modes\bottomSlidingSide
[2024-09-21 10:20:49.536]: deleting file: C:\Users\monal\AppData\Local\Temp\tmpnb\config\Windows2Local\Modes\bottomSlidingSide.wsmode
[2024-09-21 10:20:49.536]: deleting file: C:\Users\monal\AppData\Local\Temp\tmpnb\config\Windows2Local\Modes\code_evaluator\evaluatorPane.wstcref
[2024-09-21 10:20:49.536]: deleting directory: C:\Users\monal\AppData\Local\Temp\tmpnb\config\Windows2Local\Modes\code_evaluator
[2024-09-21 10:20:49.536]: deleting file: C:\Users\monal\AppData\Local\Temp\tmpnb\config\Windows2Local\Modes\code_evaluator.wsmode
[2024-09-21 10:20:49.538]: deleting file: C:\Users\monal\AppData\Local\Temp\tmpnb\config\Windows2Local\Modes\commonpalette\CommonPalette.wstcref
[2024-09-21 10:20:49.538]: deleting directory: C:\Users\monal\AppData\Local\Temp\tmpnb\config\Windows2Local\Modes\commonpalette
[2024-09-21 10:20:49.538]: deleting file: C:\Users\monal\AppData\Local\Temp\tmpnb\config\Windows2Local\Modes\commonpalette.wsmode
[2024-09-21 10:20:49.539]: deleting file: C:\Users\monal\AppData\Local\Temp\tmpnb\config\Windows2Local\Modes\editor\CoverageReportTopComponent.wstcref
[2024-09-21 10:20:49.540]: deleting file: C:\Users\monal\AppData\Local\Temp\tmpnb\config\Windows2Local\Modes\editor\Welcome.wstcref
[2024-09-21 10:20:49.541]: deleting directory: C:\Users\monal\AppData\Local\Temp\tmpnb\config\Windows2Local\Modes\editor
[2024-09-21 10:20:49.541]: deleting file: C:\Users\monal\AppData\Local\Temp\tmpnb\config\Windows2Local\Modes\editor.wsmode
[2024-09-21 10:20:49.542]: deleting file: C:\Users\monal\AppData\Local\Temp\tmpnb\config\Windows2Local\Modes\explorer\DashboardTopComponent.wstcref
[2024-09-21 10:20:49.542]: deleting file: C:\Users\monal\AppData\Local\Temp\tmpnb\config\Windows2Local\Modes\explorer\debuggingView.wstcref
[2024-09-21 10:20:49.543]: deleting file: C:\Users\monal\AppData\Local\Temp\tmpnb\config\Windows2Local\Modes\explorer\favorites.wstcref
[2024-09-21 10:20:49.543]: deleting file: C:\Users\monal\AppData\Local\Temp\tmpnb\config\Windows2Local\Modes\explorer\projectTabLogical_tc.wstcref
[2024-09-21 10:20:49.545]: deleting file: C:\Users\monal\AppData\Local\Temp\tmpnb\config\Windows2Local\Modes\explorer\projectTab_tc.wstcref
[2024-09-21 10:20:49.545]: deleting file: C:\Users\monal\AppData\Local\Temp\tmpnb\config\Windows2Local\Modes\explorer\services.wstcref
[2024-09-21 10:20:49.545]: deleting directory: C:\Users\monal\AppData\Local\Temp\tmpnb\config\Windows2Local\Modes\explorer
[2024-09-21 10:20:49.546]: deleting file: C:\Users\monal\AppData\Local\Temp\tmpnb\config\Windows2Local\Modes\explorer.wsmode
[2024-09-21 10:20:49.546]: deleting directory: C:\Users\monal\AppData\Local\Temp\tmpnb\config\Windows2Local\Modes\leftSlidingSide
[2024-09-21 10:20:49.546]: deleting file: C:\Users\monal\AppData\Local\Temp\tmpnb\config\Windows2Local\Modes\leftSlidingSide.wsmode
[2024-09-21 10:20:49.547]: deleting file: C:\Users\monal\AppData\Local\Temp\tmpnb\config\Windows2Local\Modes\navigator\navigatorTC.wstcref
[2024-09-21 10:20:49.547]: deleting directory: C:\Users\monal\AppData\Local\Temp\tmpnb\config\Windows2Local\Modes\navigator
[2024-09-21 10:20:49.547]: deleting file: C:\Users\monal\AppData\Local\Temp\tmpnb\config\Windows2Local\Modes\navigator.wsmode
[2024-09-21 10:20:49.549]: deleting file: C:\Users\monal\AppData\Local\Temp\tmpnb\config\Windows2Local\Modes\output\bookmarks.wstcref
[2024-09-21 10:20:49.549]: deleting file: C:\Users\monal\AppData\Local\Temp\tmpnb\config\Windows2Local\Modes\output\breakpointsView.wstcref
[2024-09-21 10:20:49.549]: deleting file: C:\Users\monal\AppData\Local\Temp\tmpnb\config\Windows2Local\Modes\output\callstackView.wstcref
[2024-09-21 10:20:49.549]: deleting file: C:\Users\monal\AppData\Local\Temp\tmpnb\config\Windows2Local\Modes\output\find-usages.wstcref
[2024-09-21 10:20:49.550]: deleting file: C:\Users\monal\AppData\Local\Temp\tmpnb\config\Windows2Local\Modes\output\GitRepositories.wstcref
[2024-09-21 10:20:49.550]: deleting file: C:\Users\monal\AppData\Local\Temp\tmpnb\config\Windows2Local\Modes\output\GitVersioning.wstcref
[2024-09-21 10:20:49.550]: deleting file: C:\Users\monal\AppData\Local\Temp\tmpnb\config\Windows2Local\Modes\output\gsf-testrunner-results.wstcref
[2024-09-21 10:20:49.550]: deleting file: C:\Users\monal\AppData\Local\Temp\tmpnb\config\Windows2Local\Modes\output\hgversioningTC.wstcref
[2024-09-21 10:20:49.551]: deleting file: C:\Users\monal\AppData\Local\Temp\tmpnb\config\Windows2Local\Modes\output\localsView.wstcref
[2024-09-21 10:20:49.551]: deleting file: C:\Users\monal\AppData\Local\Temp\tmpnb\config\Windows2Local\Modes\output\NotificationCenterTopComponent.wstcref
[2024-09-21 10:20:49.553]: deleting file: C:\Users\monal\AppData\Local\Temp\tmpnb\config\Windows2Local\Modes\output\output.wstcref
[2024-09-21 10:20:49.553]: deleting file: C:\Users\monal\AppData\Local\Temp\tmpnb\config\Windows2Local\Modes\output\refactoring-preview.wstcref
[2024-09-21 10:20:49.554]: deleting file: C:\Users\monal\AppData\Local\Temp\tmpnb\config\Windows2Local\Modes\output\resultsView.wstcref
[2024-09-21 10:20:49.555]: deleting file: C:\Users\monal\AppData\Local\Temp\tmpnb\config\Windows2Local\Modes\output\search-results.wstcref
[2024-09-21 10:20:49.555]: deleting file: C:\Users\monal\AppData\Local\Temp\tmpnb\config\Windows2Local\Modes\output\sessionsView.wstcref
[2024-09-21 10:20:49.556]: deleting file: C:\Users\monal\AppData\Local\Temp\tmpnb\config\Windows2Local\Modes\output\sources.wstcref
[2024-09-21 10:20:49.556]: deleting file: C:\Users\monal\AppData\Local\Temp\tmpnb\config\Windows2Local\Modes\output\svnversioning.wstcref
[2024-09-21 10:20:49.556]: deleting file: C:\Users\monal\AppData\Local\Temp\tmpnb\config\Windows2Local\Modes\output\TaskListTopComponent.wstcref
[2024-09-21 10:20:49.557]: deleting file: C:\Users\monal\AppData\Local\Temp\tmpnb\config\Windows2Local\Modes\output\TerminalContainerTopComponent.wstcref
[2024-09-21 10:20:49.557]: deleting file: C:\Users\monal\AppData\Local\Temp\tmpnb\config\Windows2Local\Modes\output\threadsView.wstcref
[2024-09-21 10:20:49.557]: deleting file: C:\Users\monal\AppData\Local\Temp\tmpnb\config\Windows2Local\Modes\output\versioning_output.wstcref
[2024-09-21 10:20:49.558]: deleting file: C:\Users\monal\AppData\Local\Temp\tmpnb\config\Windows2Local\Modes\output\watchesView.wstcref
[2024-09-21 10:20:49.558]: deleting directory: C:\Users\monal\AppData\Local\Temp\tmpnb\config\Windows2Local\Modes\output
[2024-09-21 10:20:49.558]: deleting file: C:\Users\monal\AppData\Local\Temp\tmpnb\config\Windows2Local\Modes\output.wsmode
[2024-09-21 10:20:49.559]: deleting file: C:\Users\monal\AppData\Local\Temp\tmpnb\config\Windows2Local\Modes\properties\CssStylesTC.wstcref
[2024-09-21 10:20:49.560]: deleting file: C:\Users\monal\AppData\Local\Temp\tmpnb\config\Windows2Local\Modes\properties\properties.wstcref
[2024-09-21 10:20:49.560]: deleting directory: C:\Users\monal\AppData\Local\Temp\tmpnb\config\Windows2Local\Modes\properties
[2024-09-21 10:20:49.560]: deleting file: C:\Users\monal\AppData\Local\Temp\tmpnb\config\Windows2Local\Modes\properties.wsmode
[2024-09-21 10:20:49.562]: deleting directory: C:\Users\monal\AppData\Local\Temp\tmpnb\config\Windows2Local\Modes\rightSlidingSide
[2024-09-21 10:20:49.562]: deleting file: C:\Users\monal\AppData\Local\Temp\tmpnb\config\Windows2Local\Modes\rightSlidingSide.wsmode
[2024-09-21 10:20:49.562]: deleting directory: C:\Users\monal\AppData\Local\Temp\tmpnb\config\Windows2Local\Modes\topSlidingSide
[2024-09-21 10:20:49.562]: deleting file: C:\Users\monal\AppData\Local\Temp\tmpnb\config\Windows2Local\Modes\topSlidingSide.wsmode
[2024-09-21 10:20:49.563]: deleting directory: C:\Users\monal\AppData\Local\Temp\tmpnb\config\Windows2Local\Modes\webpreview
[2024-09-21 10:20:49.563]: deleting file: C:\Users\monal\AppData\Local\Temp\tmpnb\config\Windows2Local\Modes\webpreview.wsmode
[2024-09-21 10:20:49.564]: deleting directory: C:\Users\monal\AppData\Local\Temp\tmpnb\config\Windows2Local\Modes
[2024-09-21 10:20:49.564]: deleting file: C:\Users\monal\AppData\Local\Temp\tmpnb\config\Windows2Local\WindowManager.wswmgr
[2024-09-21 10:20:49.565]: deleting directory: C:\Users\monal\AppData\Local\Temp\tmpnb\config\Windows2Local
[2024-09-21 10:20:49.565]: deleting directory: C:\Users\monal\AppData\Local\Temp\tmpnb\config
[2024-09-21 10:20:49.565]: deleting file: C:\Users\monal\AppData\Local\Temp\tmpnb\var\cache\all-clusters.dat
[2024-09-21 10:20:49.566]: deleting file: C:\Users\monal\AppData\Local\Temp\tmpnb\var\cache\all-files.dat
[2024-09-21 10:20:49.566]: deleting file: C:\Users\monal\AppData\Local\Temp\tmpnb\var\cache\all-installer.dat
[2024-09-21 10:20:49.566]: deleting file: C:\Users\monal\AppData\Local\Temp\tmpnb\var\cache\all-layers.dat
[2024-09-21 10:20:49.567]: deleting file: C:\Users\monal\AppData\Local\Temp\tmpnb\var\cache\all-local-layers.dat
[2024-09-21 10:20:49.567]: deleting file: C:\Users\monal\AppData\Local\Temp\tmpnb\var\cache\all-manifests.dat
[2024-09-21 10:20:49.567]: deleting file: C:\Users\monal\AppData\Local\Temp\tmpnb\var\cache\all-modules.dat
[2024-09-21 10:20:49.568]: deleting file: C:\Users\monal\AppData\Local\Temp\tmpnb\var\cache\all-resources.dat
[2024-09-21 10:20:49.572]: deleting file: C:\Users\monal\AppData\Local\Temp\tmpnb\var\cache\localeVariants
[2024-09-21 10:20:49.573]: deleting file: C:\Users\monal\AppData\Local\Temp\tmpnb\var\cache\netigso-bundles
[2024-09-21 10:20:49.574]: deleting file: C:\Users\monal\AppData\Local\Temp\tmpnb\var\cache\package-attrs.dat
[2024-09-21 10:20:49.574]: deleting file: C:\Users\monal\AppData\Local\Temp\tmpnb\var\cache\populate.zip
[2024-09-21 10:20:49.575]: deleting directory: C:\Users\monal\AppData\Local\Temp\tmpnb\var\cache
[2024-09-21 10:20:49.575]: deleting file: C:\Users\monal\AppData\Local\Temp\tmpnb\var\log\messages.log
[2024-09-21 10:20:49.577]: deleting file: C:\Users\monal\AppData\Local\Temp\tmpnb\var\log\messages.log.1
[2024-09-21 10:20:49.577]: deleting file: C:\Users\monal\AppData\Local\Temp\tmpnb\var\log\updater.log.0
[2024-09-21 10:20:49.578]: deleting directory: C:\Users\monal\AppData\Local\Temp\tmpnb\var\log
[2024-09-21 10:20:49.578]: deleting directory: C:\Users\monal\AppData\Local\Temp\tmpnb\var
[2024-09-21 10:20:49.578]: deleting directory: C:\Users\monal\AppData\Local\Temp\tmpnb
[2024-09-21 10:20:49.578]:     .... success 
[2024-09-21 10:20:49.578]: add populated caches in installed list: 
[2024-09-21 10:20:49.579]:     .... success 
[2024-09-21 10:20:49.579]:     .... done. 
[2024-09-21 10:20:49.738]:     .... success 
[2024-09-21 10:20:49.745]: Checking if java.awt.Desktop.getDesktop().browse() functionality is supported
[2024-09-21 10:20:49.751]: NameResolver - to parse &Help!
[2024-09-21 10:20:49.752]: NameResolver - to parse < &Back
[2024-09-21 10:20:49.753]: NameResolver - to parse &Finish
[2024-09-21 10:20:49.753]: NameResolver - to parse Cancel
[2024-09-21 10:20:49.753]: NameResolver - to parse &Finish
[2024-09-21 10:20:49.754]: NameResolver - to parse text/html
[2024-09-21 10:20:49.755]: NameResolver - to parse <html><b>Installation completed successfully.</b></html>
[2024-09-21 10:20:49.759]: NameResolver - to parse Setup Complete
[2024-09-21 10:20:49.759]: NameResolver - to parse Setup Complete
[2024-09-21 10:20:49.759]: NameResolver - to parse Setup Complete
[2024-09-21 10:20:49.759]: NameResolver - to parse Setup Complete
[2024-09-21 10:20:49.759]: NameResolver - to parse Click Finish to complete the Apache NetBeans IDE setup.
[2024-09-21 10:20:49.763]: NameResolver - to parse Setup Complete
[2024-09-21 10:20:49.763]: NameResolver - to parse Click Finish to complete the Apache NetBeans IDE setup.
[2024-09-21 10:20:52.807]: NameResolver - to parse C:\Program Files\NetBeans-16
[2024-09-21 10:20:52.807]: Set usage statistics enabled of NetBeans at C:\Program Files\NetBeans-16 to false
[2024-09-21 10:20:52.807]:     child = apisupport
[2024-09-21 10:20:52.807]:     child = bin
[2024-09-21 10:20:52.807]:     child = cpplite
[2024-09-21 10:20:52.808]:     child = DEPENDENCIES
[2024-09-21 10:20:52.808]:     child = enterprise
[2024-09-21 10:20:52.808]:     child = ergonomics
[2024-09-21 10:20:52.808]:     child = etc
[2024-09-21 10:20:52.808]:     child = extide
[2024-09-21 10:20:52.808]:     child = groovy
[2024-09-21 10:20:52.808]:     child = harness
[2024-09-21 10:20:52.808]:     child = ide
[2024-09-21 10:20:52.808]:     child = java
[2024-09-21 10:20:52.808]:     child = javafx
[2024-09-21 10:20:52.808]:     child = LICENSE
[2024-09-21 10:20:52.808]:     child = licenses
[2024-09-21 10:20:52.808]:     child = nb
[2024-09-21 10:20:52.811]: entering -- org.netbeans.installer.wizard.components.actions.FinalizeRegistryAction.execute():46
[2024-09-21 10:20:52.811]: finalizing product registry
[2024-09-21 10:20:52.811]:     ... removing remaining installation data for all the products
[2024-09-21 10:20:52.811]:     ... save local registry if necessary
[2024-09-21 10:20:52.811]:     ... save registry to file C:\Users\monal\.nbi\registry.xml
[2024-09-21 10:20:52.811]:     entering -- org.netbeans.installer.product.Registry.finalizeRegistry():329
[2024-09-21 10:20:52.811]:     saving product registry file
[2024-09-21 10:20:52.811]:         ... getting registry document
[2024-09-21 10:20:52.825]:         ... saving registry document to file C:\Users\monal\.nbi\registry.xml
[2024-09-21 10:20:52.825]:         entering -- org.netbeans.installer.product.Registry.saveProductRegistry():1007
[2024-09-21 10:20:52.825]:         saving document to xml file : C:\Users\monal\.nbi\registry.xml
[2024-09-21 10:20:52.837]:         ... document saved
[2024-09-21 10:20:52.837]:         exiting -- org.netbeans.installer.product.Registry.saveProductRegistry():1007
[2024-09-21 10:20:52.837]:         ... saving XML file succesfully finished
[2024-09-21 10:20:52.837]:     ... saving product registry done
[2024-09-21 10:20:52.837]:     exiting -- org.netbeans.installer.product.Registry.finalizeRegistry():329
[2024-09-21 10:20:52.837]:     ... save state file if necessary
[2024-09-21 10:20:52.837]: finalizing product registry
[2024-09-21 10:20:52.837]: exiting -- org.netbeans.installer.wizard.components.actions.FinalizeRegistryAction.execute():46
